NVIDIA RTX 5000 Ada Generation,dna_r10.4.1_e8.2_400bps_fast@v4.3.0,64,4.04066e+07,1223602688
NVIDIA RTX 5000 Ada Generation,dna_r10.4.1_e8.2_400bps_fast@v4.3.0,128,6.86954e+07,1371934720
NVIDIA RTX 5000 Ada Generation,dna_r10.4.1_e8.2_400bps_fast@v4.3.0,192,9.29217e+07,1518170112
NVIDIA RTX 5000 Ada Generation,dna_r10.4.1_e8.2_400bps_fast@v4.3.0,256,1.09125e+08,1666501120
NVIDIA RTX 5000 Ada Generation,dna_r10.4.1_e8.2_400bps_fast@v4.3.0,320,1.21804e+08,1812736512
NVIDIA RTX 5000 Ada Generation,dna_r10.4.1_e8.2_400bps_fast@v4.3.0,384,1.32405e+08,1958971392
NVIDIA RTX 5000 Ada Generation,dna_r10.4.1_e8.2_400bps_fast@v4.3.0,448,1.36511e+08,2105206784
NVIDIA RTX 5000 Ada Generation,dna_r10.4.1_e8.2_400bps_fast@v4.3.0,512,1.40565e+08,2253537792
NVIDIA RTX 5000 Ada Generation,dna_r10.4.1_e8.2_400bps_fast@v4.3.0,576,1.47411e+08,2399773184
NVIDIA RTX 5000 Ada Generation,dna_r10.4.1_e8.2_400bps_fast@v4.3.0,640,1.51675e+08,2548105216
NVIDIA RTX 5000 Ada Generation,dna_r10.4.1_e8.2_400bps_fast@v4.3.0,704,1.54381e+08,2693454848
NVIDIA RTX 5000 Ada Generation,dna_r10.4.1_e8.2_400bps_fast@v4.3.0,768,1.56016e+08,2840574464
NVIDIA RTX 5000 Ada Generation,dna_r10.4.1_e8.2_400bps_fast@v4.3.0,832,1.49381e+08,2987097600
NVIDIA RTX 5000 Ada Generation,dna_r10.4.1_e8.2_400bps_fast@v4.3.0,896,1.51478e+08,3137130496
NVIDIA RTX 5000 Ada Generation,dna_r10.4.1_e8.2_400bps_fast@v4.3.0,960,1.57005e+08,3283474432
NVIDIA RTX 5000 Ada Generation,dna_r10.4.1_e8.2_400bps_fast@v4.3.0,1024,1.59297e+08,3428610560
NVIDIA RTX 5000 Ada Generation,dna_r10.4.1_e8.2_400bps_fast@v4.3.0,1088,1.59626e+08,3575943680
NVIDIA RTX 5000 Ada Generation,dna_r10.4.1_e8.2_400bps_fast@v4.3.0,1152,1.55861e+08,3722254336
NVIDIA RTX 5000 Ada Generation,dna_r10.4.1_e8.2_400bps_fast@v4.3.0,1216,1.62454e+08,3872929280
NVIDIA RTX 5000 Ada Generation,dna_r10.4.1_e8.2_400bps_fast@v4.3.0,1280,1.62604e+08,4042334720
NVIDIA RTX 5000 Ada Generation,dna_r10.4.1_e8.2_400bps_fast@v4.3.0,1344,1.65304e+08,4163767808
NVIDIA RTX 5000 Ada Generation,dna_r10.4.1_e8.2_400bps_fast@v4.3.0,1408,1.65533e+08,4311638016
NVIDIA RTX 5000 Ada Generation,dna_r10.4.1_e8.2_400bps_fast@v4.3.0,1472,1.63223e+08,4461605888
NVIDIA RTX 5000 Ada Generation,dna_r10.4.1_e8.2_400bps_fast@v4.3.0,1536,1.68674e+08,4605280768
NVIDIA RTX 5000 Ada Generation,dna_r10.4.1_e8.2_400bps_fast@v4.3.0,1600,1.69297e+08,4755248640
NVIDIA RTX 5000 Ada Generation,dna_r10.4.1_e8.2_400bps_fast@v4.3.0,1664,1.64618e+08,4932478976
NVIDIA RTX 5000 Ada Generation,dna_r10.4.1_e8.2_400bps_fast@v4.3.0,1728,1.64635e+08,5047607296
NVIDIA RTX 5000 Ada Generation,dna_r10.4.1_e8.2_400bps_fast@v4.3.0,1792,1.66442e+08,5195298304
NVIDIA RTX 5000 Ada Generation,dna_r10.4.1_e8.2_400bps_fast@v4.3.0,1856,1.68203e+08,5340644864
NVIDIA RTX 5000 Ada Generation,dna_r10.4.1_e8.2_400bps_fast@v4.3.0,1920,1.68367e+08,5490405376
NVIDIA RTX 5000 Ada Generation,dna_r10.4.1_e8.2_400bps_fast@v4.3.0,1984,1.67797e+08,5634081792
NVIDIA RTX 5000 Ada Generation,dna_r10.4.1_e8.2_400bps_fast@v4.3.0,2048,1.69605e+08,5783474688
NVIDIA RTX 5000 Ada Generation,dna_r10.4.1_e8.2_400bps_fast@v4.3.0,2112,1.65141e+08,5972642304
NVIDIA RTX 5000 Ada Generation,dna_r10.4.1_e8.2_400bps_fast@v4.3.0,2176,1.6632e+08,6119267840
NVIDIA RTX 5000 Ada Generation,dna_r10.4.1_e8.2_400bps_fast@v4.3.0,2240,1.64997e+08,6223465472
NVIDIA RTX 5000 Ada Generation,dna_r10.4.1_e8.2_400bps_fast@v4.3.0,2304,1.62633e+08,6369237504
NVIDIA RTX 5000 Ada Generation,dna_r10.4.1_e8.2_400bps_fast@v4.3.0,2368,1.68848e+08,6517493248
NVIDIA RTX 5000 Ada Generation,dna_r10.4.1_e8.2_400bps_fast@v4.3.0,2432,1.58528e+08,6666394112
NVIDIA RTX 5000 Ada Generation,dna_r10.4.1_e8.2_400bps_fast@v4.3.0,2496,1.62764e+08,6809003520
NVIDIA RTX 5000 Ada Generation,dna_r10.4.1_e8.2_400bps_fast@v4.3.0,2560,1.63259e+08,6958621184
NVIDIA RTX 5000 Ada Generation,dna_r10.4.1_e8.2_400bps_fast@v4.3.0,2624,1.67531e+08,7106491904
NVIDIA RTX 5000 Ada Generation,dna_r10.4.1_e8.2_400bps_fast@v4.3.0,2688,1.66784e+08,7251118592
NVIDIA RTX 5000 Ada Generation,dna_r10.4.1_e8.2_400bps_fast@v4.3.0,2752,1.70263e+08,7402509824
NVIDIA RTX 5000 Ada Generation,dna_r10.4.1_e8.2_400bps_fast@v4.3.0,2816,1.66862e+08,7545119232
NVIDIA RTX 5000 Ada Generation,dna_r10.4.1_e8.2_400bps_fast@v4.3.0,2880,1.65923e+08,7694349824
NVIDIA RTX 5000 Ada Generation,dna_r10.4.1_e8.2_400bps_fast@v4.3.0,2944,1.70877e+08,7841648640
NVIDIA RTX 5000 Ada Generation,dna_r10.4.1_e8.2_400bps_fast@v4.3.0,3008,1.66947e+08,7988336128
NVIDIA RTX 5000 Ada Generation,dna_r10.4.1_e8.2_400bps_fast@v4.3.0,3072,1.71714e+08,8196596224
NVIDIA RTX 5000 Ada Generation,dna_r10.4.1_e8.2_400bps_fast@v4.3.0,3136,1.69967e+08,8279028224
NVIDIA RTX 5000 Ada Generation,dna_r10.4.1_e8.2_400bps_fast@v4.3.0,3200,1.66785e+08,8428404736
NVIDIA RTX 5000 Ada Generation,dna_r10.4.1_e8.2_400bps_fast@v4.3.0,3264,1.61989e+08,8577732608
NVIDIA RTX 5000 Ada Generation,dna_r10.4.1_e8.2_400bps_fast@v4.3.0,3328,1.64887e+08,8721646080
NVIDIA RTX 5000 Ada Generation,dna_r10.4.1_e8.2_400bps_fast@v4.3.0,3392,1.70092e+08,8923151872
NVIDIA RTX 5000 Ada Generation,dna_r10.4.1_e8.2_400bps_fast@v4.3.0,3456,1.64739e+08,9012051456
NVIDIA RTX 5000 Ada Generation,dna_r10.4.1_e8.2_400bps_fast@v4.3.0,3520,1.6669e+08,9161995264
NVIDIA RTX 5000 Ada Generation,dna_r10.4.1_e8.2_400bps_fast@v4.3.0,3584,1.70438e+08,9311787520
NVIDIA RTX 5000 Ada Generation,dna_r10.4.1_e8.2_400bps_fast@v4.3.0,3648,1.68487e+08,9457761792
NVIDIA RTX 5000 Ada Generation,dna_r10.4.1_e8.2_400bps_fast@v4.3.0,3712,1.69764e+08,9604565504
NVIDIA RTX 5000 Ada Generation,dna_r10.4.1_e8.2_400bps_fast@v4.3.0,3776,1.72321e+08,9747186176
NVIDIA RTX 5000 Ada Generation,dna_r10.4.1_e8.2_400bps_fast@v4.3.0,3840,1.67781e+08,9897150976
NVIDIA RTX 5000 Ada Generation,dna_r10.4.1_e8.2_400bps_fast@v4.3.0,3904,1.71694e+08,10045021696
NVIDIA RTX 5000 Ada Generation,dna_r10.4.1_e8.2_400bps_fast@v4.3.0,3968,1.65273e+08,10191599104
NVIDIA RTX 5000 Ada Generation,dna_r10.4.1_e8.2_400bps_fast@v4.3.0,4032,1.62336e+08,10338584064
NVIDIA RTX 5000 Ada Generation,dna_r10.4.1_e8.2_400bps_fast@v4.3.0,4096,1.7075e+08,10489582080
NVIDIA RTX 5000 Ada Generation,dna_r10.4.1_e8.2_400bps_fast@v4.3.0,4160,1.624e+08,10632191488
NVIDIA RTX 5000 Ada Generation,dna_r10.4.1_e8.2_400bps_fast@v4.3.0,4224,1.68293e+08,10781372928
NVIDIA RTX 5000 Ada Generation,dna_r10.4.1_e8.2_400bps_fast@v4.3.0,4288,1.70451e+08,10924622336
NVIDIA RTX 5000 Ada Generation,dna_r10.4.1_e8.2_400bps_fast@v4.3.0,4352,1.64335e+08,11072065024
NVIDIA RTX 5000 Ada Generation,dna_r10.4.1_e8.2_400bps_fast@v4.3.0,4416,1.6692e+08,11223600640
NVIDIA RTX 5000 Ada Generation,dna_r10.4.1_e8.2_400bps_fast@v4.3.0,4480,1.6911e+08,11368307200
NVIDIA RTX 5000 Ada Generation,dna_r10.4.1_e8.2_400bps_fast@v4.3.0,4544,1.70593e+08,11515110912
NVIDIA RTX 5000 Ada Generation,dna_r10.4.1_e8.2_400bps_fast@v4.3.0,4608,1.63814e+08,11659817472
NVIDIA RTX 5000 Ada Generation,dna_r10.4.1_e8.2_400bps_fast@v4.3.0,4672,1.69415e+08,11809282560
NVIDIA RTX 5000 Ada Generation,dna_r10.4.1_e8.2_400bps_fast@v4.3.0,4736,1.69025e+08,11956726272
NVIDIA RTX 5000 Ada Generation,dna_r10.4.1_e8.2_400bps_fast@v4.3.0,4800,1.57958e+08,12102072832
NVIDIA RTX 5000 Ada Generation,dna_r10.4.1_e8.2_400bps_fast@v4.3.0,4864,1.63546e+08,12251226624
NVIDIA RTX 5000 Ada Generation,dna_r10.4.1_e8.2_400bps_fast@v4.3.0,4928,1.66851e+08,12395933184
NVIDIA RTX 5000 Ada Generation,dna_r10.4.1_e8.2_400bps_fast@v4.3.0,4992,1.61341e+08,12542736896
NVIDIA RTX 5000 Ada Generation,dna_r10.4.1_e8.2_400bps_fast@v4.3.0,5056,1.60917e+08,12691846656
NVIDIA RTX 5000 Ada Generation,dna_r10.4.1_e8.2_400bps_fast@v4.3.0,5120,1.62519e+08,12835095040
NVIDIA RTX 5000 Ada Generation,dna_r10.4.1_e8.2_400bps_fast@v4.3.0,5184,1.65017e+08,12984635904
NVIDIA RTX 5000 Ada Generation,dna_r10.4.1_e8.2_400bps_fast@v4.3.0,5248,1.65125e+08,13134146048
NVIDIA RTX 5000 Ada Generation,dna_r10.4.1_e8.2_400bps_fast@v4.3.0,5312,1.59365e+08,13278852608
NVIDIA RTX 5000 Ada Generation,dna_r10.4.1_e8.2_400bps_fast@v4.3.0,5376,1.59882e+08,13425656320
NVIDIA RTX 5000 Ada Generation,dna_r10.4.1_e8.2_400bps_fast@v4.3.0,5440,1.62405e+08,13570362880
NVIDIA RTX 5000 Ada Generation,dna_r10.4.1_e8.2_400bps_fast@v4.3.0,5504,1.6435e+08,13723458048
NVIDIA RTX 5000 Ada Generation,dna_r10.4.1_e8.2_400bps_fast@v4.3.0,5568,1.68777e+08,13870261760
NVIDIA RTX 5000 Ada Generation,dna_r10.4.1_e8.2_400bps_fast@v4.3.0,5632,1.6838e+08,14014968320
NVIDIA RTX 5000 Ada Generation,dna_r10.4.1_e8.2_400bps_fast@v4.3.0,5696,1.68858e+08,14161772032
NVIDIA RTX 5000 Ada Generation,dna_r10.4.1_e8.2_400bps_fast@v4.3.0,5760,1.61709e+08,14306478592
NVIDIA RTX 5000 Ada Generation,dna_r10.4.1_e8.2_400bps_fast@v4.3.0,5824,1.61965e+08,14453282304
NVIDIA RTX 5000 Ada Generation,dna_r10.4.1_e8.2_400bps_fast@v4.3.0,5888,1.6499e+08,14606377472
NVIDIA RTX 5000 Ada Generation,dna_r10.4.1_e8.2_400bps_fast@v4.3.0,5952,1.63196e+08,14748986880
NVIDIA RTX 5000 Ada Generation,dna_r10.4.1_e8.2_400bps_fast@v4.3.0,6016,1.69839e+08,14899984896
NVIDIA RTX 5000 Ada Generation,dna_r10.4.1_e8.2_400bps_fast@v4.3.0,6080,1.65906e+08,15040497152
NVIDIA RTX 5000 Ada Generation,dna_r10.4.1_e8.2_400bps_fast@v4.3.0,6144,1.58994e+08,15189398016
NVIDIA RTX 5000 Ada Generation,dna_r10.4.1_e8.2_400bps_fast@v4.3.0,6208,1.64188e+08,15336201728
NVIDIA RTX 5000 Ada Generation,dna_r10.4.1_e8.2_400bps_fast@v4.3.0,6272,1.62734e+08,15480908288
NVIDIA RTX 5000 Ada Generation,dna_r10.4.1_e8.2_400bps_fast@v4.3.0,6336,1.64872e+08,15634003456
NVIDIA RTX 5000 Ada Generation,dna_r10.4.1_e8.2_400bps_fast@v4.3.0,6400,1.55815e+08,15780807168
NVIDIA RTX 5000 Ada Generation,dna_r10.4.1_e8.2_400bps_fast@v4.3.0,6464,1.66039e+08,15925513728
NVIDIA RTX 5000 Ada Generation,dna_r10.4.1_e8.2_400bps_fast@v4.3.0,6528,1.68004e+08,16072317440
NVIDIA RTX 5000 Ada Generation,dna_r10.4.1_e8.2_400bps_fast@v4.3.0,6592,1.52692e+08,16217024000
NVIDIA RTX 5000 Ada Generation,dna_r10.4.1_e8.2_400bps_fast@v4.3.0,6656,1.6313e+08,16365924864
NVIDIA RTX 5000 Ada Generation,dna_r10.4.1_e8.2_400bps_fast@v4.3.0,6720,1.49786e+08,16516922880
NVIDIA RTX 5000 Ada Generation,dna_r10.4.1_e8.2_400bps_fast@v4.3.0,6784,1.62787e+08,16659532288
NVIDIA RTX 5000 Ada Generation,dna_r10.4.1_e8.2_400bps_fast@v4.3.0,6848,1.65065e+08,16808433152
NVIDIA RTX 5000 Ada Generation,dna_r10.4.1_e8.2_400bps_fast@v4.3.0,6912,1.65562e+08,16951042560
NVIDIA RTX 5000 Ada Generation,dna_r10.4.1_e8.2_400bps_fast@v4.3.0,6976,1.69901e+08,17102040576
NVIDIA RTX 5000 Ada Generation,dna_r10.4.1_e8.2_400bps_fast@v4.3.0,7040,1.67558e+08,17246747136
NVIDIA RTX 5000 Ada Generation,dna_r10.4.1_e8.2_400bps_fast@v4.3.0,7104,1.57581e+08,17391453696
NVIDIA RTX 5000 Ada Generation,dna_r10.4.1_e8.2_400bps_fast@v4.3.0,7168,1.61723e+08,17542451712
NVIDIA RTX 5000 Ada Generation,dna_r10.4.1_e8.2_400bps_fast@v4.3.0,7232,1.58816e+08,17687158272
NVIDIA RTX 5000 Ada Generation,dna_r10.4.1_e8.2_400bps_fast@v4.3.0,7296,1.56922e+08,17838156288
NVIDIA RTX 5000 Ada Generation,dna_r10.4.1_e8.2_400bps_fast@v4.3.0,7360,1.54356e+08,17982862848
NVIDIA RTX 5000 Ada Generation,dna_r10.4.1_e8.2_400bps_fast@v4.3.0,7424,1.56172e+08,18127569408
NVIDIA RTX 5000 Ada Generation,dna_r10.4.1_e8.2_400bps_fast@v4.3.0,7488,1.63553e+08,18274373120
NVIDIA RTX 5000 Ada Generation,dna_r10.4.1_e8.2_400bps_fast@v4.3.0,7552,1.67915e+08,18421176832
NVIDIA RTX 5000 Ada Generation,dna_r10.4.1_e8.2_400bps_fast@v4.3.0,7616,1.57114e+08,18572174848
NVIDIA RTX 5000 Ada Generation,dna_r10.4.1_e8.2_400bps_fast@v4.3.0,7680,1.58268e+08,18721075712
NVIDIA RTX 5000 Ada Generation,dna_r10.4.1_e8.2_400bps_fast@v4.3.0,7744,1.58912e+08,18861587968
NVIDIA RTX 5000 Ada Generation,dna_r10.4.1_e8.2_400bps_fast@v4.3.0,7808,1.60702e+08,19010488832
NVIDIA RTX 5000 Ada Generation,dna_r10.4.1_e8.2_400bps_fast@v4.3.0,7872,1.48524e+08,19159389696
NVIDIA RTX 5000 Ada Generation,dna_r10.4.1_e8.2_400bps_fast@v4.3.0,7936,1.62948e+08,19304096256
NVIDIA RTX 5000 Ada Generation,dna_r10.4.1_e8.2_400bps_fast@v4.3.0,8000,1.60244e+08,19455094272
NVIDIA RTX 5000 Ada Generation,dna_r10.4.1_e8.2_400bps_fast@v4.3.0,8064,1.43143e+08,19597703680
NVIDIA RTX 5000 Ada Generation,dna_r10.4.1_e8.2_400bps_fast@v4.3.0,8128,1.56856e+08,19744507392
NVIDIA RTX 5000 Ada Generation,dna_r10.4.1_e8.2_400bps_fast@v4.3.0,8192,1.50118e+08,19895505408
NVIDIA RTX 5000 Ada Generation,dna_r10.4.1_e8.2_400bps_fast@v4.3.0,8256,1.61468e+08,20040211968
NVIDIA RTX 5000 Ada Generation,dna_r10.4.1_e8.2_400bps_fast@v4.3.0,8320,1.51671e+08,20153461248
NVIDIA RTX 5000 Ada Generation,dna_r10.4.1_e8.2_400bps_fast@v4.3.0,8384,1.50885e+08,20262516224
NVIDIA RTX 5000 Ada Generation,dna_r10.4.1_e8.2_400bps_fast@v4.3.0,8448,1.62653e+08,20379959808
NVIDIA RTX 5000 Ada Generation,dna_r10.4.1_e8.2_400bps_fast@v4.3.0,8512,1.53799e+08,20497403392
NVIDIA RTX 5000 Ada Generation,dna_r10.4.1_e8.2_400bps_fast@v4.3.0,8576,1.57625e+08,20606458368
NVIDIA RTX 5000 Ada Generation,dna_r10.4.1_e8.2_400bps_fast@v4.3.0,8640,1.54815e+08,20721804800
NVIDIA RTX 5000 Ada Generation,dna_r10.4.1_e8.2_400bps_fast@v4.3.0,8704,1.60858e+08,20828762624
NVIDIA RTX 5000 Ada Generation,dna_r10.4.1_e8.2_400bps_fast@v4.3.0,8768,1.63225e+08,20944109056
NVIDIA RTX 5000 Ada Generation,dna_r10.4.1_e8.2_400bps_fast@v4.3.0,8832,1.6452e+08,21063649792
NVIDIA RTX 5000 Ada Generation,dna_r10.4.1_e8.2_400bps_fast@v4.3.0,8896,1.64304e+08,21174801920
NVIDIA RTX 5000 Ada Generation,dna_r10.4.1_e8.2_400bps_fast@v4.3.0,8960,1.62622e+08,21422268928
NVIDIA RTX 5000 Ada Generation,dna_r10.4.1_e8.2_400bps_fast@v4.3.0,9024,1.65823e+08,21403397632
NVIDIA RTX 5000 Ada Generation,dna_r10.4.1_e8.2_400bps_fast@v4.3.0,9088,1.61868e+08,21510355456
NVIDIA RTX 5000 Ada Generation,dna_r10.4.1_e8.2_400bps_fast@v4.3.0,9152,1.64546e+08,21627799040
NVIDIA RTX 5000 Ada Generation,dna_r10.4.1_e8.2_400bps_fast@v4.3.0,9216,1.62701e+08,21738951168
NVIDIA RTX 5000 Ada Generation,dna_r10.4.1_e8.2_400bps_fast@v4.3.0,9280,1.57226e+08,21856394752
NVIDIA RTX 5000 Ada Generation,dna_r10.4.1_e8.2_400bps_fast@v4.3.0,9344,1.57359e+08,21971741184
NVIDIA RTX 5000 Ada Generation,dna_r10.4.1_e8.2_400bps_fast@v4.3.0,9408,1.57094e+08,22078699008
NVIDIA RTX 5000 Ada Generation,dna_r10.4.1_e8.2_400bps_fast@v4.3.0,9472,1.57304e+08,22196142592
NVIDIA RTX 5000 Ada Generation,dna_r10.4.1_e8.2_400bps_fast@v4.3.0,9536,1.54897e+08,22305197568
NVIDIA RTX 5000 Ada Generation,dna_r10.4.1_e8.2_400bps_fast@v4.3.0,9600,1.51062e+08,22420544000
NVIDIA RTX 5000 Ada Generation,dna_r10.4.1_e8.2_400bps_fast@v4.3.0,9664,1.5466e+08,22537987584
NVIDIA RTX 5000 Ada Generation,dna_r10.4.1_e8.2_400bps_fast@v4.3.0,9728,1.54123e+08,22647042560
NVIDIA RTX 5000 Ada Generation,dna_r10.4.1_e8.2_400bps_fast@v4.3.0,9792,1.5443e+08,22762388992
NVIDIA RTX 5000 Ada Generation,dna_r10.4.1_e8.2_400bps_fast@v4.3.0,9856,1.52999e+08,22873541120
NVIDIA RTX 5000 Ada Generation,dna_r10.4.1_e8.2_400bps_fast@v4.3.0,9920,1.4027e+08,22986790400
NVIDIA RTX 5000 Ada Generation,dna_r10.4.1_e8.2_400bps_fast@v4.3.0,9984,1.58854e+08,23102136832
NVIDIA RTX 5000 Ada Generation,dna_r10.4.1_e8.2_400bps_fast@v4.3.0,10048,1.50197e+08,23211191808
NVIDIA RTX 5000 Ada Generation,dna_r10.4.1_e8.2_400bps_fast@v4.3.0,10112,1.54529e+08,23330732544
NVIDIA RTX 5000 Ada Generation,dna_r10.4.1_e8.2_400bps_fast@v4.3.0,10176,1.49305e+08,23446078976
NVIDIA RTX 5000 Ada Generation,dna_r10.4.1_e8.2_400bps_fast@v4.3.0,10240,1.48046e+08,23555133952
NVIDIA RTX 5000 Ada Generation,dna_r10.4.1_e8.2_400bps_fast@v5.0.0,64,4.05123e+07,1223282688
NVIDIA RTX 5000 Ada Generation,dna_r10.4.1_e8.2_400bps_fast@v5.0.0,128,6.91239e+07,1371934720
NVIDIA RTX 5000 Ada Generation,dna_r10.4.1_e8.2_400bps_fast@v5.0.0,192,9.27408e+07,1518170112
NVIDIA RTX 5000 Ada Generation,dna_r10.4.1_e8.2_400bps_fast@v5.0.0,256,1.08896e+08,1666501120
NVIDIA RTX 5000 Ada Generation,dna_r10.4.1_e8.2_400bps_fast@v5.0.0,320,1.21463e+08,1812736512
NVIDIA RTX 5000 Ada Generation,dna_r10.4.1_e8.2_400bps_fast@v5.0.0,384,1.32986e+08,1958971392
NVIDIA RTX 5000 Ada Generation,dna_r10.4.1_e8.2_400bps_fast@v5.0.0,448,1.357e+08,2105206784
NVIDIA RTX 5000 Ada Generation,dna_r10.4.1_e8.2_400bps_fast@v5.0.0,512,1.40786e+08,2263773696
NVIDIA RTX 5000 Ada Generation,dna_r10.4.1_e8.2_400bps_fast@v5.0.0,576,1.47207e+08,2399773184
NVIDIA RTX 5000 Ada Generation,dna_r10.4.1_e8.2_400bps_fast@v5.0.0,640,1.51017e+08,2548105216
NVIDIA RTX 5000 Ada Generation,dna_r10.4.1_e8.2_400bps_fast@v5.0.0,704,1.51883e+08,2693454848
NVIDIA RTX 5000 Ada Generation,dna_r10.4.1_e8.2_400bps_fast@v5.0.0,768,1.56105e+08,2840574464
NVIDIA RTX 5000 Ada Generation,dna_r10.4.1_e8.2_400bps_fast@v5.0.0,832,1.48996e+08,2987097600
NVIDIA RTX 5000 Ada Generation,dna_r10.4.1_e8.2_400bps_fast@v5.0.0,896,1.53602e+08,3137130496
NVIDIA RTX 5000 Ada Generation,dna_r10.4.1_e8.2_400bps_fast@v5.0.0,960,1.56628e+08,3283474432
NVIDIA RTX 5000 Ada Generation,dna_r10.4.1_e8.2_400bps_fast@v5.0.0,1024,1.5624e+08,3428610560
NVIDIA RTX 5000 Ada Generation,dna_r10.4.1_e8.2_400bps_fast@v5.0.0,1088,1.62621e+08,3575943680
NVIDIA RTX 5000 Ada Generation,dna_r10.4.1_e8.2_400bps_fast@v5.0.0,1152,1.59893e+08,3722254336
NVIDIA RTX 5000 Ada Generation,dna_r10.4.1_e8.2_400bps_fast@v5.0.0,1216,1.62202e+08,3872929280
NVIDIA RTX 5000 Ada Generation,dna_r10.4.1_e8.2_400bps_fast@v5.0.0,1280,1.6182e+08,4016744960
NVIDIA RTX 5000 Ada Generation,dna_r10.4.1_e8.2_400bps_fast@v5.0.0,1344,1.63993e+08,4163767808
NVIDIA RTX 5000 Ada Generation,dna_r10.4.1_e8.2_400bps_fast@v5.0.0,1408,1.67072e+08,4311638016
NVIDIA RTX 5000 Ada Generation,dna_r10.4.1_e8.2_400bps_fast@v5.0.0,1472,1.66528e+08,4461605888
NVIDIA RTX 5000 Ada Generation,dna_r10.4.1_e8.2_400bps_fast@v5.0.0,1536,1.68595e+08,4605280768
NVIDIA RTX 5000 Ada Generation,dna_r10.4.1_e8.2_400bps_fast@v5.0.0,1600,1.69282e+08,4755248640
NVIDIA RTX 5000 Ada Generation,dna_r10.4.1_e8.2_400bps_fast@v5.0.0,1664,1.65025e+08,4898924544
NVIDIA RTX 5000 Ada Generation,dna_r10.4.1_e8.2_400bps_fast@v5.0.0,1728,1.64005e+08,5047607296
NVIDIA RTX 5000 Ada Generation,dna_r10.4.1_e8.2_400bps_fast@v5.0.0,1792,1.67123e+08,5195298304
NVIDIA RTX 5000 Ada Generation,dna_r10.4.1_e8.2_400bps_fast@v5.0.0,1856,1.66976e+08,5340644864
NVIDIA RTX 5000 Ada Generation,dna_r10.4.1_e8.2_400bps_fast@v5.0.0,1920,1.68656e+08,5490405376
NVIDIA RTX 5000 Ada Generation,dna_r10.4.1_e8.2_400bps_fast@v5.0.0,1984,1.69143e+08,5634081792
NVIDIA RTX 5000 Ada Generation,dna_r10.4.1_e8.2_400bps_fast@v5.0.0,2048,1.67587e+08,5783474688
NVIDIA RTX 5000 Ada Generation,dna_r10.4.1_e8.2_400bps_fast@v5.0.0,2112,1.62598e+08,5930418688
NVIDIA RTX 5000 Ada Generation,dna_r10.4.1_e8.2_400bps_fast@v5.0.0,2176,1.63735e+08,6075765248
NVIDIA RTX 5000 Ada Generation,dna_r10.4.1_e8.2_400bps_fast@v5.0.0,2240,1.65823e+08,6223465472
NVIDIA RTX 5000 Ada Generation,dna_r10.4.1_e8.2_400bps_fast@v5.0.0,2304,1.64518e+08,6369237504
NVIDIA RTX 5000 Ada Generation,dna_r10.4.1_e8.2_400bps_fast@v5.0.0,2368,1.63583e+08,6516745728
NVIDIA RTX 5000 Ada Generation,dna_r10.4.1_e8.2_400bps_fast@v5.0.0,2432,1.6036e+08,6666394112
NVIDIA RTX 5000 Ada Generation,dna_r10.4.1_e8.2_400bps_fast@v5.0.0,2496,1.58772e+08,6809003520
NVIDIA RTX 5000 Ada Generation,dna_r10.4.1_e8.2_400bps_fast@v5.0.0,2560,1.62308e+08,6958621184
NVIDIA RTX 5000 Ada Generation,dna_r10.4.1_e8.2_400bps_fast@v5.0.0,2624,1.62447e+08,7106491904
NVIDIA RTX 5000 Ada Generation,dna_r10.4.1_e8.2_400bps_fast@v5.0.0,2688,1.60289e+08,7251118592
NVIDIA RTX 5000 Ada Generation,dna_r10.4.1_e8.2_400bps_fast@v5.0.0,2752,1.63323e+08,7402509824
NVIDIA RTX 5000 Ada Generation,dna_r10.4.1_e8.2_400bps_fast@v5.0.0,2816,1.63689e+08,7545119232
NVIDIA RTX 5000 Ada Generation,dna_r10.4.1_e8.2_400bps_fast@v5.0.0,2880,1.65639e+08,7694349824
NVIDIA RTX 5000 Ada Generation,dna_r10.4.1_e8.2_400bps_fast@v5.0.0,2944,1.60553e+08,7841648640
NVIDIA RTX 5000 Ada Generation,dna_r10.4.1_e8.2_400bps_fast@v5.0.0,3008,1.68446e+08,7988336128
NVIDIA RTX 5000 Ada Generation,dna_r10.4.1_e8.2_400bps_fast@v5.0.0,3072,1.64028e+08,8133681664
NVIDIA RTX 5000 Ada Generation,dna_r10.4.1_e8.2_400bps_fast@v5.0.0,3136,1.69344e+08,8279028224
NVIDIA RTX 5000 Ada Generation,dna_r10.4.1_e8.2_400bps_fast@v5.0.0,3200,1.66715e+08,8428404736
NVIDIA RTX 5000 Ada Generation,dna_r10.4.1_e8.2_400bps_fast@v5.0.0,3264,1.61859e+08,8577732608
NVIDIA RTX 5000 Ada Generation,dna_r10.4.1_e8.2_400bps_fast@v5.0.0,3328,1.64274e+08,8721646080
NVIDIA RTX 5000 Ada Generation,dna_r10.4.1_e8.2_400bps_fast@v5.0.0,3392,1.6788e+08,8868802048
NVIDIA RTX 5000 Ada Generation,dna_r10.4.1_e8.2_400bps_fast@v5.0.0,3456,1.62406e+08,9012051456
NVIDIA RTX 5000 Ada Generation,dna_r10.4.1_e8.2_400bps_fast@v5.0.0,3520,1.68183e+08,9161995264
NVIDIA RTX 5000 Ada Generation,dna_r10.4.1_e8.2_400bps_fast@v5.0.0,3584,1.7064e+08,9311787520
NVIDIA RTX 5000 Ada Generation,dna_r10.4.1_e8.2_400bps_fast@v5.0.0,3648,1.66476e+08,9457761792
NVIDIA RTX 5000 Ada Generation,dna_r10.4.1_e8.2_400bps_fast@v5.0.0,3712,1.68718e+08,9604565504
NVIDIA RTX 5000 Ada Generation,dna_r10.4.1_e8.2_400bps_fast@v5.0.0,3776,1.66885e+08,9747187712
NVIDIA RTX 5000 Ada Generation,dna_r10.4.1_e8.2_400bps_fast@v5.0.0,3840,1.67833e+08,9897150976
NVIDIA RTX 5000 Ada Generation,dna_r10.4.1_e8.2_400bps_fast@v5.0.0,3904,1.68907e+08,10045021696
NVIDIA RTX 5000 Ada Generation,dna_r10.4.1_e8.2_400bps_fast@v5.0.0,3968,1.64808e+08,10191599104
NVIDIA RTX 5000 Ada Generation,dna_r10.4.1_e8.2_400bps_fast@v5.0.0,4032,1.68298e+08,10338584064
NVIDIA RTX 5000 Ada Generation,dna_r10.4.1_e8.2_400bps_fast@v5.0.0,4096,1.6161e+08,10489582080
NVIDIA RTX 5000 Ada Generation,dna_r10.4.1_e8.2_400bps_fast@v5.0.0,4160,1.67158e+08,10632191488
NVIDIA RTX 5000 Ada Generation,dna_r10.4.1_e8.2_400bps_fast@v5.0.0,4224,1.69429e+08,10781372928
NVIDIA RTX 5000 Ada Generation,dna_r10.4.1_e8.2_400bps_fast@v5.0.0,4288,1.61901e+08,10924622336
NVIDIA RTX 5000 Ada Generation,dna_r10.4.1_e8.2_400bps_fast@v5.0.0,4352,1.64797e+08,11072065024
NVIDIA RTX 5000 Ada Generation,dna_r10.4.1_e8.2_400bps_fast@v5.0.0,4416,1.68432e+08,11223600640
NVIDIA RTX 5000 Ada Generation,dna_r10.4.1_e8.2_400bps_fast@v5.0.0,4480,1.62018e+08,11368307200
NVIDIA RTX 5000 Ada Generation,dna_r10.4.1_e8.2_400bps_fast@v5.0.0,4544,1.64635e+08,11515110912
NVIDIA RTX 5000 Ada Generation,dna_r10.4.1_e8.2_400bps_fast@v5.0.0,4608,1.67002e+08,11659817472
NVIDIA RTX 5000 Ada Generation,dna_r10.4.1_e8.2_400bps_fast@v5.0.0,4672,1.69064e+08,11809282560
NVIDIA RTX 5000 Ada Generation,dna_r10.4.1_e8.2_400bps_fast@v5.0.0,4736,1.71082e+08,11956726272
NVIDIA RTX 5000 Ada Generation,dna_r10.4.1_e8.2_400bps_fast@v5.0.0,4800,1.64463e+08,12102072832
NVIDIA RTX 5000 Ada Generation,dna_r10.4.1_e8.2_400bps_fast@v5.0.0,4864,1.65659e+08,12251226624
NVIDIA RTX 5000 Ada Generation,dna_r10.4.1_e8.2_400bps_fast@v5.0.0,4928,1.67924e+08,12395933184
NVIDIA RTX 5000 Ada Generation,dna_r10.4.1_e8.2_400bps_fast@v5.0.0,4992,1.62028e+08,12542736896
NVIDIA RTX 5000 Ada Generation,dna_r10.4.1_e8.2_400bps_fast@v5.0.0,5056,1.6419e+08,12691846656
NVIDIA RTX 5000 Ada Generation,dna_r10.4.1_e8.2_400bps_fast@v5.0.0,5120,1.63942e+08,12835095040
NVIDIA RTX 5000 Ada Generation,dna_r10.4.1_e8.2_400bps_fast@v5.0.0,5184,1.64457e+08,12984635904
NVIDIA RTX 5000 Ada Generation,dna_r10.4.1_e8.2_400bps_fast@v5.0.0,5248,1.66894e+08,13134146048
NVIDIA RTX 5000 Ada Generation,dna_r10.4.1_e8.2_400bps_fast@v5.0.0,5312,1.61347e+08,13278852608
NVIDIA RTX 5000 Ada Generation,dna_r10.4.1_e8.2_400bps_fast@v5.0.0,5376,1.59816e+08,13425656320
NVIDIA RTX 5000 Ada Generation,dna_r10.4.1_e8.2_400bps_fast@v5.0.0,5440,1.6143e+08,13570362880
NVIDIA RTX 5000 Ada Generation,dna_r10.4.1_e8.2_400bps_fast@v5.0.0,5504,1.63892e+08,13723458048
NVIDIA RTX 5000 Ada Generation,dna_r10.4.1_e8.2_400bps_fast@v5.0.0,5568,1.68255e+08,13870261760
NVIDIA RTX 5000 Ada Generation,dna_r10.4.1_e8.2_400bps_fast@v5.0.0,5632,1.57485e+08,14014968320
NVIDIA RTX 5000 Ada Generation,dna_r10.4.1_e8.2_400bps_fast@v5.0.0,5696,1.59423e+08,14161772032
NVIDIA RTX 5000 Ada Generation,dna_r10.4.1_e8.2_400bps_fast@v5.0.0,5760,1.61055e+08,14306478592
NVIDIA RTX 5000 Ada Generation,dna_r10.4.1_e8.2_400bps_fast@v5.0.0,5824,1.62057e+08,14570722816
NVIDIA RTX 5000 Ada Generation,dna_r10.4.1_e8.2_400bps_fast@v5.0.0,5888,1.65257e+08,14606377472
NVIDIA RTX 5000 Ada Generation,dna_r10.4.1_e8.2_400bps_fast@v5.0.0,5952,1.55445e+08,14748986880
NVIDIA RTX 5000 Ada Generation,dna_r10.4.1_e8.2_400bps_fast@v5.0.0,6016,1.56761e+08,14899984896
NVIDIA RTX 5000 Ada Generation,dna_r10.4.1_e8.2_400bps_fast@v5.0.0,6080,1.5422e+08,15040497152
NVIDIA RTX 5000 Ada Generation,dna_r10.4.1_e8.2_400bps_fast@v5.0.0,6144,1.58344e+08,15189398016
NVIDIA RTX 5000 Ada Generation,dna_r10.4.1_e8.2_400bps_fast@v5.0.0,6208,1.60592e+08,15336201728
NVIDIA RTX 5000 Ada Generation,dna_r10.4.1_e8.2_400bps_fast@v5.0.0,6272,1.62976e+08,15480908288
NVIDIA RTX 5000 Ada Generation,dna_r10.4.1_e8.2_400bps_fast@v5.0.0,6336,1.62926e+08,15634003456
NVIDIA RTX 5000 Ada Generation,dna_r10.4.1_e8.2_400bps_fast@v5.0.0,6400,1.64479e+08,15780807168
NVIDIA RTX 5000 Ada Generation,dna_r10.4.1_e8.2_400bps_fast@v5.0.0,6464,1.58156e+08,15925513728
NVIDIA RTX 5000 Ada Generation,dna_r10.4.1_e8.2_400bps_fast@v5.0.0,6528,1.56567e+08,16072317440
NVIDIA RTX 5000 Ada Generation,dna_r10.4.1_e8.2_400bps_fast@v5.0.0,6592,1.58391e+08,16217024000
NVIDIA RTX 5000 Ada Generation,dna_r10.4.1_e8.2_400bps_fast@v5.0.0,6656,1.56812e+08,16365924864
NVIDIA RTX 5000 Ada Generation,dna_r10.4.1_e8.2_400bps_fast@v5.0.0,6720,1.60323e+08,16516922880
NVIDIA RTX 5000 Ada Generation,dna_r10.4.1_e8.2_400bps_fast@v5.0.0,6784,1.52269e+08,16659532288
NVIDIA RTX 5000 Ada Generation,dna_r10.4.1_e8.2_400bps_fast@v5.0.0,6848,1.51615e+08,16808433152
NVIDIA RTX 5000 Ada Generation,dna_r10.4.1_e8.2_400bps_fast@v5.0.0,6912,1.51624e+08,16951042560
NVIDIA RTX 5000 Ada Generation,dna_r10.4.1_e8.2_400bps_fast@v5.0.0,6976,1.55232e+08,17102040576
NVIDIA RTX 5000 Ada Generation,dna_r10.4.1_e8.2_400bps_fast@v5.0.0,7040,1.53316e+08,17246747136
NVIDIA RTX 5000 Ada Generation,dna_r10.4.1_e8.2_400bps_fast@v5.0.0,7104,1.47488e+08,17391453696
NVIDIA RTX 5000 Ada Generation,dna_r10.4.1_e8.2_400bps_fast@v5.0.0,7168,1.61836e+08,17542451712
NVIDIA RTX 5000 Ada Generation,dna_r10.4.1_e8.2_400bps_fast@v5.0.0,7232,1.47249e+08,17687158272
NVIDIA RTX 5000 Ada Generation,dna_r10.4.1_e8.2_400bps_fast@v5.0.0,7296,1.51489e+08,17838156288
NVIDIA RTX 5000 Ada Generation,dna_r10.4.1_e8.2_400bps_fast@v5.0.0,7360,1.65217e+08,17982862848
NVIDIA RTX 5000 Ada Generation,dna_r10.4.1_e8.2_400bps_fast@v5.0.0,7424,1.53829e+08,18127569408
NVIDIA RTX 5000 Ada Generation,dna_r10.4.1_e8.2_400bps_fast@v5.0.0,7488,1.54543e+08,18274373120
NVIDIA RTX 5000 Ada Generation,dna_r10.4.1_e8.2_400bps_fast@v5.0.0,7552,1.52558e+08,18421176832
NVIDIA RTX 5000 Ada Generation,dna_r10.4.1_e8.2_400bps_fast@v5.0.0,7616,1.57215e+08,18572174848
NVIDIA RTX 5000 Ada Generation,dna_r10.4.1_e8.2_400bps_fast@v5.0.0,7680,1.42563e+08,18721075712
NVIDIA RTX 5000 Ada Generation,dna_r10.4.1_e8.2_400bps_fast@v5.0.0,7744,1.42637e+08,18861587968
NVIDIA RTX 5000 Ada Generation,dna_r10.4.1_e8.2_400bps_fast@v5.0.0,7808,1.46771e+08,19010488832
NVIDIA RTX 5000 Ada Generation,dna_r10.4.1_e8.2_400bps_fast@v5.0.0,7872,1.57909e+08,19159389696
NVIDIA RTX 5000 Ada Generation,dna_r10.4.1_e8.2_400bps_fast@v5.0.0,7936,1.4613e+08,19304096256
NVIDIA RTX 5000 Ada Generation,dna_r10.4.1_e8.2_400bps_fast@v5.0.0,8000,1.48904e+08,19455094272
NVIDIA RTX 5000 Ada Generation,dna_r10.4.1_e8.2_400bps_fast@v5.0.0,8064,1.6006e+08,19597703680
NVIDIA RTX 5000 Ada Generation,dna_r10.4.1_e8.2_400bps_fast@v5.0.0,8128,1.6628e+08,19744507392
NVIDIA RTX 5000 Ada Generation,dna_r10.4.1_e8.2_400bps_fast@v5.0.0,8192,1.67333e+08,20021334528
NVIDIA RTX 5000 Ada Generation,dna_r10.4.1_e8.2_400bps_fast@v5.0.0,8256,1.54384e+08,20040211968
NVIDIA RTX 5000 Ada Generation,dna_r10.4.1_e8.2_400bps_fast@v5.0.0,8320,1.55731e+08,20153461248
NVIDIA RTX 5000 Ada Generation,dna_r10.4.1_e8.2_400bps_fast@v5.0.0,8384,1.56965e+08,20262516224
NVIDIA RTX 5000 Ada Generation,dna_r10.4.1_e8.2_400bps_fast@v5.0.0,8448,1.45263e+08,20379959808
NVIDIA RTX 5000 Ada Generation,dna_r10.4.1_e8.2_400bps_fast@v5.0.0,8512,1.53369e+08,20497403392
NVIDIA RTX 5000 Ada Generation,dna_r10.4.1_e8.2_400bps_fast@v5.0.0,8576,1.56532e+08,20606458368
NVIDIA RTX 5000 Ada Generation,dna_r10.4.1_e8.2_400bps_fast@v5.0.0,8640,1.51883e+08,20721804800
NVIDIA RTX 5000 Ada Generation,dna_r10.4.1_e8.2_400bps_fast@v5.0.0,8704,1.60753e+08,20828762624
NVIDIA RTX 5000 Ada Generation,dna_r10.4.1_e8.2_400bps_fast@v5.0.0,8768,1.63462e+08,20944109056
NVIDIA RTX 5000 Ada Generation,dna_r10.4.1_e8.2_400bps_fast@v5.0.0,8832,1.63881e+08,21063649792
NVIDIA RTX 5000 Ada Generation,dna_r10.4.1_e8.2_400bps_fast@v5.0.0,8896,1.58746e+08,21174801920
NVIDIA RTX 5000 Ada Generation,dna_r10.4.1_e8.2_400bps_fast@v5.0.0,8960,1.65817e+08,21288051200
NVIDIA RTX 5000 Ada Generation,dna_r10.4.1_e8.2_400bps_fast@v5.0.0,9024,1.63858e+08,21403397632
NVIDIA RTX 5000 Ada Generation,dna_r10.4.1_e8.2_400bps_fast@v5.0.0,9088,1.53013e+08,21510355456
NVIDIA RTX 5000 Ada Generation,dna_r10.4.1_e8.2_400bps_fast@v5.0.0,9152,1.61372e+08,21627799040
NVIDIA RTX 5000 Ada Generation,dna_r10.4.1_e8.2_400bps_fast@v5.0.0,9216,1.54347e+08,21738951168
NVIDIA RTX 5000 Ada Generation,dna_r10.4.1_e8.2_400bps_fast@v5.0.0,9280,1.62881e+08,21856394752
NVIDIA RTX 5000 Ada Generation,dna_r10.4.1_e8.2_400bps_fast@v5.0.0,9344,1.56015e+08,21971741184
NVIDIA RTX 5000 Ada Generation,dna_r10.4.1_e8.2_400bps_fast@v5.0.0,9408,1.62293e+08,22078699008
NVIDIA RTX 5000 Ada Generation,dna_r10.4.1_e8.2_400bps_fast@v5.0.0,9472,1.59943e+08,22196142592
NVIDIA RTX 5000 Ada Generation,dna_r10.4.1_e8.2_400bps_fast@v5.0.0,9536,1.58952e+08,22449901056
NVIDIA RTX 5000 Ada Generation,dna_r10.4.1_e8.2_400bps_fast@v5.0.0,9600,1.48207e+08,22420544000
NVIDIA RTX 5000 Ada Generation,dna_r10.4.1_e8.2_400bps_fast@v5.0.0,9664,1.57474e+08,22537987584
NVIDIA RTX 5000 Ada Generation,dna_r10.4.1_e8.2_400bps_fast@v5.0.0,9728,1.57436e+08,22647042560
NVIDIA RTX 5000 Ada Generation,dna_r10.4.1_e8.2_400bps_fast@v5.0.0,9792,1.53482e+08,22762388992
NVIDIA RTX 5000 Ada Generation,dna_r10.4.1_e8.2_400bps_fast@v5.0.0,9856,1.52685e+08,22873541120
NVIDIA RTX 5000 Ada Generation,dna_r10.4.1_e8.2_400bps_fast@v5.0.0,9920,1.52322e+08,22986790400
NVIDIA RTX 5000 Ada Generation,dna_r10.4.1_e8.2_400bps_fast@v5.0.0,9984,1.57867e+08,23102136832
NVIDIA RTX 5000 Ada Generation,dna_r10.4.1_e8.2_400bps_fast@v5.0.0,10048,1.63521e+08,23211191808
NVIDIA RTX 5000 Ada Generation,dna_r10.4.1_e8.2_400bps_fast@v5.0.0,10112,1.44302e+08,23330732544
NVIDIA RTX 5000 Ada Generation,dna_r10.4.1_e8.2_400bps_fast@v5.0.0,10176,1.5291e+08,23446078976
NVIDIA RTX 5000 Ada Generation,dna_r10.4.1_e8.2_400bps_fast@v5.0.0,10240,1.6035e+08,23555133952
NVIDIA RTX 5000 Ada Generation,dna_r10.4.1_e8.2_400bps_fast@v5.2.0,64,3.80444e+07,1223602688
NVIDIA RTX 5000 Ada Generation,dna_r10.4.1_e8.2_400bps_fast@v5.2.0,128,6.43686e+07,1371934720
NVIDIA RTX 5000 Ada Generation,dna_r10.4.1_e8.2_400bps_fast@v5.2.0,192,8.83975e+07,1518170112
NVIDIA RTX 5000 Ada Generation,dna_r10.4.1_e8.2_400bps_fast@v5.2.0,256,1.04064e+08,1666501120
NVIDIA RTX 5000 Ada Generation,dna_r10.4.1_e8.2_400bps_fast@v5.2.0,320,1.16367e+08,1812736512
NVIDIA RTX 5000 Ada Generation,dna_r10.4.1_e8.2_400bps_fast@v5.2.0,384,1.26988e+08,1958971392
NVIDIA RTX 5000 Ada Generation,dna_r10.4.1_e8.2_400bps_fast@v5.2.0,448,1.32007e+08,2105206784
NVIDIA RTX 5000 Ada Generation,dna_r10.4.1_e8.2_400bps_fast@v5.2.0,512,1.38794e+08,2253537792
NVIDIA RTX 5000 Ada Generation,dna_r10.4.1_e8.2_400bps_fast@v5.2.0,576,1.43549e+08,2399773184
NVIDIA RTX 5000 Ada Generation,dna_r10.4.1_e8.2_400bps_fast@v5.2.0,640,1.46055e+08,2560900096
NVIDIA RTX 5000 Ada Generation,dna_r10.4.1_e8.2_400bps_fast@v5.2.0,704,1.50097e+08,2693454848
NVIDIA RTX 5000 Ada Generation,dna_r10.4.1_e8.2_400bps_fast@v5.2.0,768,1.52313e+08,2840574464
NVIDIA RTX 5000 Ada Generation,dna_r10.4.1_e8.2_400bps_fast@v5.2.0,832,1.44e+08,2987097600
NVIDIA RTX 5000 Ada Generation,dna_r10.4.1_e8.2_400bps_fast@v5.2.0,896,1.48811e+08,3137064960
NVIDIA RTX 5000 Ada Generation,dna_r10.4.1_e8.2_400bps_fast@v5.2.0,960,1.53219e+08,3283474432
NVIDIA RTX 5000 Ada Generation,dna_r10.4.1_e8.2_400bps_fast@v5.2.0,1024,1.55101e+08,3428610560
NVIDIA RTX 5000 Ada Generation,dna_r10.4.1_e8.2_400bps_fast@v5.2.0,1088,1.57477e+08,3575943680
NVIDIA RTX 5000 Ada Generation,dna_r10.4.1_e8.2_400bps_fast@v5.2.0,1152,1.59664e+08,3722254336
NVIDIA RTX 5000 Ada Generation,dna_r10.4.1_e8.2_400bps_fast@v5.2.0,1216,1.60028e+08,3872929280
NVIDIA RTX 5000 Ada Generation,dna_r10.4.1_e8.2_400bps_fast@v5.2.0,1280,1.60823e+08,4016744960
NVIDIA RTX 5000 Ada Generation,dna_r10.4.1_e8.2_400bps_fast@v5.2.0,1344,1.63517e+08,4163767808
NVIDIA RTX 5000 Ada Generation,dna_r10.4.1_e8.2_400bps_fast@v5.2.0,1408,1.65724e+08,4311638016
NVIDIA RTX 5000 Ada Generation,dna_r10.4.1_e8.2_400bps_fast@v5.2.0,1472,1.63198e+08,4461605888
NVIDIA RTX 5000 Ada Generation,dna_r10.4.1_e8.2_400bps_fast@v5.2.0,1536,1.64459e+08,4605280768
NVIDIA RTX 5000 Ada Generation,dna_r10.4.1_e8.2_400bps_fast@v5.2.0,1600,1.65986e+08,4755248640
NVIDIA RTX 5000 Ada Generation,dna_r10.4.1_e8.2_400bps_fast@v5.2.0,1664,1.59434e+08,4898924544
NVIDIA RTX 5000 Ada Generation,dna_r10.4.1_e8.2_400bps_fast@v5.2.0,1728,1.63808e+08,5082153984
NVIDIA RTX 5000 Ada Generation,dna_r10.4.1_e8.2_400bps_fast@v5.2.0,1792,1.63326e+08,5194730496
NVIDIA RTX 5000 Ada Generation,dna_r10.4.1_e8.2_400bps_fast@v5.2.0,1856,1.65746e+08,5340644864
NVIDIA RTX 5000 Ada Generation,dna_r10.4.1_e8.2_400bps_fast@v5.2.0,1920,1.68437e+08,5490405376
NVIDIA RTX 5000 Ada Generation,dna_r10.4.1_e8.2_400bps_fast@v5.2.0,1984,1.65168e+08,5634081792
NVIDIA RTX 5000 Ada Generation,dna_r10.4.1_e8.2_400bps_fast@v5.2.0,2048,1.66002e+08,5783474688
NVIDIA RTX 5000 Ada Generation,dna_r10.4.1_e8.2_400bps_fast@v5.2.0,2112,1.64819e+08,5972642304
NVIDIA RTX 5000 Ada Generation,dna_r10.4.1_e8.2_400bps_fast@v5.2.0,2176,1.64075e+08,6075765248
NVIDIA RTX 5000 Ada Generation,dna_r10.4.1_e8.2_400bps_fast@v5.2.0,2240,1.64196e+08,6270279680
NVIDIA RTX 5000 Ada Generation,dna_r10.4.1_e8.2_400bps_fast@v5.2.0,2304,1.65757e+08,6369275392
NVIDIA RTX 5000 Ada Generation,dna_r10.4.1_e8.2_400bps_fast@v5.2.0,2368,1.6441e+08,6564834816
NVIDIA RTX 5000 Ada Generation,dna_r10.4.1_e8.2_400bps_fast@v5.2.0,2432,1.6059e+08,6665966592
NVIDIA RTX 5000 Ada Generation,dna_r10.4.1_e8.2_400bps_fast@v5.2.0,2496,1.59243e+08,6809003520
NVIDIA RTX 5000 Ada Generation,dna_r10.4.1_e8.2_400bps_fast@v5.2.0,2560,1.57948e+08,6958621184
NVIDIA RTX 5000 Ada Generation,dna_r10.4.1_e8.2_400bps_fast@v5.2.0,2624,1.59227e+08,7161017856
NVIDIA RTX 5000 Ada Generation,dna_r10.4.1_e8.2_400bps_fast@v5.2.0,2688,1.62002e+08,7251118592
NVIDIA RTX 5000 Ada Generation,dna_r10.4.1_e8.2_400bps_fast@v5.2.0,2752,1.58479e+08,7402509824
NVIDIA RTX 5000 Ada Generation,dna_r10.4.1_e8.2_400bps_fast@v5.2.0,2816,1.61792e+08,7545119232
NVIDIA RTX 5000 Ada Generation,dna_r10.4.1_e8.2_400bps_fast@v5.2.0,2880,1.66979e+08,7694349824
NVIDIA RTX 5000 Ada Generation,dna_r10.4.1_e8.2_400bps_fast@v5.2.0,2944,1.62646e+08,7841648640
NVIDIA RTX 5000 Ada Generation,dna_r10.4.1_e8.2_400bps_fast@v5.2.0,3008,1.6769e+08,7988336128
NVIDIA RTX 5000 Ada Generation,dna_r10.4.1_e8.2_400bps_fast@v5.2.0,3072,1.66395e+08,8133681664
NVIDIA RTX 5000 Ada Generation,dna_r10.4.1_e8.2_400bps_fast@v5.2.0,3136,1.61652e+08,8279028224
NVIDIA RTX 5000 Ada Generation,dna_r10.4.1_e8.2_400bps_fast@v5.2.0,3200,1.64917e+08,8428404736
NVIDIA RTX 5000 Ada Generation,dna_r10.4.1_e8.2_400bps_fast@v5.2.0,3264,1.62253e+08,8577732608
NVIDIA RTX 5000 Ada Generation,dna_r10.4.1_e8.2_400bps_fast@v5.2.0,3328,1.64694e+08,8721646080
NVIDIA RTX 5000 Ada Generation,dna_r10.4.1_e8.2_400bps_fast@v5.2.0,3392,1.61721e+08,8868802048
NVIDIA RTX 5000 Ada Generation,dna_r10.4.1_e8.2_400bps_fast@v5.2.0,3456,1.65044e+08,9012051456
NVIDIA RTX 5000 Ada Generation,dna_r10.4.1_e8.2_400bps_fast@v5.2.0,3520,1.6144e+08,9161995264
NVIDIA RTX 5000 Ada Generation,dna_r10.4.1_e8.2_400bps_fast@v5.2.0,3584,1.63347e+08,9311787520
NVIDIA RTX 5000 Ada Generation,dna_r10.4.1_e8.2_400bps_fast@v5.2.0,3648,1.65113e+08,9457761792
NVIDIA RTX 5000 Ada Generation,dna_r10.4.1_e8.2_400bps_fast@v5.2.0,3712,1.64552e+08,9604565504
NVIDIA RTX 5000 Ada Generation,dna_r10.4.1_e8.2_400bps_fast@v5.2.0,3776,1.64039e+08,9747187712
NVIDIA RTX 5000 Ada Generation,dna_r10.4.1_e8.2_400bps_fast@v5.2.0,3840,1.6303e+08,9897150976
NVIDIA RTX 5000 Ada Generation,dna_r10.4.1_e8.2_400bps_fast@v5.2.0,3904,1.62732e+08,10045021696
NVIDIA RTX 5000 Ada Generation,dna_r10.4.1_e8.2_400bps_fast@v5.2.0,3968,1.67332e+08,10191599104
NVIDIA RTX 5000 Ada Generation,dna_r10.4.1_e8.2_400bps_fast@v5.2.0,4032,1.60345e+08,10338584064
NVIDIA RTX 5000 Ada Generation,dna_r10.4.1_e8.2_400bps_fast@v5.2.0,4096,1.63251e+08,10489582080
NVIDIA RTX 5000 Ada Generation,dna_r10.4.1_e8.2_400bps_fast@v5.2.0,4160,1.65466e+08,10632191488
NVIDIA RTX 5000 Ada Generation,dna_r10.4.1_e8.2_400bps_fast@v5.2.0,4224,1.60177e+08,10781372928
NVIDIA RTX 5000 Ada Generation,dna_r10.4.1_e8.2_400bps_fast@v5.2.0,4288,1.61558e+08,10924622336
NVIDIA RTX 5000 Ada Generation,dna_r10.4.1_e8.2_400bps_fast@v5.2.0,4352,1.6412e+08,11072065024
NVIDIA RTX 5000 Ada Generation,dna_r10.4.1_e8.2_400bps_fast@v5.2.0,4416,1.61021e+08,11223600640
NVIDIA RTX 5000 Ada Generation,dna_r10.4.1_e8.2_400bps_fast@v5.2.0,4480,1.6014e+08,11368307200
NVIDIA RTX 5000 Ada Generation,dna_r10.4.1_e8.2_400bps_fast@v5.2.0,4544,1.63435e+08,11515110912
NVIDIA RTX 5000 Ada Generation,dna_r10.4.1_e8.2_400bps_fast@v5.2.0,4608,1.66976e+08,11659817472
NVIDIA RTX 5000 Ada Generation,dna_r10.4.1_e8.2_400bps_fast@v5.2.0,4672,1.66586e+08,11809282560
NVIDIA RTX 5000 Ada Generation,dna_r10.4.1_e8.2_400bps_fast@v5.2.0,4736,1.6285e+08,11956726272
NVIDIA RTX 5000 Ada Generation,dna_r10.4.1_e8.2_400bps_fast@v5.2.0,4800,1.61944e+08,12102072832
NVIDIA RTX 5000 Ada Generation,dna_r10.4.1_e8.2_400bps_fast@v5.2.0,4864,1.64164e+08,12251226624
NVIDIA RTX 5000 Ada Generation,dna_r10.4.1_e8.2_400bps_fast@v5.2.0,4928,1.5864e+08,12395933184
NVIDIA RTX 5000 Ada Generation,dna_r10.4.1_e8.2_400bps_fast@v5.2.0,4992,1.58958e+08,12542736896
NVIDIA RTX 5000 Ada Generation,dna_r10.4.1_e8.2_400bps_fast@v5.2.0,5056,1.61139e+08,12691846656
NVIDIA RTX 5000 Ada Generation,dna_r10.4.1_e8.2_400bps_fast@v5.2.0,5120,1.59328e+08,12835095040
NVIDIA RTX 5000 Ada Generation,dna_r10.4.1_e8.2_400bps_fast@v5.2.0,5184,1.64094e+08,12984635904
NVIDIA RTX 5000 Ada Generation,dna_r10.4.1_e8.2_400bps_fast@v5.2.0,5248,1.55742e+08,13134146048
NVIDIA RTX 5000 Ada Generation,dna_r10.4.1_e8.2_400bps_fast@v5.2.0,5312,1.5895e+08,13278852608
NVIDIA RTX 5000 Ada Generation,dna_r10.4.1_e8.2_400bps_fast@v5.2.0,5376,1.60855e+08,13425656320
NVIDIA RTX 5000 Ada Generation,dna_r10.4.1_e8.2_400bps_fast@v5.2.0,5440,1.61172e+08,13570362880
NVIDIA RTX 5000 Ada Generation,dna_r10.4.1_e8.2_400bps_fast@v5.2.0,5504,1.64545e+08,13723458048
NVIDIA RTX 5000 Ada Generation,dna_r10.4.1_e8.2_400bps_fast@v5.2.0,5568,1.59267e+08,13870261760
NVIDIA RTX 5000 Ada Generation,dna_r10.4.1_e8.2_400bps_fast@v5.2.0,5632,1.57677e+08,14014968320
NVIDIA RTX 5000 Ada Generation,dna_r10.4.1_e8.2_400bps_fast@v5.2.0,5696,1.5789e+08,14161772032
NVIDIA RTX 5000 Ada Generation,dna_r10.4.1_e8.2_400bps_fast@v5.2.0,5760,1.60806e+08,14306478592
NVIDIA RTX 5000 Ada Generation,dna_r10.4.1_e8.2_400bps_fast@v5.2.0,5824,1.63872e+08,14453282304
NVIDIA RTX 5000 Ada Generation,dna_r10.4.1_e8.2_400bps_fast@v5.2.0,5888,1.54402e+08,14696555008
NVIDIA RTX 5000 Ada Generation,dna_r10.4.1_e8.2_400bps_fast@v5.2.0,5952,1.55375e+08,14748986880
NVIDIA RTX 5000 Ada Generation,dna_r10.4.1_e8.2_400bps_fast@v5.2.0,6016,1.56317e+08,14899984896
NVIDIA RTX 5000 Ada Generation,dna_r10.4.1_e8.2_400bps_fast@v5.2.0,6080,1.54272e+08,15040497152
NVIDIA RTX 5000 Ada Generation,dna_r10.4.1_e8.2_400bps_fast@v5.2.0,6144,1.54327e+08,15189398016
NVIDIA RTX 5000 Ada Generation,dna_r10.4.1_e8.2_400bps_fast@v5.2.0,6208,1.59848e+08,15336201728
NVIDIA RTX 5000 Ada Generation,dna_r10.4.1_e8.2_400bps_fast@v5.2.0,6272,1.62242e+08,15480908288
NVIDIA RTX 5000 Ada Generation,dna_r10.4.1_e8.2_400bps_fast@v5.2.0,6336,1.62106e+08,15634003456
NVIDIA RTX 5000 Ada Generation,dna_r10.4.1_e8.2_400bps_fast@v5.2.0,6400,1.57452e+08,15780807168
NVIDIA RTX 5000 Ada Generation,dna_r10.4.1_e8.2_400bps_fast@v5.2.0,6464,1.54495e+08,15925513728
NVIDIA RTX 5000 Ada Generation,dna_r10.4.1_e8.2_400bps_fast@v5.2.0,6528,1.5681e+08,16072317440
NVIDIA RTX 5000 Ada Generation,dna_r10.4.1_e8.2_400bps_fast@v5.2.0,6592,1.56467e+08,16217024000
NVIDIA RTX 5000 Ada Generation,dna_r10.4.1_e8.2_400bps_fast@v5.2.0,6656,1.59252e+08,16365924864
NVIDIA RTX 5000 Ada Generation,dna_r10.4.1_e8.2_400bps_fast@v5.2.0,6720,1.60729e+08,16516922880
NVIDIA RTX 5000 Ada Generation,dna_r10.4.1_e8.2_400bps_fast@v5.2.0,6784,1.62202e+08,16659532288
NVIDIA RTX 5000 Ada Generation,dna_r10.4.1_e8.2_400bps_fast@v5.2.0,6848,1.55036e+08,16808433152
NVIDIA RTX 5000 Ada Generation,dna_r10.4.1_e8.2_400bps_fast@v5.2.0,6912,1.5341e+08,16951042560
NVIDIA RTX 5000 Ada Generation,dna_r10.4.1_e8.2_400bps_fast@v5.2.0,6976,1.55086e+08,17102040576
NVIDIA RTX 5000 Ada Generation,dna_r10.4.1_e8.2_400bps_fast@v5.2.0,7040,1.55036e+08,17246747136
NVIDIA RTX 5000 Ada Generation,dna_r10.4.1_e8.2_400bps_fast@v5.2.0,7104,1.45142e+08,17391453696
NVIDIA RTX 5000 Ada Generation,dna_r10.4.1_e8.2_400bps_fast@v5.2.0,7168,1.61913e+08,17542451712
NVIDIA RTX 5000 Ada Generation,dna_r10.4.1_e8.2_400bps_fast@v5.2.0,7232,1.59746e+08,17687158272
NVIDIA RTX 5000 Ada Generation,dna_r10.4.1_e8.2_400bps_fast@v5.2.0,7296,1.61467e+08,17838156288
NVIDIA RTX 5000 Ada Generation,dna_r10.4.1_e8.2_400bps_fast@v5.2.0,7360,1.509e+08,17982862848
NVIDIA RTX 5000 Ada Generation,dna_r10.4.1_e8.2_400bps_fast@v5.2.0,7424,1.49736e+08,18127569408
NVIDIA RTX 5000 Ada Generation,dna_r10.4.1_e8.2_400bps_fast@v5.2.0,7488,1.52276e+08,18274373120
NVIDIA RTX 5000 Ada Generation,dna_r10.4.1_e8.2_400bps_fast@v5.2.0,7552,1.56853e+08,18421176832
NVIDIA RTX 5000 Ada Generation,dna_r10.4.1_e8.2_400bps_fast@v5.2.0,7616,1.53046e+08,18572174848
NVIDIA RTX 5000 Ada Generation,dna_r10.4.1_e8.2_400bps_fast@v5.2.0,7680,1.54385e+08,18721075712
NVIDIA RTX 5000 Ada Generation,dna_r10.4.1_e8.2_400bps_fast@v5.2.0,7744,1.52951e+08,18861587968
NVIDIA RTX 5000 Ada Generation,dna_r10.4.1_e8.2_400bps_fast@v5.2.0,7808,1.51375e+08,19010488832
NVIDIA RTX 5000 Ada Generation,dna_r10.4.1_e8.2_400bps_fast@v5.2.0,7872,1.57396e+08,19159389696
NVIDIA RTX 5000 Ada Generation,dna_r10.4.1_e8.2_400bps_fast@v5.2.0,7936,1.5076e+08,19304096256
NVIDIA RTX 5000 Ada Generation,dna_r10.4.1_e8.2_400bps_fast@v5.2.0,8000,1.48217e+08,19455094272
NVIDIA RTX 5000 Ada Generation,dna_r10.4.1_e8.2_400bps_fast@v5.2.0,8064,1.50879e+08,19597703680
NVIDIA RTX 5000 Ada Generation,dna_r10.4.1_e8.2_400bps_fast@v5.2.0,8128,1.49908e+08,19744507392
NVIDIA RTX 5000 Ada Generation,dna_r10.4.1_e8.2_400bps_fast@v5.2.0,8192,1.49982e+08,19895505408
NVIDIA RTX 5000 Ada Generation,dna_r10.4.1_e8.2_400bps_fast@v5.2.0,8256,1.57897e+08,20040211968
NVIDIA RTX 5000 Ada Generation,dna_r10.4.1_e8.2_400bps_fast@v5.2.0,8320,1.61953e+08,20153461248
NVIDIA RTX 5000 Ada Generation,dna_r10.4.1_e8.2_400bps_fast@v5.2.0,8384,1.53998e+08,20262516224
NVIDIA RTX 5000 Ada Generation,dna_r10.4.1_e8.2_400bps_fast@v5.2.0,8448,1.51348e+08,20379959808
NVIDIA RTX 5000 Ada Generation,dna_r10.4.1_e8.2_400bps_fast@v5.2.0,8512,1.5772e+08,20497403392
NVIDIA RTX 5000 Ada Generation,dna_r10.4.1_e8.2_400bps_fast@v5.2.0,8576,1.60747e+08,20734384640
NVIDIA RTX 5000 Ada Generation,dna_r10.4.1_e8.2_400bps_fast@v5.2.0,8640,1.60215e+08,20721804800
NVIDIA RTX 5000 Ada Generation,dna_r10.4.1_e8.2_400bps_fast@v5.2.0,8704,1.57868e+08,20828762624
NVIDIA RTX 5000 Ada Generation,dna_r10.4.1_e8.2_400bps_fast@v5.2.0,8768,1.61722e+08,20944109056
NVIDIA RTX 5000 Ada Generation,dna_r10.4.1_e8.2_400bps_fast@v5.2.0,8832,1.60356e+08,21063649792
NVIDIA RTX 5000 Ada Generation,dna_r10.4.1_e8.2_400bps_fast@v5.2.0,8896,1.61836e+08,21174801920
NVIDIA RTX 5000 Ada Generation,dna_r10.4.1_e8.2_400bps_fast@v5.2.0,8960,1.58562e+08,21288051200
NVIDIA RTX 5000 Ada Generation,dna_r10.4.1_e8.2_400bps_fast@v5.2.0,9024,1.60501e+08,21403397632
NVIDIA RTX 5000 Ada Generation,dna_r10.4.1_e8.2_400bps_fast@v5.2.0,9088,1.59057e+08,21510355456
NVIDIA RTX 5000 Ada Generation,dna_r10.4.1_e8.2_400bps_fast@v5.2.0,9152,1.54975e+08,21627799040
NVIDIA RTX 5000 Ada Generation,dna_r10.4.1_e8.2_400bps_fast@v5.2.0,9216,1.60463e+08,21738951168
NVIDIA RTX 5000 Ada Generation,dna_r10.4.1_e8.2_400bps_fast@v5.2.0,9280,1.59919e+08,21856394752
NVIDIA RTX 5000 Ada Generation,dna_r10.4.1_e8.2_400bps_fast@v5.2.0,9344,1.47107e+08,21971741184
NVIDIA RTX 5000 Ada Generation,dna_r10.4.1_e8.2_400bps_fast@v5.2.0,9408,1.56208e+08,22078699008
NVIDIA RTX 5000 Ada Generation,dna_r10.4.1_e8.2_400bps_fast@v5.2.0,9472,1.50935e+08,22196142592
NVIDIA RTX 5000 Ada Generation,dna_r10.4.1_e8.2_400bps_fast@v5.2.0,9536,1.55435e+08,22305197568
NVIDIA RTX 5000 Ada Generation,dna_r10.4.1_e8.2_400bps_fast@v5.2.0,9600,1.47536e+08,22420544000
NVIDIA RTX 5000 Ada Generation,dna_r10.4.1_e8.2_400bps_fast@v5.2.0,9664,1.48126e+08,22537987584
NVIDIA RTX 5000 Ada Generation,dna_r10.4.1_e8.2_400bps_fast@v5.2.0,9728,1.55741e+08,22647042560
NVIDIA RTX 5000 Ada Generation,dna_r10.4.1_e8.2_400bps_fast@v5.2.0,9792,1.55995e+08,22762388992
NVIDIA RTX 5000 Ada Generation,dna_r10.4.1_e8.2_400bps_fast@v5.2.0,9856,1.4213e+08,22873541120
NVIDIA RTX 5000 Ada Generation,dna_r10.4.1_e8.2_400bps_fast@v5.2.0,9920,1.50602e+08,22986790400
NVIDIA RTX 5000 Ada Generation,dna_r10.4.1_e8.2_400bps_fast@v5.2.0,9984,1.49634e+08,23102136832
NVIDIA RTX 5000 Ada Generation,dna_r10.4.1_e8.2_400bps_fast@v5.2.0,10048,1.56517e+08,23211191808
NVIDIA RTX 5000 Ada Generation,dna_r10.4.1_e8.2_400bps_fast@v5.2.0,10112,1.50471e+08,23330732544
NVIDIA RTX 5000 Ada Generation,dna_r10.4.1_e8.2_400bps_fast@v5.2.0,10176,1.53656e+08,23446078976
NVIDIA RTX 5000 Ada Generation,dna_r10.4.1_e8.2_400bps_fast@v5.2.0,10240,1.52934e+08,23555133952
NVIDIA RTX 5000 Ada Generation,dna_r10.4.1_e8.2_400bps_hac@v4.3.0,64,1.52807e+07,411070464
NVIDIA RTX 5000 Ada Generation,dna_r10.4.1_e8.2_400bps_hac@v4.3.0,128,3.01285e+07,802537984
NVIDIA RTX 5000 Ada Generation,dna_r10.4.1_e8.2_400bps_hac@v4.3.0,192,3.93119e+07,1193392640
NVIDIA RTX 5000 Ada Generation,dna_r10.4.1_e8.2_400bps_hac@v4.3.0,256,4.97674e+07,1580404736
NVIDIA RTX 5000 Ada Generation,dna_r10.4.1_e8.2_400bps_hac@v4.3.0,320,5.93237e+07,1973501440
NVIDIA RTX 5000 Ada Generation,dna_r10.4.1_e8.2_400bps_hac@v4.3.0,384,6.22899e+07,2360438272
NVIDIA RTX 5000 Ada Generation,dna_r10.4.1_e8.2_400bps_hac@v4.3.0,448,6.40895e+07,2752979968
NVIDIA RTX 5000 Ada Generation,dna_r10.4.1_e8.2_400bps_hac@v4.3.0,512,6.9418e+07,3153247232
NVIDIA RTX 5000 Ada Generation,dna_r10.4.1_e8.2_400bps_hac@v4.3.0,576,5.87245e+07,3537244160
NVIDIA RTX 5000 Ada Generation,dna_r10.4.1_e8.2_400bps_hac@v4.3.0,640,6.41367e+07,3925929984
NVIDIA RTX 5000 Ada Generation,dna_r10.4.1_e8.2_400bps_hac@v4.3.0,704,6.6916e+07,4309499392
NVIDIA RTX 5000 Ada Generation,dna_r10.4.1_e8.2_400bps_hac@v4.3.0,768,7.08087e+07,4716852224
NVIDIA RTX 5000 Ada Generation,dna_r10.4.1_e8.2_400bps_hac@v4.3.0,832,7.33183e+07,5111653888
NVIDIA RTX 5000 Ada Generation,dna_r10.4.1_e8.2_400bps_hac@v4.3.0,896,7.09038e+07,5504574976
NVIDIA RTX 5000 Ada Generation,dna_r10.4.1_e8.2_400bps_hac@v4.3.0,960,7.8848e+07,5890575872
NVIDIA RTX 5000 Ada Generation,dna_r10.4.1_e8.2_400bps_hac@v4.3.0,1024,8.18823e+07,6292017152
NVIDIA RTX 5000 Ada Generation,dna_r10.4.1_e8.2_400bps_hac@v4.3.0,1088,7.21761e+07,6675194880
NVIDIA RTX 5000 Ada Generation,dna_r10.4.1_e8.2_400bps_hac@v4.3.0,1152,7.52229e+07,7067970048
NVIDIA RTX 5000 Ada Generation,dna_r10.4.1_e8.2_400bps_hac@v4.3.0,1216,7.0783e+07,7459714048
NVIDIA RTX 5000 Ada Generation,dna_r10.4.1_e8.2_400bps_hac@v4.3.0,1280,7.97192e+07,7849790464
NVIDIA RTX 5000 Ada Generation,dna_r10.4.1_e8.2_400bps_hac@v4.3.0,1344,7.81113e+07,8259472384
NVIDIA RTX 5000 Ada Generation,dna_r10.4.1_e8.2_400bps_hac@v4.3.0,1408,8.46598e+07,8598225408
NVIDIA RTX 5000 Ada Generation,dna_r10.4.1_e8.2_400bps_hac@v4.3.0,1472,8.13649e+07,8994866688
NVIDIA RTX 5000 Ada Generation,dna_r10.4.1_e8.2_400bps_hac@v4.3.0,1536,8.46493e+07,9421052416
NVIDIA RTX 5000 Ada Generation,dna_r10.4.1_e8.2_400bps_hac@v4.3.0,1600,7.89004e+07,9809918464
NVIDIA RTX 5000 Ada Generation,dna_r10.4.1_e8.2_400bps_hac@v4.3.0,1664,9.33059e+07,10195156480
NVIDIA RTX 5000 Ada Generation,dna_r10.4.1_e8.2_400bps_hac@v4.3.0,1728,8.45818e+07,10594501120
NVIDIA RTX 5000 Ada Generation,dna_r10.4.1_e8.2_400bps_hac@v4.3.0,1792,9.32776e+07,10982394880
NVIDIA RTX 5000 Ada Generation,dna_r10.4.1_e8.2_400bps_hac@v4.3.0,1856,8.78474e+07,11372081664
NVIDIA RTX 5000 Ada Generation,dna_r10.4.1_e8.2_400bps_hac@v4.3.0,1920,8.89213e+07,11763623424
NVIDIA RTX 5000 Ada Generation,dna_r10.4.1_e8.2_400bps_hac@v4.3.0,1984,8.69085e+07,12154078720
NVIDIA RTX 5000 Ada Generation,dna_r10.4.1_e8.2_400bps_hac@v4.3.0,2048,9.48975e+07,12553231872
NVIDIA RTX 5000 Ada Generation,dna_r10.4.1_e8.2_400bps_hac@v4.3.0,2112,7.66695e+07,12946294784
NVIDIA RTX 5000 Ada Generation,dna_r10.4.1_e8.2_400bps_hac@v4.3.0,2176,7.88558e+07,13283634176
NVIDIA RTX 5000 Ada Generation,dna_r10.4.1_e8.2_400bps_hac@v4.3.0,2240,7.87805e+07,13734904320
NVIDIA RTX 5000 Ada Generation,dna_r10.4.1_e8.2_400bps_hac@v4.3.0,2304,7.8927e+07,14107526144
NVIDIA RTX 5000 Ada Generation,dna_r10.4.1_e8.2_400bps_hac@v4.3.0,2368,8.13373e+07,14461756416
NVIDIA RTX 5000 Ada Generation,dna_r10.4.1_e8.2_400bps_hac@v4.3.0,2432,8.29809e+07,14921986560
NVIDIA RTX 5000 Ada Generation,dna_r10.4.1_e8.2_400bps_hac@v4.3.0,2496,7.82464e+07,15282062848
NVIDIA RTX 5000 Ada Generation,dna_r10.4.1_e8.2_400bps_hac@v4.3.0,2560,8.25027e+07,15689527296
NVIDIA RTX 5000 Ada Generation,dna_r10.4.1_e8.2_400bps_hac@v4.3.0,2624,7.93625e+07,16070166016
NVIDIA RTX 5000 Ada Generation,dna_r10.4.1_e8.2_400bps_hac@v4.3.0,2688,7.87943e+07,16462108672
NVIDIA RTX 5000 Ada Generation,dna_r10.4.1_e8.2_400bps_hac@v4.3.0,2752,9.10542e+07,16856979968
NVIDIA RTX 5000 Ada Generation,dna_r10.4.1_e8.2_400bps_hac@v4.3.0,2816,7.7072e+07,17260383744
NVIDIA RTX 5000 Ada Generation,dna_r10.4.1_e8.2_400bps_hac@v4.3.0,2880,8.4775e+07,17630879744
NVIDIA RTX 5000 Ada Generation,dna_r10.4.1_e8.2_400bps_hac@v4.3.0,2944,7.4722e+07,18027503616
NVIDIA RTX 5000 Ada Generation,dna_r10.4.1_e8.2_400bps_hac@v4.3.0,3008,9.32452e+07,18436112384
NVIDIA RTX 5000 Ada Generation,dna_r10.4.1_e8.2_400bps_hac@v4.3.0,3072,8.92813e+07,18812615680
NVIDIA RTX 5000 Ada Generation,dna_r10.4.1_e8.2_400bps_hac@v4.3.0,3136,8.09895e+07,19192584192
NVIDIA RTX 5000 Ada Generation,dna_r10.4.1_e8.2_400bps_hac@v4.3.0,3200,8.22884e+07,19524142080
NVIDIA RTX 5000 Ada Generation,dna_r10.4.1_e8.2_400bps_hac@v4.3.0,3264,8.22342e+07,19981587456
NVIDIA RTX 5000 Ada Generation,dna_r10.4.1_e8.2_400bps_hac@v4.3.0,3328,8.99112e+07,20310223360
NVIDIA RTX 5000 Ada Generation,dna_r10.4.1_e8.2_400bps_hac@v4.3.0,3392,8.47078e+07,20696069120
NVIDIA RTX 5000 Ada Generation,dna_r10.4.1_e8.2_400bps_hac@v4.3.0,3456,8.94863e+07,21159768064
NVIDIA RTX 5000 Ada Generation,dna_r10.4.1_e8.2_400bps_hac@v4.3.0,3520,8.87726e+07,21476658688
NVIDIA RTX 5000 Ada Generation,dna_r10.4.1_e8.2_400bps_hac@v4.3.0,3584,8.70803e+07,21953116160
NVIDIA RTX 5000 Ada Generation,dna_r10.4.1_e8.2_400bps_hac@v4.3.0,3648,8.44318e+07,22369614336
NVIDIA RTX 5000 Ada Generation,dna_r10.4.1_e8.2_400bps_hac@v4.3.0,3712,9.06172e+07,22651117568
NVIDIA RTX 5000 Ada Generation,dna_r10.4.1_e8.2_400bps_hac@v4.3.0,3776,7.63815e+07,23055910400
NVIDIA RTX 5000 Ada Generation,dna_r10.4.1_e8.2_400bps_hac@v4.3.0,3840,8.88559e+07,23421404160
NVIDIA RTX 5000 Ada Generation,dna_r10.4.1_e8.2_400bps_hac@v4.3.0,3904,8.58766e+07,23827820544
NVIDIA RTX 5000 Ada Generation,dna_r10.4.1_e8.2_400bps_hac@v4.3.0,3968,8.18191e+07,24200381440
NVIDIA RTX 5000 Ada Generation,dna_r10.4.1_e8.2_400bps_hac@v4.3.0,4032,8.73946e+07,24587568128
NVIDIA RTX 5000 Ada Generation,dna_r10.4.1_e8.2_400bps_hac@v4.3.0,4096,9.79441e+07,25021000192
NVIDIA RTX 5000 Ada Generation,dna_r10.4.1_e8.2_400bps_hac@v4.3.0,4160,7.97571e+07,25375736320
NVIDIA RTX 5000 Ada Generation,dna_r10.4.1_e8.2_400bps_hac@v4.3.0,4224,7.45007e+07,25791311360
NVIDIA RTX 5000 Ada Generation,dna_r10.4.1_e8.2_400bps_hac@v4.3.0,4288,8.34043e+07,26165761024
NVIDIA RTX 5000 Ada Generation,dna_r10.4.1_e8.2_400bps_hac@v4.3.0,4352,7.73627e+07,26554375168
NVIDIA RTX 5000 Ada Generation,dna_r10.4.1_e8.2_400bps_hac@v4.3.0,4416,8.64675e+07,26961671680
NVIDIA RTX 5000 Ada Generation,dna_r10.4.1_e8.2_400bps_hac@v4.3.0,4480,7.66661e+07,27344606208
NVIDIA RTX 5000 Ada Generation,dna_r10.4.1_e8.2_400bps_hac@v4.3.0,4544,8.42251e+07,27708132864
NVIDIA RTX 5000 Ada Generation,dna_r10.4.1_e8.2_400bps_hac@v4.3.0,4608,8.11432e+07,28115275776
NVIDIA RTX 5000 Ada Generation,dna_r10.4.1_e8.2_400bps_hac@v4.3.0,4672,8.5746e+07,28507365376
NVIDIA RTX 5000 Ada Generation,dna_r10.4.1_e8.2_400bps_hac@v4.3.0,4736,8.15671e+07,28911148544
NVIDIA RTX 5000 Ada Generation,dna_r10.4.1_e8.2_400bps_hac@v4.3.0,4800,8.82081e+07,29269080064
NVIDIA RTX 5000 Ada Generation,dna_r10.4.1_e8.2_400bps_hac@v4.3.0,4864,8.014e+07,29660362752
NVIDIA RTX 5000 Ada Generation,dna_r10.4.1_e8.2_400bps_hac@v5.0.0,64,1.57812e+07,411172352
NVIDIA RTX 5000 Ada Generation,dna_r10.4.1_e8.2_400bps_hac@v5.0.0,128,2.8694e+07,814673408
NVIDIA RTX 5000 Ada Generation,dna_r10.4.1_e8.2_400bps_hac@v5.0.0,192,4.14022e+07,1193399808
NVIDIA RTX 5000 Ada Generation,dna_r10.4.1_e8.2_400bps_hac@v5.0.0,256,5.13444e+07,1581495808
NVIDIA RTX 5000 Ada Generation,dna_r10.4.1_e8.2_400bps_hac@v5.0.0,320,5.88154e+07,1972462592
NVIDIA RTX 5000 Ada Generation,dna_r10.4.1_e8.2_400bps_hac@v5.0.0,384,6.52695e+07,2366016512
NVIDIA RTX 5000 Ada Generation,dna_r10.4.1_e8.2_400bps_hac@v5.0.0,448,6.57463e+07,2749323776
NVIDIA RTX 5000 Ada Generation,dna_r10.4.1_e8.2_400bps_hac@v5.0.0,512,6.71486e+07,3144313856
NVIDIA RTX 5000 Ada Generation,dna_r10.4.1_e8.2_400bps_hac@v5.0.0,576,5.8923e+07,3533294592
NVIDIA RTX 5000 Ada Generation,dna_r10.4.1_e8.2_400bps_hac@v5.0.0,640,6.33373e+07,3925001216
NVIDIA RTX 5000 Ada Generation,dna_r10.4.1_e8.2_400bps_hac@v5.0.0,704,6.69105e+07,4332180992
NVIDIA RTX 5000 Ada Generation,dna_r10.4.1_e8.2_400bps_hac@v5.0.0,768,7.05942e+07,4716852224
NVIDIA RTX 5000 Ada Generation,dna_r10.4.1_e8.2_400bps_hac@v5.0.0,832,6.9121e+07,5114286592
NVIDIA RTX 5000 Ada Generation,dna_r10.4.1_e8.2_400bps_hac@v5.0.0,896,6.571e+07,5502154752
NVIDIA RTX 5000 Ada Generation,dna_r10.4.1_e8.2_400bps_hac@v5.0.0,960,7.87229e+07,5905121792
NVIDIA RTX 5000 Ada Generation,dna_r10.4.1_e8.2_400bps_hac@v5.0.0,1024,7.96174e+07,6289853440
NVIDIA RTX 5000 Ada Generation,dna_r10.4.1_e8.2_400bps_hac@v5.0.0,1088,7.30722e+07,6676879872
NVIDIA RTX 5000 Ada Generation,dna_r10.4.1_e8.2_400bps_hac@v5.0.0,1152,7.39696e+07,7067553280
NVIDIA RTX 5000 Ada Generation,dna_r10.4.1_e8.2_400bps_hac@v5.0.0,1216,7.45349e+07,7458193408
NVIDIA RTX 5000 Ada Generation,dna_r10.4.1_e8.2_400bps_hac@v5.0.0,1280,7.08158e+07,7847888384
NVIDIA RTX 5000 Ada Generation,dna_r10.4.1_e8.2_400bps_hac@v5.0.0,1344,7.68828e+07,8240024576
NVIDIA RTX 5000 Ada Generation,dna_r10.4.1_e8.2_400bps_hac@v5.0.0,1408,8.46201e+07,8636852224
NVIDIA RTX 5000 Ada Generation,dna_r10.4.1_e8.2_400bps_hac@v5.0.0,1472,7.97682e+07,9046883328
NVIDIA RTX 5000 Ada Generation,dna_r10.4.1_e8.2_400bps_hac@v5.0.0,1536,8.74338e+07,9426406400
NVIDIA RTX 5000 Ada Generation,dna_r10.4.1_e8.2_400bps_hac@v5.0.0,1600,8.49468e+07,9777378816
NVIDIA RTX 5000 Ada Generation,dna_r10.4.1_e8.2_400bps_hac@v5.0.0,1664,9.1791e+07,10196072960
NVIDIA RTX 5000 Ada Generation,dna_r10.4.1_e8.2_400bps_hac@v5.0.0,1728,8.85217e+07,10588400640
NVIDIA RTX 5000 Ada Generation,dna_r10.4.1_e8.2_400bps_hac@v5.0.0,1792,9.13268e+07,10987980800
NVIDIA RTX 5000 Ada Generation,dna_r10.4.1_e8.2_400bps_hac@v5.0.0,1856,9.09011e+07,11383805952
NVIDIA RTX 5000 Ada Generation,dna_r10.4.1_e8.2_400bps_hac@v5.0.0,1920,9.22922e+07,11715889664
NVIDIA RTX 5000 Ada Generation,dna_r10.4.1_e8.2_400bps_hac@v5.0.0,1984,9.36914e+07,12165517312
NVIDIA RTX 5000 Ada Generation,dna_r10.4.1_e8.2_400bps_hac@v5.0.0,2048,9.47001e+07,12552475136
NVIDIA RTX 5000 Ada Generation,dna_r10.4.1_e8.2_400bps_hac@v5.0.0,2112,7.85369e+07,12942245888
NVIDIA RTX 5000 Ada Generation,dna_r10.4.1_e8.2_400bps_hac@v5.0.0,2176,7.82694e+07,13327245824
NVIDIA RTX 5000 Ada Generation,dna_r10.4.1_e8.2_400bps_hac@v5.0.0,2240,7.85812e+07,13720739328
NVIDIA RTX 5000 Ada Generation,dna_r10.4.1_e8.2_400bps_hac@v5.0.0,2304,7.65882e+07,14108501504
NVIDIA RTX 5000 Ada Generation,dna_r10.4.1_e8.2_400bps_hac@v5.0.0,2368,7.66666e+07,14523544576
NVIDIA RTX 5000 Ada Generation,dna_r10.4.1_e8.2_400bps_hac@v5.0.0,2432,7.40557e+07,14898793984
NVIDIA RTX 5000 Ada Generation,dna_r10.4.1_e8.2_400bps_hac@v5.0.0,2496,8.28538e+07,15231760384
NVIDIA RTX 5000 Ada Generation,dna_r10.4.1_e8.2_400bps_hac@v5.0.0,2560,8.4662e+07,15624863232
NVIDIA RTX 5000 Ada Generation,dna_r10.4.1_e8.2_400bps_hac@v5.0.0,2624,7.94596e+07,16068917248
NVIDIA RTX 5000 Ada Generation,dna_r10.4.1_e8.2_400bps_hac@v5.0.0,2688,7.63322e+07,16467603456
NVIDIA RTX 5000 Ada Generation,dna_r10.4.1_e8.2_400bps_hac@v5.0.0,2752,8.4171e+07,16856891904
NVIDIA RTX 5000 Ada Generation,dna_r10.4.1_e8.2_400bps_hac@v5.0.0,2816,7.97602e+07,17241924096
NVIDIA RTX 5000 Ada Generation,dna_r10.4.1_e8.2_400bps_hac@v5.0.0,2880,8.44153e+07,17576633856
NVIDIA RTX 5000 Ada Generation,dna_r10.4.1_e8.2_400bps_hac@v5.0.0,2944,8.30222e+07,18026786304
NVIDIA RTX 5000 Ada Generation,dna_r10.4.1_e8.2_400bps_hac@v5.0.0,3008,9.30278e+07,18359686656
NVIDIA RTX 5000 Ada Generation,dna_r10.4.1_e8.2_400bps_hac@v5.0.0,3072,8.33297e+07,18812622336
NVIDIA RTX 5000 Ada Generation,dna_r10.4.1_e8.2_400bps_hac@v5.0.0,3136,7.95703e+07,19203781120
NVIDIA RTX 5000 Ada Generation,dna_r10.4.1_e8.2_400bps_hac@v5.0.0,3200,8.44279e+07,19620206080
NVIDIA RTX 5000 Ada Generation,dna_r10.4.1_e8.2_400bps_hac@v5.0.0,3264,8.56193e+07,20011635712
NVIDIA RTX 5000 Ada Generation,dna_r10.4.1_e8.2_400bps_hac@v5.0.0,3328,9.05365e+07,20372161024
NVIDIA RTX 5000 Ada Generation,dna_r10.4.1_e8.2_400bps_hac@v5.0.0,3392,7.95442e+07,20695653888
NVIDIA RTX 5000 Ada Generation,dna_r10.4.1_e8.2_400bps_hac@v5.0.0,3456,8.75593e+07,21160035328
NVIDIA RTX 5000 Ada Generation,dna_r10.4.1_e8.2_400bps_hac@v5.0.0,3520,8.38907e+07,21550153216
NVIDIA RTX 5000 Ada Generation,dna_r10.4.1_e8.2_400bps_hac@v5.0.0,3584,9.35073e+07,21956379136
NVIDIA RTX 5000 Ada Generation,dna_r10.4.1_e8.2_400bps_hac@v5.0.0,3648,8.59995e+07,22334726656
NVIDIA RTX 5000 Ada Generation,dna_r10.4.1_e8.2_400bps_hac@v5.0.0,3712,8.99719e+07,22630177792
NVIDIA RTX 5000 Ada Generation,dna_r10.4.1_e8.2_400bps_hac@v5.0.0,3776,8.18152e+07,23113352704
NVIDIA RTX 5000 Ada Generation,dna_r10.4.1_e8.2_400bps_hac@v5.0.0,3840,8.81272e+07,23517480448
NVIDIA RTX 5000 Ada Generation,dna_r10.4.1_e8.2_400bps_hac@v5.0.0,3904,7.52082e+07,23817861120
NVIDIA RTX 5000 Ada Generation,dna_r10.4.1_e8.2_400bps_hac@v5.0.0,3968,8.31171e+07,24187793920
NVIDIA RTX 5000 Ada Generation,dna_r10.4.1_e8.2_400bps_hac@v5.0.0,4032,9.10252e+07,24592883200
NVIDIA RTX 5000 Ada Generation,dna_r10.4.1_e8.2_400bps_hac@v5.0.0,4096,8.74385e+07,24978773504
NVIDIA RTX 5000 Ada Generation,dna_r10.4.1_e8.2_400bps_hac@v5.0.0,4160,8.34622e+07,25395520512
NVIDIA RTX 5000 Ada Generation,dna_r10.4.1_e8.2_400bps_hac@v5.0.0,4224,7.76179e+07,25785697280
NVIDIA RTX 5000 Ada Generation,dna_r10.4.1_e8.2_400bps_hac@v5.0.0,4288,8.36e+07,26243015168
NVIDIA RTX 5000 Ada Generation,dna_r10.4.1_e8.2_400bps_hac@v5.0.0,4352,7.65643e+07,26554082304
NVIDIA RTX 5000 Ada Generation,dna_r10.4.1_e8.2_400bps_hac@v5.0.0,4416,8.49822e+07,26929196544
NVIDIA RTX 5000 Ada Generation,dna_r10.4.1_e8.2_400bps_hac@v5.0.0,4480,7.92988e+07,27323074560
NVIDIA RTX 5000 Ada Generation,dna_r10.4.1_e8.2_400bps_hac@v5.0.0,4544,8.47689e+07,27700977152
NVIDIA RTX 5000 Ada Generation,dna_r10.4.1_e8.2_400bps_hac@v5.0.0,4608,8.3274e+07,28115232768
NVIDIA RTX 5000 Ada Generation,dna_r10.4.1_e8.2_400bps_hac@v5.0.0,4672,8.61377e+07,28504323072
NVIDIA RTX 5000 Ada Generation,dna_r10.4.1_e8.2_400bps_hac@v5.0.0,4736,8.3152e+07,28887455232
NVIDIA RTX 5000 Ada Generation,dna_r10.4.1_e8.2_400bps_hac@v5.0.0,4800,8.55507e+07,29309487104
NVIDIA RTX 5000 Ada Generation,dna_r10.4.1_e8.2_400bps_hac@v5.0.0,4864,8.00836e+07,29685829632
NVIDIA RTX 5000 Ada Generation,dna_r10.4.1_e8.2_400bps_hac@v5.2.0,64,1.19187e+07,419350528
NVIDIA RTX 5000 Ada Generation,dna_r10.4.1_e8.2_400bps_hac@v5.2.0,128,2.23038e+07,809949696
NVIDIA RTX 5000 Ada Generation,dna_r10.4.1_e8.2_400bps_hac@v5.2.0,192,3.29889e+07,1201692160
NVIDIA RTX 5000 Ada Generation,dna_r10.4.1_e8.2_400bps_hac@v5.2.0,256,4.14325e+07,1588665856
NVIDIA RTX 5000 Ada Generation,dna_r10.4.1_e8.2_400bps_hac@v5.2.0,320,4.76195e+07,1989651456
NVIDIA RTX 5000 Ada Generation,dna_r10.4.1_e8.2_400bps_hac@v5.2.0,384,4.84077e+07,2370678272
NVIDIA RTX 5000 Ada Generation,dna_r10.4.1_e8.2_400bps_hac@v5.2.0,448,5.25222e+07,2757787136
NVIDIA RTX 5000 Ada Generation,dna_r10.4.1_e8.2_400bps_hac@v5.2.0,512,5.65769e+07,3151272960
NVIDIA RTX 5000 Ada Generation,dna_r10.4.1_e8.2_400bps_hac@v5.2.0,576,4.85122e+07,3539877888
NVIDIA RTX 5000 Ada Generation,dna_r10.4.1_e8.2_400bps_hac@v5.2.0,640,5.07985e+07,3932090368
NVIDIA RTX 5000 Ada Generation,dna_r10.4.1_e8.2_400bps_hac@v5.2.0,704,5.10334e+07,4344948736
NVIDIA RTX 5000 Ada Generation,dna_r10.4.1_e8.2_400bps_hac@v5.2.0,768,5.6188e+07,4727751168
NVIDIA RTX 5000 Ada Generation,dna_r10.4.1_e8.2_400bps_hac@v5.2.0,832,5.84616e+07,5116814848
NVIDIA RTX 5000 Ada Generation,dna_r10.4.1_e8.2_400bps_hac@v5.2.0,896,6.12256e+07,5522460160
NVIDIA RTX 5000 Ada Generation,dna_r10.4.1_e8.2_400bps_hac@v5.2.0,960,6.35941e+07,5903692288
NVIDIA RTX 5000 Ada Generation,dna_r10.4.1_e8.2_400bps_hac@v5.2.0,1024,6.31063e+07,6293340160
NVIDIA RTX 5000 Ada Generation,dna_r10.4.1_e8.2_400bps_hac@v5.2.0,1088,5.5995e+07,6684773888
NVIDIA RTX 5000 Ada Generation,dna_r10.4.1_e8.2_400bps_hac@v5.2.0,1152,5.92031e+07,7090051584
NVIDIA RTX 5000 Ada Generation,dna_r10.4.1_e8.2_400bps_hac@v5.2.0,1216,5.87238e+07,7465838080
NVIDIA RTX 5000 Ada Generation,dna_r10.4.1_e8.2_400bps_hac@v5.2.0,1280,6.34749e+07,7856176640
NVIDIA RTX 5000 Ada Generation,dna_r10.4.1_e8.2_400bps_hac@v5.2.0,1344,6.22326e+07,8246262272
NVIDIA RTX 5000 Ada Generation,dna_r10.4.1_e8.2_400bps_hac@v5.2.0,1408,6.81212e+07,8643334656
NVIDIA RTX 5000 Ada Generation,dna_r10.4.1_e8.2_400bps_hac@v5.2.0,1472,6.25252e+07,9032478208
NVIDIA RTX 5000 Ada Generation,dna_r10.4.1_e8.2_400bps_hac@v5.2.0,1536,6.65568e+07,9433824768
NVIDIA RTX 5000 Ada Generation,dna_r10.4.1_e8.2_400bps_hac@v5.2.0,1600,6.78107e+07,9818935808
NVIDIA RTX 5000 Ada Generation,dna_r10.4.1_e8.2_400bps_hac@v5.2.0,1664,7.51995e+07,10204230144
NVIDIA RTX 5000 Ada Generation,dna_r10.4.1_e8.2_400bps_hac@v5.2.0,1728,7.2994e+07,10601094144
NVIDIA RTX 5000 Ada Generation,dna_r10.4.1_e8.2_400bps_hac@v5.2.0,1792,7.55322e+07,10969288192
NVIDIA RTX 5000 Ada Generation,dna_r10.4.1_e8.2_400bps_hac@v5.2.0,1856,6.74865e+07,11407855616
NVIDIA RTX 5000 Ada Generation,dna_r10.4.1_e8.2_400bps_hac@v5.2.0,1920,7.69541e+07,11771387392
NVIDIA RTX 5000 Ada Generation,dna_r10.4.1_e8.2_400bps_hac@v5.2.0,1984,7.61225e+07,12159450112
NVIDIA RTX 5000 Ada Generation,dna_r10.4.1_e8.2_400bps_hac@v5.2.0,2048,8.1786e+07,12559328256
NVIDIA RTX 5000 Ada Generation,dna_r10.4.1_e8.2_400bps_hac@v5.2.0,2112,6.2049e+07,12963275776
NVIDIA RTX 5000 Ada Generation,dna_r10.4.1_e8.2_400bps_hac@v5.2.0,2176,6.38503e+07,13334351360
NVIDIA RTX 5000 Ada Generation,dna_r10.4.1_e8.2_400bps_hac@v5.2.0,2240,6.3655e+07,13727270912
NVIDIA RTX 5000 Ada Generation,dna_r10.4.1_e8.2_400bps_hac@v5.2.0,2304,6.54307e+07,14057490944
NVIDIA RTX 5000 Ada Generation,dna_r10.4.1_e8.2_400bps_hac@v5.2.0,2368,6.10196e+07,14515595776
NVIDIA RTX 5000 Ada Generation,dna_r10.4.1_e8.2_400bps_hac@v5.2.0,2432,6.19442e+07,14907323392
NVIDIA RTX 5000 Ada Generation,dna_r10.4.1_e8.2_400bps_hac@v5.2.0,2496,6.35702e+07,15289147392
NVIDIA RTX 5000 Ada Generation,dna_r10.4.1_e8.2_400bps_hac@v5.2.0,2560,6.72654e+07,15683630080
NVIDIA RTX 5000 Ada Generation,dna_r10.4.1_e8.2_400bps_hac@v5.2.0,2624,6.38208e+07,16076257280
NVIDIA RTX 5000 Ada Generation,dna_r10.4.1_e8.2_400bps_hac@v5.2.0,2688,6.57762e+07,16474077184
NVIDIA RTX 5000 Ada Generation,dna_r10.4.1_e8.2_400bps_hac@v5.2.0,2752,6.73137e+07,16828226048
NVIDIA RTX 5000 Ada Generation,dna_r10.4.1_e8.2_400bps_hac@v5.2.0,2816,6.85707e+07,17256228864
NVIDIA RTX 5000 Ada Generation,dna_r10.4.1_e8.2_400bps_hac@v5.2.0,2880,6.68385e+07,17656844288
NVIDIA RTX 5000 Ada Generation,dna_r10.4.1_e8.2_400bps_hac@v5.2.0,2944,6.70512e+07,18033341952
NVIDIA RTX 5000 Ada Generation,dna_r10.4.1_e8.2_400bps_hac@v5.2.0,3008,7.60721e+07,18414742528
NVIDIA RTX 5000 Ada Generation,dna_r10.4.1_e8.2_400bps_hac@v5.2.0,3072,6.85356e+07,18819072512
NVIDIA RTX 5000 Ada Generation,dna_r10.4.1_e8.2_400bps_hac@v5.2.0,3136,6.09548e+07,19200045568
NVIDIA RTX 5000 Ada Generation,dna_r10.4.1_e8.2_400bps_hac@v5.2.0,3200,7.17221e+07,19539539968
NVIDIA RTX 5000 Ada Generation,dna_r10.4.1_e8.2_400bps_hac@v5.2.0,3264,6.13209e+07,19989474304
NVIDIA RTX 5000 Ada Generation,dna_r10.4.1_e8.2_400bps_hac@v5.2.0,3328,7.41864e+07,20379080192
NVIDIA RTX 5000 Ada Generation,dna_r10.4.1_e8.2_400bps_hac@v5.2.0,3392,6.91511e+07,20774344192
NVIDIA RTX 5000 Ada Generation,dna_r10.4.1_e8.2_400bps_hac@v5.2.0,3456,7.19416e+07,21166553088
NVIDIA RTX 5000 Ada Generation,dna_r10.4.1_e8.2_400bps_hac@v5.2.0,3520,6.86443e+07,21558885376
NVIDIA RTX 5000 Ada Generation,dna_r10.4.1_e8.2_400bps_hac@v5.2.0,3584,7.28272e+07,21947491840
NVIDIA RTX 5000 Ada Generation,dna_r10.4.1_e8.2_400bps_hac@v5.2.0,3648,6.63223e+07,22341372416
NVIDIA RTX 5000 Ada Generation,dna_r10.4.1_e8.2_400bps_hac@v5.2.0,3712,7.44002e+07,22663158784
NVIDIA RTX 5000 Ada Generation,dna_r10.4.1_e8.2_400bps_hac@v5.2.0,3776,6.91248e+07,23048279552
NVIDIA RTX 5000 Ada Generation,dna_r10.4.1_e8.2_400bps_hac@v5.2.0,3840,6.97366e+07,23439337984
NVIDIA RTX 5000 Ada Generation,dna_r10.4.1_e8.2_400bps_hac@v5.2.0,3904,7.45181e+07,23829421568
NVIDIA RTX 5000 Ada Generation,dna_r10.4.1_e8.2_400bps_hac@v5.2.0,3968,7.2113e+07,24206840320
NVIDIA RTX 5000 Ada Generation,dna_r10.4.1_e8.2_400bps_hac@v5.2.0,4032,6.7194e+07,24601041920
NVIDIA RTX 5000 Ada Generation,dna_r10.4.1_e8.2_400bps_hac@v5.2.0,4096,7.29083e+07,25018109952
NVIDIA RTX 5000 Ada Generation,dna_r10.4.1_e8.2_400bps_hac@v5.2.0,4160,6.59341e+07,25391291392
NVIDIA RTX 5000 Ada Generation,dna_r10.4.1_e8.2_400bps_hac@v5.2.0,4224,5.90723e+07,25802075136
NVIDIA RTX 5000 Ada Generation,dna_r10.4.1_e8.2_400bps_hac@v5.2.0,4288,6.19771e+07,26290160128
NVIDIA RTX 5000 Ada Generation,dna_r10.4.1_e8.2_400bps_hac@v5.2.0,4352,5.92649e+07,26560996864
NVIDIA RTX 5000 Ada Generation,dna_r10.4.1_e8.2_400bps_hac@v5.2.0,4416,6.88221e+07,26969076224
NVIDIA RTX 5000 Ada Generation,dna_r10.4.1_e8.2_400bps_hac@v5.2.0,4480,6.15312e+07,27372342272
NVIDIA RTX 5000 Ada Generation,dna_r10.4.1_e8.2_400bps_hac@v5.2.0,4544,6.63864e+07,27737625600
NVIDIA RTX 5000 Ada Generation,dna_r10.4.1_e8.2_400bps_hac@v5.2.0,4608,6.21184e+07,28124594176
NVIDIA RTX 5000 Ada Generation,dna_r10.4.1_e8.2_400bps_hac@v5.2.0,4672,6.83016e+07,28478327296
NVIDIA RTX 5000 Ada Generation,dna_r10.4.1_e8.2_400bps_hac@v5.2.0,4736,6.60384e+07,28881635328
NVIDIA RTX 5000 Ada Generation,dna_r10.4.1_e8.2_400bps_hac@v5.2.0,4800,7.00017e+07,29333642240
NVIDIA RTX 5000 Ada Generation,dna_r10.4.1_e8.2_400bps_hac@v5.2.0,4864,6.72499e+07,29692642304
NVIDIA RTX 5000 Ada Generation,dna_r10.4.1_e8.2_400bps_sup@v4.3.0,64,1.84921e+06,1584648192
NVIDIA RTX 5000 Ada Generation,dna_r10.4.1_e8.2_400bps_sup@v4.3.0,128,3.68518e+06,3027467264
NVIDIA RTX 5000 Ada Generation,dna_r10.4.1_e8.2_400bps_sup@v4.3.0,192,4.96571e+06,4474808832
NVIDIA RTX 5000 Ada Generation,dna_r10.4.1_e8.2_400bps_sup@v4.3.0,256,6.87685e+06,5913792000
NVIDIA RTX 5000 Ada Generation,dna_r10.4.1_e8.2_400bps_sup@v4.3.0,320,7.62646e+06,7351599104
NVIDIA RTX 5000 Ada Generation,dna_r10.4.1_e8.2_400bps_sup@v4.3.0,384,9.82324e+06,8795084800
NVIDIA RTX 5000 Ada Generation,dna_r10.4.1_e8.2_400bps_sup@v4.3.0,448,1.06849e+07,10239232512
NVIDIA RTX 5000 Ada Generation,dna_r10.4.1_e8.2_400bps_sup@v4.3.0,512,1.10238e+07,11682490880
NVIDIA RTX 5000 Ada Generation,dna_r10.4.1_e8.2_400bps_sup@v4.3.0,576,1.2318e+07,13122898944
NVIDIA RTX 5000 Ada Generation,dna_r10.4.1_e8.2_400bps_sup@v4.3.0,640,1.33526e+07,14564828672
NVIDIA RTX 5000 Ada Generation,dna_r10.4.1_e8.2_400bps_sup@v4.3.0,704,1.39604e+07,16020867072
NVIDIA RTX 5000 Ada Generation,dna_r10.4.1_e8.2_400bps_sup@v4.3.0,768,1.52033e+07,17462681088
NVIDIA RTX 5000 Ada Generation,dna_r10.4.1_e8.2_400bps_sup@v4.3.0,832,1.32169e+07,18891494400
NVIDIA RTX 5000 Ada Generation,dna_r10.4.1_e8.2_400bps_sup@v4.3.0,896,1.32562e+07,20358576128
NVIDIA RTX 5000 Ada Generation,dna_r10.4.1_e8.2_400bps_sup@v4.3.0,960,1.42791e+07,21793439232
NVIDIA RTX 5000 Ada Generation,dna_r10.4.1_e8.2_400bps_sup@v4.3.0,1024,1.40195e+07,23238824448
NVIDIA RTX 5000 Ada Generation,dna_r10.4.1_e8.2_400bps_sup@v4.3.0,1088,1.33225e+07,24677679104
NVIDIA RTX 5000 Ada Generation,dna_r10.4.1_e8.2_400bps_sup@v4.3.0,1152,1.41136e+07,26096229888
NVIDIA RTX 5000 Ada Generation,dna_r10.4.1_e8.2_400bps_sup@v4.3.0,1216,1.39462e+07,27538988032
NVIDIA RTX 5000 Ada Generation,dna_r10.4.1_e8.2_400bps_sup@v4.3.0,1280,1.43714e+07,28986313728
NVIDIA RTX 5000 Ada Generation,dna_r10.4.1_e8.2_400bps_sup@v4.3.0,1344,1.43278e+07,28985517056
NVIDIA RTX 5000 Ada Generation,dna_r10.4.1_e8.2_400bps_sup@v5.0.0,32,7.48251e+06,1601645568
NVIDIA RTX 5000 Ada Generation,dna_r10.4.1_e8.2_400bps_sup@v5.0.0,64,8.3775e+06,2381984256
NVIDIA RTX 5000 Ada Generation,dna_r10.4.1_e8.2_400bps_sup@v5.0.0,96,8.70159e+06,3166517248
NVIDIA RTX 5000 Ada Generation,dna_r10.4.1_e8.2_400bps_sup@v5.0.0,128,8.58783e+06,3930602496
NVIDIA RTX 5000 Ada Generation,dna_r10.4.1_e8.2_400bps_sup@v5.0.0,160,8.78388e+06,4712514048
NVIDIA RTX 5000 Ada Generation,dna_r10.4.1_e8.2_400bps_sup@v5.0.0,192,8.93644e+06,5494949888
NVIDIA RTX 5000 Ada Generation,dna_r10.4.1_e8.2_400bps_sup@v5.0.0,224,8.78275e+06,6276075008
NVIDIA RTX 5000 Ada Generation,dna_r10.4.1_e8.2_400bps_sup@v5.0.0,256,8.73784e+06,7058249728
NVIDIA RTX 5000 Ada Generation,dna_r10.4.1_e8.2_400bps_sup@v5.0.0,288,8.77585e+06,7840487936
NVIDIA RTX 5000 Ada Generation,dna_r10.4.1_e8.2_400bps_sup@v5.0.0,320,8.99121e+06,8624956928
NVIDIA RTX 5000 Ada Generation,dna_r10.4.1_e8.2_400bps_sup@v5.0.0,352,9.05594e+06,9407587840
NVIDIA RTX 5000 Ada Generation,dna_r10.4.1_e8.2_400bps_sup@v5.0.0,384,9.38805e+06,10190613504
NVIDIA RTX 5000 Ada Generation,dna_r10.4.1_e8.2_400bps_sup@v5.2.0,32,7.47248e+06,1601645568
NVIDIA RTX 5000 Ada Generation,dna_r10.4.1_e8.2_400bps_sup@v5.2.0,64,8.38574e+06,2383557120
NVIDIA RTX 5000 Ada Generation,dna_r10.4.1_e8.2_400bps_sup@v5.2.0,96,8.52733e+06,3164157952
NVIDIA RTX 5000 Ada Generation,dna_r10.4.1_e8.2_400bps_sup@v5.2.0,128,8.4609e+06,3930602496
NVIDIA RTX 5000 Ada Generation,dna_r10.4.1_e8.2_400bps_sup@v5.2.0,160,8.80199e+06,4712514048
NVIDIA RTX 5000 Ada Generation,dna_r10.4.1_e8.2_400bps_sup@v5.2.0,192,8.93652e+06,5499668480
NVIDIA RTX 5000 Ada Generation,dna_r10.4.1_e8.2_400bps_sup@v5.2.0,224,8.77391e+06,6276075008
NVIDIA RTX 5000 Ada Generation,dna_r10.4.1_e8.2_400bps_sup@v5.2.0,256,8.78444e+06,7064541184
NVIDIA RTX 5000 Ada Generation,dna_r10.4.1_e8.2_400bps_sup@v5.2.0,288,8.82829e+06,7840487936
NVIDIA RTX 5000 Ada Generation,dna_r10.4.1_e8.2_400bps_sup@v5.2.0,320,8.63951e+06,8624956928
NVIDIA RTX 5000 Ada Generation,dna_r10.4.1_e8.2_400bps_sup@v5.2.0,352,9.04338e+06,9407587840
NVIDIA RTX 5000 Ada Generation,dna_r10.4.1_e8.2_400bps_sup@v5.2.0,384,8.93747e+06,10190613504
NVIDIA RTX 5000 Ada Generation,rna004_130bps_fast@v5.1.0,64,3.35858e+07,1252741632
NVIDIA RTX 5000 Ada Generation,rna004_130bps_fast@v5.1.0,128,5.92175e+07,1428935168
NVIDIA RTX 5000 Ada Generation,rna004_130bps_fast@v5.1.0,192,7.9603e+07,1604745216
NVIDIA RTX 5000 Ada Generation,rna004_130bps_fast@v5.1.0,256,9.4956e+07,1780554752
NVIDIA RTX 5000 Ada Generation,rna004_130bps_fast@v5.1.0,320,1.07158e+08,1956364800
NVIDIA RTX 5000 Ada Generation,rna004_130bps_fast@v5.1.0,384,1.15481e+08,2132174336
NVIDIA RTX 5000 Ada Generation,rna004_130bps_fast@v5.1.0,448,1.19564e+08,2319041536
NVIDIA RTX 5000 Ada Generation,rna004_130bps_fast@v5.1.0,512,1.24792e+08,2483793920
NVIDIA RTX 5000 Ada Generation,rna004_130bps_fast@v5.1.0,576,1.30926e+08,2661701120
NVIDIA RTX 5000 Ada Generation,rna004_130bps_fast@v5.1.0,640,1.335e+08,2848213504
NVIDIA RTX 5000 Ada Generation,rna004_130bps_fast@v5.1.0,704,1.35914e+08,3013020672
NVIDIA RTX 5000 Ada Generation,rna004_130bps_fast@v5.1.0,768,1.38854e+08,3204490240
NVIDIA RTX 5000 Ada Generation,rna004_130bps_fast@v5.1.0,832,1.30619e+08,3363251200
NVIDIA RTX 5000 Ada Generation,rna004_130bps_fast@v5.1.0,896,1.35468e+08,3543609344
NVIDIA RTX 5000 Ada Generation,rna004_130bps_fast@v5.1.0,960,1.3949e+08,3733662720
NVIDIA RTX 5000 Ada Generation,rna004_130bps_fast@v5.1.0,1024,1.40367e+08,3893839872
NVIDIA RTX 5000 Ada Generation,rna004_130bps_fast@v5.1.0,1088,1.41902e+08,4068179456
NVIDIA RTX 5000 Ada Generation,rna004_130bps_fast@v5.1.0,1152,1.43953e+08,4244046336
NVIDIA RTX 5000 Ada Generation,rna004_130bps_fast@v5.1.0,1216,1.42687e+08,4422331392
NVIDIA RTX 5000 Ada Generation,rna004_130bps_fast@v5.1.0,1280,1.43987e+08,4593511424
NVIDIA RTX 5000 Ada Generation,rna004_130bps_fast@v5.1.0,1344,1.46638e+08,4799064576
NVIDIA RTX 5000 Ada Generation,rna004_130bps_fast@v5.1.0,1408,1.48164e+08,4949628416
NVIDIA RTX 5000 Ada Generation,rna004_130bps_fast@v5.1.0,1472,1.50122e+08,5156870144
NVIDIA RTX 5000 Ada Generation,rna004_130bps_fast@v5.1.0,1536,1.50511e+08,5300611072
NVIDIA RTX 5000 Ada Generation,rna004_130bps_fast@v5.1.0,1600,1.49416e+08,5477766656
NVIDIA RTX 5000 Ada Generation,rna004_130bps_fast@v5.1.0,1664,1.45415e+08,5652019712
NVIDIA RTX 5000 Ada Generation,rna004_130bps_fast@v5.1.0,1728,1.47579e+08,5831642112
NVIDIA RTX 5000 Ada Generation,rna004_130bps_fast@v5.1.0,1792,1.46362e+08,6006241280
NVIDIA RTX 5000 Ada Generation,rna004_130bps_fast@v5.1.0,1856,1.47518e+08,6181251584
NVIDIA RTX 5000 Ada Generation,rna004_130bps_fast@v5.1.0,1920,1.50065e+08,6356598272
NVIDIA RTX 5000 Ada Generation,rna004_130bps_fast@v5.1.0,1984,1.51029e+08,6532103168
NVIDIA RTX 5000 Ada Generation,rna004_130bps_fast@v5.1.0,2048,1.46735e+08,6708267008
NVIDIA RTX 5000 Ada Generation,rna004_130bps_fast@v5.1.0,2112,1.47094e+08,6884736512
NVIDIA RTX 5000 Ada Generation,rna004_130bps_fast@v5.1.0,2176,1.47284e+08,7103603200
NVIDIA RTX 5000 Ada Generation,rna004_130bps_fast@v5.1.0,2240,1.47094e+08,7236375552
NVIDIA RTX 5000 Ada Generation,rna004_130bps_fast@v5.1.0,2304,1.48192e+08,7412922368
NVIDIA RTX 5000 Ada Generation,rna004_130bps_fast@v5.1.0,2368,1.46319e+08,7587068416
NVIDIA RTX 5000 Ada Generation,rna004_130bps_fast@v5.1.0,2432,1.4055e+08,7765841408
NVIDIA RTX 5000 Ada Generation,rna004_130bps_fast@v5.1.0,2496,1.3978e+08,7939908608
NVIDIA RTX 5000 Ada Generation,rna004_130bps_fast@v5.1.0,2560,1.41881e+08,8114743296
NVIDIA RTX 5000 Ada Generation,rna004_130bps_fast@v5.1.0,2624,1.47282e+08,8295869952
NVIDIA RTX 5000 Ada Generation,rna004_130bps_fast@v5.1.0,2688,1.44839e+08,8466254336
NVIDIA RTX 5000 Ada Generation,rna004_130bps_fast@v5.1.0,2752,1.47828e+08,8646069248
NVIDIA RTX 5000 Ada Generation,rna004_130bps_fast@v5.1.0,2816,1.47532e+08,8818276352
NVIDIA RTX 5000 Ada Generation,rna004_130bps_fast@v5.1.0,2880,1.43264e+08,8995208192
NVIDIA RTX 5000 Ada Generation,rna004_130bps_fast@v5.1.0,2944,1.46958e+08,9172635136
NVIDIA RTX 5000 Ada Generation,rna004_130bps_fast@v5.1.0,3008,1.449e+08,9410452480
NVIDIA RTX 5000 Ada Generation,rna004_130bps_fast@v5.1.0,3072,1.46844e+08,9524791296
NVIDIA RTX 5000 Ada Generation,rna004_130bps_fast@v5.1.0,3136,1.43812e+08,9698857984
NVIDIA RTX 5000 Ada Generation,rna004_130bps_fast@v5.1.0,3200,1.46929e+08,9874022912
NVIDIA RTX 5000 Ada Generation,rna004_130bps_fast@v5.1.0,3264,1.50094e+08,10051467264
NVIDIA RTX 5000 Ada Generation,rna004_130bps_fast@v5.1.0,3328,1.43594e+08,10227349504
NVIDIA RTX 5000 Ada Generation,rna004_130bps_fast@v5.1.0,3392,1.48442e+08,10403513344
NVIDIA RTX 5000 Ada Generation,rna004_130bps_fast@v5.1.0,3456,1.51004e+08,10579677184
NVIDIA RTX 5000 Ada Generation,rna004_130bps_fast@v5.1.0,3520,1.4888e+08,10754040832
NVIDIA RTX 5000 Ada Generation,rna004_130bps_fast@v5.1.0,3584,1.4973e+08,10933069824
NVIDIA RTX 5000 Ada Generation,rna004_130bps_fast@v5.1.0,3648,1.45259e+08,11103710208
NVIDIA RTX 5000 Ada Generation,rna004_130bps_fast@v5.1.0,3712,1.48134e+08,11286429696
NVIDIA RTX 5000 Ada Generation,rna004_130bps_fast@v5.1.0,3776,1.45321e+08,11542285312
NVIDIA RTX 5000 Ada Generation,rna004_130bps_fast@v5.1.0,3840,1.45574e+08,11632465920
NVIDIA RTX 5000 Ada Generation,rna004_130bps_fast@v5.1.0,3904,1.48024e+08,11811437568
NVIDIA RTX 5000 Ada Generation,rna004_130bps_fast@v5.1.0,3968,1.4471e+08,11984175104
NVIDIA RTX 5000 Ada Generation,rna004_130bps_fast@v5.1.0,4032,1.39668e+08,12165151744
NVIDIA RTX 5000 Ada Generation,rna004_130bps_fast@v5.1.0,4096,1.47473e+08,12339218432
NVIDIA RTX 5000 Ada Generation,rna004_130bps_fast@v5.1.0,4160,1.45358e+08,12513285120
NVIDIA RTX 5000 Ada Generation,rna004_130bps_fast@v5.1.0,4224,1.43831e+08,12691902464
NVIDIA RTX 5000 Ada Generation,rna004_130bps_fast@v5.1.0,4288,1.46013e+08,12864640000
NVIDIA RTX 5000 Ada Generation,rna004_130bps_fast@v5.1.0,4352,1.47773e+08,13041571840
NVIDIA RTX 5000 Ada Generation,rna004_130bps_fast@v5.1.0,4416,1.41931e+08,13236814848
NVIDIA RTX 5000 Ada Generation,rna004_130bps_fast@v5.1.0,4480,1.43604e+08,13412978688
NVIDIA RTX 5000 Ada Generation,rna004_130bps_fast@v5.1.0,4544,1.47917e+08,13591239680
NVIDIA RTX 5000 Ada Generation,rna004_130bps_fast@v5.1.0,4608,1.47506e+08,13763209216
NVIDIA RTX 5000 Ada Generation,rna004_130bps_fast@v5.1.0,4672,1.48278e+08,13941470208
NVIDIA RTX 5000 Ada Generation,rna004_130bps_fast@v5.1.0,4736,1.45136e+08,14119731200
NVIDIA RTX 5000 Ada Generation,rna004_130bps_fast@v5.1.0,4800,1.43583e+08,14369295360
NVIDIA RTX 5000 Ada Generation,rna004_130bps_fast@v5.1.0,4864,1.44958e+08,14451087360
NVIDIA RTX 5000 Ada Generation,rna004_130bps_fast@v5.1.0,4928,1.49556e+08,14644028416
NVIDIA RTX 5000 Ada Generation,rna004_130bps_fast@v5.1.0,4992,1.4063e+08,14824386560
NVIDIA RTX 5000 Ada Generation,rna004_130bps_fast@v5.1.0,5056,1.41651e+08,14979578880
NVIDIA RTX 5000 Ada Generation,rna004_130bps_fast@v5.1.0,5120,1.44261e+08,15151548416
NVIDIA RTX 5000 Ada Generation,rna004_130bps_fast@v5.1.0,5184,1.4557e+08,15329809408
NVIDIA RTX 5000 Ada Generation,rna004_130bps_fast@v5.1.0,5248,1.49679e+08,15510167552
NVIDIA RTX 5000 Ada Generation,rna004_130bps_fast@v5.1.0,5312,1.38719e+08,15684234240
NVIDIA RTX 5000 Ada Generation,rna004_130bps_fast@v5.1.0,5376,1.40965e+08,15858300928
NVIDIA RTX 5000 Ada Generation,rna004_130bps_fast@v5.1.0,5440,1.41875e+08,16141419520
NVIDIA RTX 5000 Ada Generation,rna004_130bps_fast@v5.1.0,5504,1.46669e+08,16210628608
NVIDIA RTX 5000 Ada Generation,rna004_130bps_fast@v5.1.0,5568,1.44097e+08,16386792448
NVIDIA RTX 5000 Ada Generation,rna004_130bps_fast@v5.1.0,5632,1.46991e+08,16562956288
NVIDIA RTX 5000 Ada Generation,rna004_130bps_fast@v5.1.0,5696,1.47e+08,16737022976
NVIDIA RTX 5000 Ada Generation,rna004_130bps_fast@v5.1.0,5760,1.39043e+08,16911089664
NVIDIA RTX 5000 Ada Generation,rna004_130bps_fast@v5.1.0,5824,1.42305e+08,17089350656
NVIDIA RTX 5000 Ada Generation,rna004_130bps_fast@v5.1.0,5888,1.3194e+08,17265514496
NVIDIA RTX 5000 Ada Generation,rna004_130bps_fast@v5.1.0,5952,1.36221e+08,17441678336
NVIDIA RTX 5000 Ada Generation,rna004_130bps_fast@v5.1.0,6016,1.44354e+08,17617842176
NVIDIA RTX 5000 Ada Generation,rna004_130bps_fast@v5.1.0,6080,1.49397e+08,17791908864
NVIDIA RTX 5000 Ada Generation,rna004_130bps_fast@v5.1.0,6144,1.47471e+08,17968072704
NVIDIA RTX 5000 Ada Generation,rna004_130bps_fast@v5.1.0,6208,1.49399e+08,18144236544
NVIDIA RTX 5000 Ada Generation,rna004_130bps_fast@v5.1.0,6272,1.39914e+08,18318303232
NVIDIA RTX 5000 Ada Generation,rna004_130bps_fast@v5.1.0,6336,1.40783e+08,18498661376
NVIDIA RTX 5000 Ada Generation,rna004_130bps_fast@v5.1.0,6400,1.38736e+08,18674825216
NVIDIA RTX 5000 Ada Generation,rna004_130bps_fast@v5.1.0,6464,1.45309e+08,18846794752
NVIDIA RTX 5000 Ada Generation,rna004_130bps_fast@v5.1.0,6528,1.43732e+08,19022958592
NVIDIA RTX 5000 Ada Generation,rna004_130bps_fast@v5.1.0,6592,1.46051e+08,19199122432
NVIDIA RTX 5000 Ada Generation,rna004_130bps_fast@v5.1.0,6656,1.50018e+08,19377383424
NVIDIA RTX 5000 Ada Generation,rna004_130bps_fast@v5.1.0,6720,1.5121e+08,19555644416
NVIDIA RTX 5000 Ada Generation,rna004_130bps_fast@v5.1.0,6784,1.41207e+08,19725516800
NVIDIA RTX 5000 Ada Generation,rna004_130bps_fast@v5.1.0,6848,1.38987e+08,19905874944
NVIDIA RTX 5000 Ada Generation,rna004_130bps_fast@v5.1.0,6912,1.39561e+08,20077844480
NVIDIA RTX 5000 Ada Generation,rna004_130bps_fast@v5.1.0,6976,1.44133e+08,20251911168
NVIDIA RTX 5000 Ada Generation,rna004_130bps_fast@v5.1.0,7040,1.43375e+08,20434366464
NVIDIA RTX 5000 Ada Generation,rna004_130bps_fast@v5.1.0,7104,1.44356e+08,20606336000
NVIDIA RTX 5000 Ada Generation,rna004_130bps_fast@v5.1.0,7168,1.31896e+08,20784596992
NVIDIA RTX 5000 Ada Generation,rna004_130bps_fast@v5.1.0,7232,1.32851e+08,20956566528
NVIDIA RTX 5000 Ada Generation,rna004_130bps_fast@v5.1.0,7296,1.42598e+08,21132730368
NVIDIA RTX 5000 Ada Generation,rna004_130bps_fast@v5.1.0,7360,1.35668e+08,21315185664
NVIDIA RTX 5000 Ada Generation,rna004_130bps_fast@v5.1.0,7424,1.2885e+08,21487155200
NVIDIA RTX 5000 Ada Generation,rna004_130bps_fast@v5.1.0,7488,1.43316e+08,21663319040
NVIDIA RTX 5000 Ada Generation,rna004_130bps_fast@v5.1.0,7552,1.37195e+08,21841580032
NVIDIA RTX 5000 Ada Generation,rna004_130bps_fast@v5.1.0,7616,1.42513e+08,22013549568
NVIDIA RTX 5000 Ada Generation,rna004_130bps_fast@v5.1.0,7680,1.35963e+08,22189713408
NVIDIA RTX 5000 Ada Generation,rna004_130bps_fast@v5.1.0,7744,1.39138e+08,22365877248
NVIDIA RTX 5000 Ada Generation,rna004_130bps_fast@v5.1.0,7808,1.35864e+08,22542041088
NVIDIA RTX 5000 Ada Generation,rna004_130bps_fast@v5.1.0,7872,1.45658e+08,22722399232
NVIDIA RTX 5000 Ada Generation,rna004_130bps_fast@v5.1.0,7936,1.39012e+08,22892271616
NVIDIA RTX 5000 Ada Generation,rna004_130bps_fast@v5.1.0,8000,1.37938e+08,23070532608
NVIDIA RTX 5000 Ada Generation,rna004_130bps_fast@v5.1.0,8064,1.41194e+08,23244599296
NVIDIA RTX 5000 Ada Generation,rna004_130bps_fast@v5.1.0,8128,1.22008e+08,23424957440
NVIDIA RTX 5000 Ada Generation,rna004_130bps_fast@v5.1.0,8192,1.3684e+08,23599024128
NVIDIA RTX 5000 Ada Generation,rna004_130bps_fast@v5.1.0,8256,1.263e+08,23770993664
NVIDIA RTX 5000 Ada Generation,rna004_130bps_fast@v5.1.0,8320,1.39755e+08,23915700224
NVIDIA RTX 5000 Ada Generation,rna004_130bps_fast@v5.1.0,8384,1.43068e+08,24052018176
NVIDIA RTX 5000 Ada Generation,rna004_130bps_fast@v5.1.0,8448,1.35066e+08,24203016192
NVIDIA RTX 5000 Ada Generation,rna004_130bps_fast@v5.1.0,8512,1.45062e+08,24343528448
NVIDIA RTX 5000 Ada Generation,rna004_130bps_fast@v5.1.0,8576,1.39192e+08,24484040704
NVIDIA RTX 5000 Ada Generation,rna004_130bps_fast@v5.1.0,8640,1.41294e+08,24750382080
NVIDIA RTX 5000 Ada Generation,rna004_130bps_fast@v5.1.0,8704,1.42684e+08,24771356672
NVIDIA RTX 5000 Ada Generation,rna004_130bps_fast@v5.1.0,8768,1.3688e+08,24913966080
NVIDIA RTX 5000 Ada Generation,rna004_130bps_fast@v5.1.0,8832,1.38659e+08,25180307456
NVIDIA RTX 5000 Ada Generation,rna004_130bps_fast@v5.1.0,8896,1.40446e+08,25194990592
NVIDIA RTX 5000 Ada Generation,rna004_130bps_fast@v5.1.0,8960,1.3587e+08,25339697152
NVIDIA RTX 5000 Ada Generation,rna004_130bps_fast@v5.1.0,9024,1.35896e+08,25482306560
NVIDIA RTX 5000 Ada Generation,rna004_130bps_fast@v5.1.0,9088,1.36226e+08,25624915968
NVIDIA RTX 5000 Ada Generation,rna004_130bps_fast@v5.1.0,9152,1.42228e+08,25767525376
NVIDIA RTX 5000 Ada Generation,rna004_130bps_fast@v5.1.0,9216,1.38814e+08,25908037632
NVIDIA RTX 5000 Ada Generation,rna004_130bps_fast@v5.1.0,9280,1.33754e+08,26052744192
NVIDIA RTX 5000 Ada Generation,rna004_130bps_fast@v5.1.0,9344,1.33873e+08,26193256448
NVIDIA RTX 5000 Ada Generation,rna004_130bps_fast@v5.1.0,9408,1.34503e+08,26333768704
NVIDIA RTX 5000 Ada Generation,rna004_130bps_fast@v5.1.0,9472,1.37328e+08,26480572416
NVIDIA RTX 5000 Ada Generation,rna004_130bps_fast@v5.1.0,9536,1.42252e+08,26618987520
NVIDIA RTX 5000 Ada Generation,rna004_130bps_fast@v5.1.0,9600,1.38526e+08,26763694080
NVIDIA RTX 5000 Ada Generation,rna004_130bps_fast@v5.1.0,9664,1.38977e+08,26904206336
NVIDIA RTX 5000 Ada Generation,rna004_130bps_fast@v5.1.0,9728,1.43309e+08,27046815744
NVIDIA RTX 5000 Ada Generation,rna004_130bps_fast@v5.1.0,9792,1.37313e+08,27191522304
NVIDIA RTX 5000 Ada Generation,rna004_130bps_fast@v5.1.0,9856,1.34622e+08,27332034560
NVIDIA RTX 5000 Ada Generation,rna004_130bps_fast@v5.1.0,9920,1.39209e+08,27474643968
NVIDIA RTX 5000 Ada Generation,rna004_130bps_fast@v5.1.0,9984,1.42846e+08,27619350528
NVIDIA RTX 5000 Ada Generation,rna004_130bps_fast@v5.1.0,10048,1.43063e+08,27757765632
NVIDIA RTX 5000 Ada Generation,rna004_130bps_fast@v5.1.0,10112,1.37543e+08,27898277888
NVIDIA RTX 5000 Ada Generation,rna004_130bps_fast@v5.1.0,10176,1.31299e+08,28189785088
NVIDIA RTX 5000 Ada Generation,rna004_130bps_fast@v5.1.0,10240,1.37041e+08,28185593856
NVIDIA RTX 5000 Ada Generation,rna004_130bps_fast@v5.2.0,64,3.11602e+07,1273826304
NVIDIA RTX 5000 Ada Generation,rna004_130bps_fast@v5.2.0,128,5.44083e+07,1468894208
NVIDIA RTX 5000 Ada Generation,rna004_130bps_fast@v5.2.0,192,7.33421e+07,1667772928
NVIDIA RTX 5000 Ada Generation,rna004_130bps_fast@v5.2.0,256,8.7278e+07,1862456832
NVIDIA RTX 5000 Ada Generation,rna004_130bps_fast@v5.2.0,320,9.56263e+07,2065638400
NVIDIA RTX 5000 Ada Generation,rna004_130bps_fast@v5.2.0,384,1.05699e+08,2256019456
NVIDIA RTX 5000 Ada Generation,rna004_130bps_fast@v5.2.0,448,1.08987e+08,2452801024
NVIDIA RTX 5000 Ada Generation,rna004_130bps_fast@v5.2.0,512,1.13915e+08,2647484928
NVIDIA RTX 5000 Ada Generation,rna004_130bps_fast@v5.2.0,576,1.18366e+08,2857883648
NVIDIA RTX 5000 Ada Generation,rna004_130bps_fast@v5.2.0,640,1.21355e+08,3041047552
NVIDIA RTX 5000 Ada Generation,rna004_130bps_fast@v5.2.0,704,1.23478e+08,3237529088
NVIDIA RTX 5000 Ada Generation,rna004_130bps_fast@v5.2.0,768,1.25831e+08,3434610176
NVIDIA RTX 5000 Ada Generation,rna004_130bps_fast@v5.2.0,832,1.19858e+08,3629702656
NVIDIA RTX 5000 Ada Generation,rna004_130bps_fast@v5.2.0,896,1.23627e+08,3831032320
NVIDIA RTX 5000 Ada Generation,rna004_130bps_fast@v5.2.0,960,1.2673e+08,4022857216
NVIDIA RTX 5000 Ada Generation,rna004_130bps_fast@v5.2.0,1024,1.28994e+08,4221108736
NVIDIA RTX 5000 Ada Generation,rna004_130bps_fast@v5.2.0,1088,1.30577e+08,4416419840
NVIDIA RTX 5000 Ada Generation,rna004_130bps_fast@v5.2.0,1152,1.30764e+08,4613282304
NVIDIA RTX 5000 Ada Generation,rna004_130bps_fast@v5.2.0,1216,1.31481e+08,4810417664
NVIDIA RTX 5000 Ada Generation,rna004_130bps_fast@v5.2.0,1280,1.30804e+08,5004666368
NVIDIA RTX 5000 Ada Generation,rna004_130bps_fast@v5.2.0,1344,1.32102e+08,5202213888
NVIDIA RTX 5000 Ada Generation,rna004_130bps_fast@v5.2.0,1408,1.34524e+08,5398532096
NVIDIA RTX 5000 Ada Generation,rna004_130bps_fast@v5.2.0,1472,1.34873e+08,5599402496
NVIDIA RTX 5000 Ada Generation,rna004_130bps_fast@v5.2.0,1536,1.34754e+08,5821889024
NVIDIA RTX 5000 Ada Generation,rna004_130bps_fast@v5.2.0,1600,1.37597e+08,5989584896
NVIDIA RTX 5000 Ada Generation,rna004_130bps_fast@v5.2.0,1664,1.33295e+08,6218363904
NVIDIA RTX 5000 Ada Generation,rna004_130bps_fast@v5.2.0,1728,1.34893e+08,6417866240
NVIDIA RTX 5000 Ada Generation,rna004_130bps_fast@v5.2.0,1792,1.36222e+08,6580974080
NVIDIA RTX 5000 Ada Generation,rna004_130bps_fast@v5.2.0,1856,1.33927e+08,6774858752
NVIDIA RTX 5000 Ada Generation,rna004_130bps_fast@v5.2.0,1920,1.34958e+08,6971176960
NVIDIA RTX 5000 Ada Generation,rna004_130bps_fast@v5.2.0,1984,1.34683e+08,7167653376
NVIDIA RTX 5000 Ada Generation,rna004_130bps_fast@v5.2.0,2048,1.35623e+08,7364788736
NVIDIA RTX 5000 Ada Generation,rna004_130bps_fast@v5.2.0,2112,1.30235e+08,7560132608
NVIDIA RTX 5000 Ada Generation,rna004_130bps_fast@v5.2.0,2176,1.31542e+08,7756450816
NVIDIA RTX 5000 Ada Generation,rna004_130bps_fast@v5.2.0,2240,1.35267e+08,7953714688
NVIDIA RTX 5000 Ada Generation,rna004_130bps_fast@v5.2.0,2304,1.34753e+08,8149135872
NVIDIA RTX 5000 Ada Generation,rna004_130bps_fast@v5.2.0,2368,1.31882e+08,8346350592
NVIDIA RTX 5000 Ada Generation,rna004_130bps_fast@v5.2.0,2432,1.26727e+08,8543997952
NVIDIA RTX 5000 Ada Generation,rna004_130bps_fast@v5.2.0,2496,1.31066e+08,8739036672
NVIDIA RTX 5000 Ada Generation,rna004_130bps_fast@v5.2.0,2560,1.29437e+08,8986042880
NVIDIA RTX 5000 Ada Generation,rna004_130bps_fast@v5.2.0,2624,1.31272e+08,9134843904
NVIDIA RTX 5000 Ada Generation,rna004_130bps_fast@v5.2.0,2688,1.29373e+08,9328296960
NVIDIA RTX 5000 Ada Generation,rna004_130bps_fast@v5.2.0,2752,1.33573e+08,9526986240
NVIDIA RTX 5000 Ada Generation,rna004_130bps_fast@v5.2.0,2816,1.30675e+08,9718067712
NVIDIA RTX 5000 Ada Generation,rna004_130bps_fast@v5.2.0,2880,1.33942e+08,9918068224
NVIDIA RTX 5000 Ada Generation,rna004_130bps_fast@v5.2.0,2944,1.36353e+08,10177284096
NVIDIA RTX 5000 Ada Generation,rna004_130bps_fast@v5.2.0,3008,1.32617e+08,10310243840
NVIDIA RTX 5000 Ada Generation,rna004_130bps_fast@v5.2.0,3072,1.34576e+08,10508468736
NVIDIA RTX 5000 Ada Generation,rna004_130bps_fast@v5.2.0,3136,1.33142e+08,10701409792
NVIDIA RTX 5000 Ada Generation,rna004_130bps_fast@v5.2.0,3200,1.36164e+08,10897546240
NVIDIA RTX 5000 Ada Generation,rna004_130bps_fast@v5.2.0,3264,1.32411e+08,11095962112
NVIDIA RTX 5000 Ada Generation,rna004_130bps_fast@v5.2.0,3328,1.34864e+08,11292815872
NVIDIA RTX 5000 Ada Generation,rna004_130bps_fast@v5.2.0,3392,1.30523e+08,11489951232
NVIDIA RTX 5000 Ada Generation,rna004_130bps_fast@v5.2.0,3456,1.33268e+08,11756292608
NVIDIA RTX 5000 Ada Generation,rna004_130bps_fast@v5.2.0,3520,1.35249e+08,11880324608
NVIDIA RTX 5000 Ada Generation,rna004_130bps_fast@v5.2.0,3584,1.29703e+08,12080325120
NVIDIA RTX 5000 Ada Generation,rna004_130bps_fast@v5.2.0,3648,1.30958e+08,12271937024
NVIDIA RTX 5000 Ada Generation,rna004_130bps_fast@v5.2.0,3712,1.31676e+08,12473530880
NVIDIA RTX 5000 Ada Generation,rna004_130bps_fast@v5.2.0,3776,1.3067e+08,12670666240
NVIDIA RTX 5000 Ada Generation,rna004_130bps_fast@v5.2.0,3840,1.32838e+08,12861510144
NVIDIA RTX 5000 Ada Generation,rna004_130bps_fast@v5.2.0,3904,1.34857e+08,13059356160
NVIDIA RTX 5000 Ada Generation,rna004_130bps_fast@v5.2.0,3968,1.37008e+08,13255162368
NVIDIA RTX 5000 Ada Generation,rna004_130bps_fast@v5.2.0,4032,1.31044e+08,13455013376
NVIDIA RTX 5000 Ada Generation,rna004_130bps_fast@v5.2.0,4096,1.33527e+08,13650051584
NVIDIA RTX 5000 Ada Generation,rna004_130bps_fast@v5.2.0,4160,1.33019e+08,13845089792
NVIDIA RTX 5000 Ada Generation,rna004_130bps_fast@v5.2.0,4224,1.28756e+08,14042581504
NVIDIA RTX 5000 Ada Generation,rna004_130bps_fast@v5.2.0,4288,1.23686e+08,14238387712
NVIDIA RTX 5000 Ada Generation,rna004_130bps_fast@v5.2.0,4352,1.32865e+08,14434193920
NVIDIA RTX 5000 Ada Generation,rna004_130bps_fast@v5.2.0,4416,1.34868e+08,14650408448
NVIDIA RTX 5000 Ada Generation,rna004_130bps_fast@v5.2.0,4480,1.28321e+08,14847543808
NVIDIA RTX 5000 Ada Generation,rna004_130bps_fast@v5.2.0,4544,1.20108e+08,15044679168
NVIDIA RTX 5000 Ada Generation,rna004_130bps_fast@v5.2.0,4608,1.31964e+08,15283757568
NVIDIA RTX 5000 Ada Generation,rna004_130bps_fast@v5.2.0,4672,1.28581e+08,15417978368
NVIDIA RTX 5000 Ada Generation,rna004_130bps_fast@v5.2.0,4736,1.26585e+08,15636085248
NVIDIA RTX 5000 Ada Generation,rna004_130bps_fast@v5.2.0,4800,1.28607e+08,15826929152
NVIDIA RTX 5000 Ada Generation,rna004_130bps_fast@v5.2.0,4864,1.29161e+08,16007287296
NVIDIA RTX 5000 Ada Generation,rna004_130bps_fast@v5.2.0,4928,1.14095e+08,16221199872
NVIDIA RTX 5000 Ada Generation,rna004_130bps_fast@v5.2.0,4992,1.33185e+08,16422529536
NVIDIA RTX 5000 Ada Generation,rna004_130bps_fast@v5.2.0,5056,1.25693e+08,16598693376
NVIDIA RTX 5000 Ada Generation,rna004_130bps_fast@v5.2.0,5120,1.21775e+08,16789537280
NVIDIA RTX 5000 Ada Generation,rna004_130bps_fast@v5.2.0,5184,1.28033e+08,16988769792
NVIDIA RTX 5000 Ada Generation,rna004_130bps_fast@v5.2.0,5248,1.29856e+08,17190099456
NVIDIA RTX 5000 Ada Generation,rna004_130bps_fast@v5.2.0,5312,1.31423e+08,17383040512
NVIDIA RTX 5000 Ada Generation,rna004_130bps_fast@v5.2.0,5376,1.30452e+08,17580175872
NVIDIA RTX 5000 Ada Generation,rna004_130bps_fast@v5.2.0,5440,1.31673e+08,17773116928
NVIDIA RTX 5000 Ada Generation,rna004_130bps_fast@v5.2.0,5504,1.29568e+08,17970252288
NVIDIA RTX 5000 Ada Generation,rna004_130bps_fast@v5.2.0,5568,1.17316e+08,18169484800
NVIDIA RTX 5000 Ada Generation,rna004_130bps_fast@v5.2.0,5632,1.28215e+08,18364523008
NVIDIA RTX 5000 Ada Generation,rna004_130bps_fast@v5.2.0,5696,1.29697e+08,18559561216
NVIDIA RTX 5000 Ada Generation,rna004_130bps_fast@v5.2.0,5760,1.28546e+08,18754599424
NVIDIA RTX 5000 Ada Generation,rna004_130bps_fast@v5.2.0,5824,1.28887e+08,18951734784
NVIDIA RTX 5000 Ada Generation,rna004_130bps_fast@v5.2.0,5888,1.24421e+08,19150967296
NVIDIA RTX 5000 Ada Generation,rna004_130bps_fast@v5.2.0,5952,1.32226e+08,19346005504
NVIDIA RTX 5000 Ada Generation,rna004_130bps_fast@v5.2.0,6016,1.3201e+08,19543140864
NVIDIA RTX 5000 Ada Generation,rna004_130bps_fast@v5.2.0,6080,1.23948e+08,19738179072
NVIDIA RTX 5000 Ada Generation,rna004_130bps_fast@v5.2.0,6144,1.2741e+08,19935314432
NVIDIA RTX 5000 Ada Generation,rna004_130bps_fast@v5.2.0,6208,1.29552e+08,20130352640
NVIDIA RTX 5000 Ada Generation,rna004_130bps_fast@v5.2.0,6272,1.28035e+08,20325390848
NVIDIA RTX 5000 Ada Generation,rna004_130bps_fast@v5.2.0,6336,1.31653e+08,20526720512
NVIDIA RTX 5000 Ada Generation,rna004_130bps_fast@v5.2.0,6400,1.26015e+08,20721758720
NVIDIA RTX 5000 Ada Generation,rna004_130bps_fast@v5.2.0,6464,1.32987e+08,20916796928
NVIDIA RTX 5000 Ada Generation,rna004_130bps_fast@v5.2.0,6528,1.27365e+08,21111835136
NVIDIA RTX 5000 Ada Generation,rna004_130bps_fast@v5.2.0,6592,1.26926e+08,21308970496
NVIDIA RTX 5000 Ada Generation,rna004_130bps_fast@v5.2.0,6656,1.23966e+08,21508203008
NVIDIA RTX 5000 Ada Generation,rna004_130bps_fast@v5.2.0,6720,1.23702e+08,21705338368
NVIDIA RTX 5000 Ada Generation,rna004_130bps_fast@v5.2.0,6784,1.28582e+08,21898279424
NVIDIA RTX 5000 Ada Generation,rna004_130bps_fast@v5.2.0,6848,1.30901e+08,22097511936
NVIDIA RTX 5000 Ada Generation,rna004_130bps_fast@v5.2.0,6912,1.31917e+08,22288355840
NVIDIA RTX 5000 Ada Generation,rna004_130bps_fast@v5.2.0,6976,1.31142e+08,22485491200
NVIDIA RTX 5000 Ada Generation,rna004_130bps_fast@v5.2.0,7040,1.21266e+08,22686820864
NVIDIA RTX 5000 Ada Generation,rna004_130bps_fast@v5.2.0,7104,1.21759e+08,22879761920
NVIDIA RTX 5000 Ada Generation,rna004_130bps_fast@v5.2.0,7168,1.21307e+08,23078994432
NVIDIA RTX 5000 Ada Generation,rna004_130bps_fast@v5.2.0,7232,1.28458e+08,23269838336
NVIDIA RTX 5000 Ada Generation,rna004_130bps_fast@v5.2.0,7296,1.16974e+08,23466973696
NVIDIA RTX 5000 Ada Generation,rna004_130bps_fast@v5.2.0,7360,1.22182e+08,23670400512
NVIDIA RTX 5000 Ada Generation,rna004_130bps_fast@v5.2.0,7424,1.12132e+08,23863341568
NVIDIA RTX 5000 Ada Generation,rna004_130bps_fast@v5.2.0,7488,1.14239e+08,24060476928
NVIDIA RTX 5000 Ada Generation,rna004_130bps_fast@v5.2.0,7552,1.14991e+08,24257612288
NVIDIA RTX 5000 Ada Generation,rna004_130bps_fast@v5.2.0,7616,1.17075e+08,24450553344
NVIDIA RTX 5000 Ada Generation,rna004_130bps_fast@v5.2.0,7680,1.18531e+08,24647688704
NVIDIA RTX 5000 Ada Generation,rna004_130bps_fast@v5.2.0,7744,1.21228e+08,24844824064
NVIDIA RTX 5000 Ada Generation,rna004_130bps_fast@v5.2.0,7808,1.19363e+08,25039862272
NVIDIA RTX 5000 Ada Generation,rna004_130bps_fast@v5.2.0,7872,1.28337e+08,25241191936
NVIDIA RTX 5000 Ada Generation,rna004_130bps_fast@v5.2.0,7936,1.276e+08,25432035840
NVIDIA RTX 5000 Ada Generation,rna004_130bps_fast@v5.2.0,8000,1.15001e+08,25629171200
NVIDIA RTX 5000 Ada Generation,rna004_130bps_fast@v5.2.0,8064,1.27516e+08,25826306560
NVIDIA RTX 5000 Ada Generation,rna004_130bps_fast@v5.2.0,8128,1.20645e+08,26025539072
NVIDIA RTX 5000 Ada Generation,rna004_130bps_fast@v5.2.0,8192,1.26121e+08,26220577280
NVIDIA RTX 5000 Ada Generation,rna004_130bps_fast@v5.2.0,8256,1.25022e+08,26413518336
NVIDIA RTX 5000 Ada Generation,rna004_130bps_fast@v5.2.0,8320,1.19854e+08,26577099264
NVIDIA RTX 5000 Ada Generation,rna004_130bps_fast@v5.2.0,8384,1.24677e+08,26736485888
NVIDIA RTX 5000 Ada Generation,rna004_130bps_fast@v5.2.0,8448,1.17023e+08,26906358272
NVIDIA RTX 5000 Ada Generation,rna004_130bps_fast@v5.2.0,8512,1.23493e+08,27067842048
NVIDIA RTX 5000 Ada Generation,rna004_130bps_fast@v5.2.0,8576,1.29914e+08,27229325824
NVIDIA RTX 5000 Ada Generation,rna004_130bps_fast@v5.2.0,8640,1.234e+08,27390809600
NVIDIA RTX 5000 Ada Generation,rna004_130bps_fast@v5.2.0,8704,1.28914e+08,27556487680
NVIDIA RTX 5000 Ada Generation,rna004_130bps_fast@v5.2.0,8768,1.21837e+08,27720068608
NVIDIA RTX 5000 Ada Generation,rna004_130bps_fast@v5.2.0,8832,1.27308e+08,27881552384
NVIDIA RTX 5000 Ada Generation,rna004_130bps_fast@v5.2.0,8896,1.22442e+08,28040939008
NVIDIA RTX 5000 Ada Generation,rna004_130bps_fast@v5.2.0,8960,1.31138e+08,28206617088
NVIDIA RTX 5000 Ada Generation,rna004_130bps_fast@v5.2.0,9024,1.29112e+08,28370198016
NVIDIA RTX 5000 Ada Generation,rna004_130bps_fast@v5.2.0,9088,1.28824e+08,28533778944
NVIDIA RTX 5000 Ada Generation,rna004_130bps_fast@v5.2.0,9152,1.295e+08,28697359872
NVIDIA RTX 5000 Ada Generation,rna004_130bps_fast@v5.2.0,9216,1.24094e+08,28856746496
NVIDIA RTX 5000 Ada Generation,rna004_130bps_fast@v5.2.0,9280,1.3369e+08,29022424576
NVIDIA RTX 5000 Ada Generation,rna004_130bps_fast@v5.2.0,9344,1.30807e+08,29183908352
NVIDIA RTX 5000 Ada Generation,rna004_130bps_fast@v5.2.0,9408,1.32385e+08,29343294976
NVIDIA RTX 5000 Ada Generation,rna004_130bps_fast@v5.2.0,9472,1.30729e+08,29513167360
NVIDIA RTX 5000 Ada Generation,rna004_130bps_fast@v5.2.0,9536,1.27524e+08,29670456832
NVIDIA RTX 5000 Ada Generation,rna004_130bps_fast@v5.2.0,9600,1.23661e+08,29834037760
NVIDIA RTX 5000 Ada Generation,rna004_130bps_fast@v5.2.0,9664,1.27653e+08,29997618688
NVIDIA RTX 5000 Ada Generation,rna004_130bps_fast@v5.2.0,9728,1.29727e+08,30159102464
NVIDIA RTX 5000 Ada Generation,rna004_130bps_fast@v5.2.0,9792,1.29611e+08,30324780544
NVIDIA RTX 5000 Ada Generation,rna004_130bps_fast@v5.2.0,9856,1.20989e+08,30486264320
NVIDIA RTX 5000 Ada Generation,rna004_130bps_fast@v5.2.0,9920,1.29145e+08,30647748096
NVIDIA RTX 5000 Ada Generation,rna004_130bps_fast@v5.2.0,9984,1.23178e+08,30815523328
NVIDIA RTX 5000 Ada Generation,rna004_130bps_fast@v5.2.0,10048,1.28528e+08,30972812800
NVIDIA RTX 5000 Ada Generation,rna004_130bps_fast@v5.2.0,10112,1.23311e+08,31134296576
NVIDIA RTX 5000 Ada Generation,rna004_130bps_fast@v5.2.0,10176,1.14705e+08,31304168960
NVIDIA RTX 5000 Ada Generation,rna004_130bps_fast@v5.2.0,10240,1.16857e+08,31463555584
NVIDIA RTX 5000 Ada Generation,rna004_130bps_hac@v5.1.0,64,1.37396e+07,490241024
NVIDIA RTX 5000 Ada Generation,rna004_130bps_hac@v5.1.0,128,2.65117e+07,957576704
NVIDIA RTX 5000 Ada Generation,rna004_130bps_hac@v5.1.0,192,3.57511e+07,1432406528
NVIDIA RTX 5000 Ada Generation,rna004_130bps_hac@v5.1.0,256,4.43065e+07,1892077568
NVIDIA RTX 5000 Ada Generation,rna004_130bps_hac@v5.1.0,320,5.06151e+07,2360176128
NVIDIA RTX 5000 Ada Generation,rna004_130bps_hac@v5.1.0,384,5.53809e+07,2828882432
NVIDIA RTX 5000 Ada Generation,rna004_130bps_hac@v5.1.0,448,5.51588e+07,3313502208
NVIDIA RTX 5000 Ada Generation,rna004_130bps_hac@v5.1.0,512,5.99398e+07,3770752512
NVIDIA RTX 5000 Ada Generation,rna004_130bps_hac@v5.1.0,576,4.80051e+07,4252662272
NVIDIA RTX 5000 Ada Generation,rna004_130bps_hac@v5.1.0,640,5.40071e+07,4712836096
NVIDIA RTX 5000 Ada Generation,rna004_130bps_hac@v5.1.0,704,5.48308e+07,5184220160
NVIDIA RTX 5000 Ada Generation,rna004_130bps_hac@v5.1.0,768,5.92861e+07,5649448448
NVIDIA RTX 5000 Ada Generation,rna004_130bps_hac@v5.1.0,832,6.17112e+07,6118556160
NVIDIA RTX 5000 Ada Generation,rna004_130bps_hac@v5.1.0,896,6.20545e+07,6566151168
NVIDIA RTX 5000 Ada Generation,rna004_130bps_hac@v5.1.0,960,6.5508e+07,7071893504
NVIDIA RTX 5000 Ada Generation,rna004_130bps_hac@v5.1.0,1024,6.5641e+07,7525907968
NVIDIA RTX 5000 Ada Generation,rna004_130bps_hac@v5.1.0,1088,6.0169e+07,7991565824
NVIDIA RTX 5000 Ada Generation,rna004_130bps_hac@v5.1.0,1152,6.06913e+07,8463549952
NVIDIA RTX 5000 Ada Generation,rna004_130bps_hac@v5.1.0,1216,6.2485e+07,8953902080
NVIDIA RTX 5000 Ada Generation,rna004_130bps_hac@v5.1.0,1280,6.57057e+07,9402597376
NVIDIA RTX 5000 Ada Generation,rna004_130bps_hac@v5.1.0,1344,6.35415e+07,9869137920
NVIDIA RTX 5000 Ada Generation,rna004_130bps_hac@v5.1.0,1408,6.93421e+07,10349836800
NVIDIA RTX 5000 Ada Generation,rna004_130bps_hac@v5.1.0,1472,6.67856e+07,10815967232
NVIDIA RTX 5000 Ada Generation,rna004_130bps_hac@v5.1.0,1536,7.22615e+07,11279907840
NVIDIA RTX 5000 Ada Generation,rna004_130bps_hac@v5.1.0,1600,7.04964e+07,11777964544
NVIDIA RTX 5000 Ada Generation,rna004_130bps_hac@v5.1.0,1664,7.54029e+07,12244601344
NVIDIA RTX 5000 Ada Generation,rna004_130bps_hac@v5.1.0,1728,6.96222e+07,12653046272
NVIDIA RTX 5000 Ada Generation,rna004_130bps_hac@v5.1.0,1792,7.04947e+07,13156969472
NVIDIA RTX 5000 Ada Generation,rna004_130bps_hac@v5.1.0,1856,7.63824e+07,13623949824
NVIDIA RTX 5000 Ada Generation,rna004_130bps_hac@v5.1.0,1920,8.08035e+07,14078907904
NVIDIA RTX 5000 Ada Generation,rna004_130bps_hac@v5.1.0,1984,7.41163e+07,14561547776
NVIDIA RTX 5000 Ada Generation,rna004_130bps_hac@v5.1.0,2048,7.60744e+07,15031087616
NVIDIA RTX 5000 Ada Generation,rna004_130bps_hac@v5.1.0,2112,6.19463e+07,15498975232
NVIDIA RTX 5000 Ada Generation,rna004_130bps_hac@v5.1.0,2176,6.61005e+07,15965544960
NVIDIA RTX 5000 Ada Generation,rna004_130bps_hac@v5.1.0,2240,6.34498e+07,16386220032
NVIDIA RTX 5000 Ada Generation,rna004_130bps_hac@v5.1.0,2304,6.55563e+07,16914324480
NVIDIA RTX 5000 Ada Generation,rna004_130bps_hac@v5.1.0,2368,6.24249e+07,17372172288
NVIDIA RTX 5000 Ada Generation,rna004_130bps_hac@v5.1.0,2432,6.74267e+07,17844546048
NVIDIA RTX 5000 Ada Generation,rna004_130bps_hac@v5.1.0,2496,6.80354e+07,18317011456
NVIDIA RTX 5000 Ada Generation,rna004_130bps_hac@v5.1.0,2560,6.9677e+07,18716881920
NVIDIA RTX 5000 Ada Generation,rna004_130bps_hac@v5.1.0,2624,6.67326e+07,19252366848
NVIDIA RTX 5000 Ada Generation,rna004_130bps_hac@v5.1.0,2688,6.56702e+07,19715916800
NVIDIA RTX 5000 Ada Generation,rna004_130bps_hac@v5.1.0,2752,6.97808e+07,20196501504
NVIDIA RTX 5000 Ada Generation,rna004_130bps_hac@v5.1.0,2816,6.6665e+07,20654477312
NVIDIA RTX 5000 Ada Generation,rna004_130bps_hac@v5.1.0,2880,7.56948e+07,21146643968
NVIDIA RTX 5000 Ada Generation,rna004_130bps_hac@v5.1.0,2944,6.33923e+07,21599523840
NVIDIA RTX 5000 Ada Generation,rna004_130bps_hac@v5.1.0,3008,7.34155e+07,22064398848
NVIDIA RTX 5000 Ada Generation,rna004_130bps_hac@v5.1.0,3072,6.78429e+07,22476861440
NVIDIA RTX 5000 Ada Generation,rna004_130bps_hac@v5.1.0,3136,6.3413e+07,22940369408
NVIDIA RTX 5000 Ada Generation,rna004_130bps_hac@v5.1.0,3200,6.33596e+07,23398726656
NVIDIA RTX 5000 Ada Generation,rna004_130bps_hac@v5.1.0,3264,5.98348e+07,23879050752
NVIDIA RTX 5000 Ada Generation,rna004_130bps_hac@v5.1.0,3328,7.4496e+07,24357416448
NVIDIA RTX 5000 Ada Generation,rna004_130bps_hac@v5.1.0,3392,6.79259e+07,24790269952
NVIDIA RTX 5000 Ada Generation,rna004_130bps_hac@v5.1.0,3456,6.80812e+07,25288543232
NVIDIA RTX 5000 Ada Generation,rna004_130bps_hac@v5.1.0,3520,6.17226e+07,25752072192
NVIDIA RTX 5000 Ada Generation,rna004_130bps_hac@v5.1.0,3584,7.02337e+07,26219290112
NVIDIA RTX 5000 Ada Generation,rna004_130bps_hac@v5.1.0,3648,6.5083e+07,26679432704
NVIDIA RTX 5000 Ada Generation,rna004_130bps_hac@v5.1.0,3712,7.17384e+07,27176439808
NVIDIA RTX 5000 Ada Generation,rna004_130bps_hac@v5.1.0,3776,6.462e+07,27624509440
NVIDIA RTX 5000 Ada Generation,rna004_130bps_hac@v5.1.0,3840,7.87161e+07,28086362112
NVIDIA RTX 5000 Ada Generation,rna004_130bps_hac@v5.1.0,3904,7.12979e+07,28550095360
NVIDIA RTX 5000 Ada Generation,rna004_130bps_hac@v5.1.0,3968,7.87273e+07,29005313024
NVIDIA RTX 5000 Ada Generation,rna004_130bps_hac@v5.1.0,4032,7.05251e+07,29470494208
NVIDIA RTX 5000 Ada Generation,rna004_130bps_hac@v5.2.0,64,1.31919e+07,490230784
NVIDIA RTX 5000 Ada Generation,rna004_130bps_hac@v5.2.0,128,2.49602e+07,958487552
NVIDIA RTX 5000 Ada Generation,rna004_130bps_hac@v5.2.0,192,3.43681e+07,1426643968
NVIDIA RTX 5000 Ada Generation,rna004_130bps_hac@v5.2.0,256,4.27161e+07,1894352384
NVIDIA RTX 5000 Ada Generation,rna004_130bps_hac@v5.2.0,320,4.89721e+07,2359291904
NVIDIA RTX 5000 Ada Generation,rna004_130bps_hac@v5.2.0,384,5.38103e+07,2827488256
NVIDIA RTX 5000 Ada Generation,rna004_130bps_hac@v5.2.0,448,5.38051e+07,3299061760
NVIDIA RTX 5000 Ada Generation,rna004_130bps_hac@v5.2.0,512,5.43736e+07,3765220352
NVIDIA RTX 5000 Ada Generation,rna004_130bps_hac@v5.2.0,576,5.01269e+07,4234677248
NVIDIA RTX 5000 Ada Generation,rna004_130bps_hac@v5.2.0,640,5.26405e+07,4723798016
NVIDIA RTX 5000 Ada Generation,rna004_130bps_hac@v5.2.0,704,5.23941e+07,5192609792
NVIDIA RTX 5000 Ada Generation,rna004_130bps_hac@v5.2.0,768,5.40824e+07,5649206272
NVIDIA RTX 5000 Ada Generation,rna004_130bps_hac@v5.2.0,832,5.50339e+07,6119723520
NVIDIA RTX 5000 Ada Generation,rna004_130bps_hac@v5.2.0,896,6.2935e+07,6572800000
NVIDIA RTX 5000 Ada Generation,rna004_130bps_hac@v5.2.0,960,5.98442e+07,7035099136
NVIDIA RTX 5000 Ada Generation,rna004_130bps_hac@v5.2.0,1024,6.67894e+07,7543938048
NVIDIA RTX 5000 Ada Generation,rna004_130bps_hac@v5.2.0,1088,5.49371e+07,8011030528
NVIDIA RTX 5000 Ada Generation,rna004_130bps_hac@v5.2.0,1152,5.77589e+07,8463363584
NVIDIA RTX 5000 Ada Generation,rna004_130bps_hac@v5.2.0,1216,6.10657e+07,8936939520
NVIDIA RTX 5000 Ada Generation,rna004_130bps_hac@v5.2.0,1280,6.42053e+07,9401305600
NVIDIA RTX 5000 Ada Generation,rna004_130bps_hac@v5.2.0,1344,6.34023e+07,9840891904
NVIDIA RTX 5000 Ada Generation,rna004_130bps_hac@v5.2.0,1408,6.51658e+07,10339928576
NVIDIA RTX 5000 Ada Generation,rna004_130bps_hac@v5.2.0,1472,6.61692e+07,10821429248
NVIDIA RTX 5000 Ada Generation,rna004_130bps_hac@v5.2.0,1536,6.91495e+07,11268248064
NVIDIA RTX 5000 Ada Generation,rna004_130bps_hac@v5.2.0,1600,6.9219e+07,11760655872
NVIDIA RTX 5000 Ada Generation,rna004_130bps_hac@v5.2.0,1664,7.35568e+07,12213980672
NVIDIA RTX 5000 Ada Generation,rna004_130bps_hac@v5.2.0,1728,7.31121e+07,12724644352
NVIDIA RTX 5000 Ada Generation,rna004_130bps_hac@v5.2.0,1792,7.7301e+07,13171014656
NVIDIA RTX 5000 Ada Generation,rna004_130bps_hac@v5.2.0,1856,7.49111e+07,13631830528
NVIDIA RTX 5000 Ada Generation,rna004_130bps_hac@v5.2.0,1920,7.91931e+07,14125030400
NVIDIA RTX 5000 Ada Generation,rna004_130bps_hac@v5.2.0,1984,7.778e+07,14566168576
NVIDIA RTX 5000 Ada Generation,rna004_130bps_hac@v5.2.0,2048,8.18392e+07,15046687744
NVIDIA RTX 5000 Ada Generation,rna004_130bps_hac@v5.2.0,2112,6.22882e+07,15502287872
NVIDIA RTX 5000 Ada Generation,rna004_130bps_hac@v5.2.0,2176,5.98011e+07,15980590592
NVIDIA RTX 5000 Ada Generation,rna004_130bps_hac@v5.2.0,2240,5.74929e+07,16445704192
NVIDIA RTX 5000 Ada Generation,rna004_130bps_hac@v5.2.0,2304,6.64011e+07,16904258560
NVIDIA RTX 5000 Ada Generation,rna004_130bps_hac@v5.2.0,2368,6.71701e+07,17372379648
NVIDIA RTX 5000 Ada Generation,rna004_130bps_hac@v5.2.0,2432,6.1931e+07,17832239104
NVIDIA RTX 5000 Ada Generation,rna004_130bps_hac@v5.2.0,2496,6.38545e+07,18317886464
NVIDIA RTX 5000 Ada Generation,rna004_130bps_hac@v5.2.0,2560,5.97615e+07,18787524096
NVIDIA RTX 5000 Ada Generation,rna004_130bps_hac@v5.2.0,2624,6.63458e+07,19193014272
NVIDIA RTX 5000 Ada Generation,rna004_130bps_hac@v5.2.0,2688,6.54268e+07,19735607296
NVIDIA RTX 5000 Ada Generation,rna004_130bps_hac@v5.2.0,2752,6.9847e+07,20197310976
NVIDIA RTX 5000 Ada Generation,rna004_130bps_hac@v5.2.0,2816,6.08121e+07,20591633920
NVIDIA RTX 5000 Ada Generation,rna004_130bps_hac@v5.2.0,2880,7.44128e+07,21132098048
NVIDIA RTX 5000 Ada Generation,rna004_130bps_hac@v5.2.0,2944,6.88129e+07,21619750912
NVIDIA RTX 5000 Ada Generation,rna004_130bps_hac@v5.2.0,3008,7.35386e+07,21995343872
NVIDIA RTX 5000 Ada Generation,rna004_130bps_hac@v5.2.0,3072,6.29328e+07,22454858752
NVIDIA RTX 5000 Ada Generation,rna004_130bps_hac@v5.2.0,3136,6.34171e+07,22916098048
NVIDIA RTX 5000 Ada Generation,rna004_130bps_hac@v5.2.0,3200,6.8589e+07,23391709184
NVIDIA RTX 5000 Ada Generation,rna004_130bps_hac@v5.2.0,3264,6.20622e+07,23859035648
NVIDIA RTX 5000 Ada Generation,rna004_130bps_hac@v5.2.0,3328,6.91334e+07,24386788864
NVIDIA RTX 5000 Ada Generation,rna004_130bps_hac@v5.2.0,3392,6.51042e+07,24790460928
NVIDIA RTX 5000 Ada Generation,rna004_130bps_hac@v5.2.0,3456,6.49044e+07,25290118144
NVIDIA RTX 5000 Ada Generation,rna004_130bps_hac@v5.2.0,3520,6.63488e+07,25750024704
NVIDIA RTX 5000 Ada Generation,rna004_130bps_hac@v5.2.0,3584,7.03151e+07,26236083200
NVIDIA RTX 5000 Ada Generation,rna004_130bps_hac@v5.2.0,3648,6.50853e+07,26677567488
NVIDIA RTX 5000 Ada Generation,rna004_130bps_hac@v5.2.0,3712,6.28424e+07,27160531968
NVIDIA RTX 5000 Ada Generation,rna004_130bps_hac@v5.2.0,3776,6.3529e+07,27626582528
NVIDIA RTX 5000 Ada Generation,rna004_130bps_hac@v5.2.0,3840,7.842e+07,28063299584
NVIDIA RTX 5000 Ada Generation,rna004_130bps_hac@v5.2.0,3904,7.15055e+07,28524175360
NVIDIA RTX 5000 Ada Generation,rna004_130bps_hac@v5.2.0,3968,7.90108e+07,29007390720
NVIDIA RTX 5000 Ada Generation,rna004_130bps_hac@v5.2.0,4032,7.15264e+07,29470347776
NVIDIA RTX 5000 Ada Generation,rna004_130bps_sup@v5.1.0,32,6.93784e+06,1891412992
NVIDIA RTX 5000 Ada Generation,rna004_130bps_sup@v5.1.0,64,8.20747e+06,3063493120
NVIDIA RTX 5000 Ada Generation,rna004_130bps_sup@v5.1.0,96,8.64176e+06,4237276672
NVIDIA RTX 5000 Ada Generation,rna004_130bps_sup@v5.1.0,128,8.33334e+06,5427837952
NVIDIA RTX 5000 Ada Generation,rna004_130bps_sup@v5.1.0,160,8.81578e+06,6616433152
NVIDIA RTX 5000 Ada Generation,rna004_130bps_sup@v5.1.0,192,8.81316e+06,7806928896
NVIDIA RTX 5000 Ada Generation,rna004_130bps_sup@v5.1.0,224,8.62908e+06,8996934144
NVIDIA RTX 5000 Ada Generation,rna004_130bps_sup@v5.1.0,256,8.93166e+06,10190607360
NVIDIA RTX 5000 Ada Generation,rna004_130bps_sup@v5.2.0,32,6.97991e+06,1891412992
NVIDIA RTX 5000 Ada Generation,rna004_130bps_sup@v5.2.0,64,8.09204e+06,3063493120
NVIDIA RTX 5000 Ada Generation,rna004_130bps_sup@v5.2.0,96,8.45921e+06,4237276672
NVIDIA RTX 5000 Ada Generation,rna004_130bps_sup@v5.2.0,128,8.46447e+06,5427837952
NVIDIA RTX 5000 Ada Generation,rna004_130bps_sup@v5.2.0,160,8.82098e+06,6622331392
NVIDIA RTX 5000 Ada Generation,rna004_130bps_sup@v5.2.0,192,8.82307e+06,7806928896
NVIDIA RTX 5000 Ada Generation,rna004_130bps_sup@v5.2.0,224,8.61187e+06,9005191680
NVIDIA RTX 5000 Ada Generation,rna004_130bps_sup@v5.2.0,256,8.93375e+06,10197685248
