NVIDIA RTX PRO 4500 Blackwell,dna_r10.4.1_e8.2_400bps_fast@v4.3.0,64,3.41176e+07,1223602688
NVIDIA RTX PRO 4500 Blackwell,dna_r10.4.1_e8.2_400bps_fast@v4.3.0,128,5.97661e+07,1371934720
NVIDIA RTX PRO 4500 Blackwell,dna_r10.4.1_e8.2_400bps_fast@v4.3.0,192,8.08035e+07,1518170112
NVIDIA RTX PRO 4500 Blackwell,dna_r10.4.1_e8.2_400bps_fast@v4.3.0,256,9.90395e+07,1666501120
NVIDIA RTX PRO 4500 Blackwell,dna_r10.4.1_e8.2_400bps_fast@v4.3.0,320,1.14745e+08,1812736512
NVIDIA RTX PRO 4500 Blackwell,dna_r10.4.1_e8.2_400bps_fast@v4.3.0,384,1.19284e+08,1958971392
NVIDIA RTX PRO 4500 Blackwell,dna_r10.4.1_e8.2_400bps_fast@v4.3.0,448,1.29338e+08,2105206784
NVIDIA RTX PRO 4500 Blackwell,dna_r10.4.1_e8.2_400bps_fast@v4.3.0,512,1.36607e+08,2253537792
NVIDIA RTX PRO 4500 Blackwell,dna_r10.4.1_e8.2_400bps_fast@v4.3.0,576,1.43326e+08,2399773184
NVIDIA RTX PRO 4500 Blackwell,dna_r10.4.1_e8.2_400bps_fast@v4.3.0,640,1.49e+08,2548105216
NVIDIA RTX PRO 4500 Blackwell,dna_r10.4.1_e8.2_400bps_fast@v4.3.0,704,1.44069e+08,2693454848
NVIDIA RTX PRO 4500 Blackwell,dna_r10.4.1_e8.2_400bps_fast@v4.3.0,768,1.48122e+08,2840574464
NVIDIA RTX PRO 4500 Blackwell,dna_r10.4.1_e8.2_400bps_fast@v4.3.0,832,1.52113e+08,2987097600
NVIDIA RTX PRO 4500 Blackwell,dna_r10.4.1_e8.2_400bps_fast@v4.3.0,896,1.56771e+08,3137064960
NVIDIA RTX PRO 4500 Blackwell,dna_r10.4.1_e8.2_400bps_fast@v4.3.0,960,1.60082e+08,3302667264
NVIDIA RTX PRO 4500 Blackwell,dna_r10.4.1_e8.2_400bps_fast@v4.3.0,1024,1.56536e+08,3449082368
NVIDIA RTX PRO 4500 Blackwell,dna_r10.4.1_e8.2_400bps_fast@v4.3.0,1088,1.5753e+08,3575943680
NVIDIA RTX PRO 4500 Blackwell,dna_r10.4.1_e8.2_400bps_fast@v4.3.0,1152,1.59847e+08,3722254336
NVIDIA RTX PRO 4500 Blackwell,dna_r10.4.1_e8.2_400bps_fast@v4.3.0,1216,1.63951e+08,3898095104
NVIDIA RTX PRO 4500 Blackwell,dna_r10.4.1_e8.2_400bps_fast@v4.3.0,1280,1.67289e+08,4016744960
NVIDIA RTX PRO 4500 Blackwell,dna_r10.4.1_e8.2_400bps_fast@v4.3.0,1344,1.62627e+08,4163767808
NVIDIA RTX PRO 4500 Blackwell,dna_r10.4.1_e8.2_400bps_fast@v4.3.0,1408,1.64641e+08,4340998144
NVIDIA RTX PRO 4500 Blackwell,dna_r10.4.1_e8.2_400bps_fast@v4.3.0,1472,1.66105e+08,4461605888
NVIDIA RTX PRO 4500 Blackwell,dna_r10.4.1_e8.2_400bps_fast@v4.3.0,1536,1.67377e+08,4605280768
NVIDIA RTX PRO 4500 Blackwell,dna_r10.4.1_e8.2_400bps_fast@v4.3.0,1600,1.67904e+08,4755248640
NVIDIA RTX PRO 4500 Blackwell,dna_r10.4.1_e8.2_400bps_fast@v4.3.0,1664,1.64594e+08,4932478976
NVIDIA RTX PRO 4500 Blackwell,dna_r10.4.1_e8.2_400bps_fast@v4.3.0,1728,1.64337e+08,5047607296
NVIDIA RTX PRO 4500 Blackwell,dna_r10.4.1_e8.2_400bps_fast@v4.3.0,1792,1.62985e+08,5194730496
NVIDIA RTX PRO 4500 Blackwell,dna_r10.4.1_e8.2_400bps_fast@v4.3.0,1856,1.65103e+08,5340644864
NVIDIA RTX PRO 4500 Blackwell,dna_r10.4.1_e8.2_400bps_fast@v4.3.0,1920,1.66924e+08,5490405376
NVIDIA RTX PRO 4500 Blackwell,dna_r10.4.1_e8.2_400bps_fast@v4.3.0,1984,1.64699e+08,5634081792
NVIDIA RTX PRO 4500 Blackwell,dna_r10.4.1_e8.2_400bps_fast@v4.3.0,2048,1.65775e+08,5783474688
NVIDIA RTX PRO 4500 Blackwell,dna_r10.4.1_e8.2_400bps_fast@v4.3.0,2112,1.66711e+08,5930418688
NVIDIA RTX PRO 4500 Blackwell,dna_r10.4.1_e8.2_400bps_fast@v4.3.0,2176,1.67579e+08,6075765248
NVIDIA RTX PRO 4500 Blackwell,dna_r10.4.1_e8.2_400bps_fast@v4.3.0,2240,1.68003e+08,6224142336
NVIDIA RTX PRO 4500 Blackwell,dna_r10.4.1_e8.2_400bps_fast@v4.3.0,2304,1.68577e+08,6369275392
NVIDIA RTX PRO 4500 Blackwell,dna_r10.4.1_e8.2_400bps_fast@v4.3.0,2368,1.6805e+08,6516745728
NVIDIA RTX PRO 4500 Blackwell,dna_r10.4.1_e8.2_400bps_fast@v4.3.0,2432,1.67819e+08,6665966592
NVIDIA RTX PRO 4500 Blackwell,dna_r10.4.1_e8.2_400bps_fast@v4.3.0,2496,1.67261e+08,6808896000
NVIDIA RTX PRO 4500 Blackwell,dna_r10.4.1_e8.2_400bps_fast@v4.3.0,2560,1.71659e+08,6958621184
NVIDIA RTX PRO 4500 Blackwell,dna_r10.4.1_e8.2_400bps_fast@v4.3.0,2624,1.70651e+08,7106491904
NVIDIA RTX PRO 4500 Blackwell,dna_r10.4.1_e8.2_400bps_fast@v4.3.0,2688,1.69479e+08,7251118592
NVIDIA RTX PRO 4500 Blackwell,dna_r10.4.1_e8.2_400bps_fast@v4.3.0,2752,1.6804e+08,7402509824
NVIDIA RTX PRO 4500 Blackwell,dna_r10.4.1_e8.2_400bps_fast@v4.3.0,2816,1.71588e+08,7545119232
NVIDIA RTX PRO 4500 Blackwell,dna_r10.4.1_e8.2_400bps_fast@v4.3.0,2880,1.70209e+08,7694349824
NVIDIA RTX PRO 4500 Blackwell,dna_r10.4.1_e8.2_400bps_fast@v4.3.0,2944,1.73858e+08,7841648640
NVIDIA RTX PRO 4500 Blackwell,dna_r10.4.1_e8.2_400bps_fast@v4.3.0,3008,1.65533e+08,7988336128
NVIDIA RTX PRO 4500 Blackwell,dna_r10.4.1_e8.2_400bps_fast@v4.3.0,3072,1.68964e+08,8133681664
NVIDIA RTX PRO 4500 Blackwell,dna_r10.4.1_e8.2_400bps_fast@v4.3.0,3136,1.72521e+08,8279028224
NVIDIA RTX PRO 4500 Blackwell,dna_r10.4.1_e8.2_400bps_fast@v4.3.0,3200,1.69772e+08,8428404736
NVIDIA RTX PRO 4500 Blackwell,dna_r10.4.1_e8.2_400bps_fast@v4.3.0,3264,1.72837e+08,8577732608
NVIDIA RTX PRO 4500 Blackwell,dna_r10.4.1_e8.2_400bps_fast@v4.3.0,3328,1.69744e+08,8721646080
NVIDIA RTX PRO 4500 Blackwell,dna_r10.4.1_e8.2_400bps_fast@v4.3.0,3392,1.66314e+08,8868802048
NVIDIA RTX PRO 4500 Blackwell,dna_r10.4.1_e8.2_400bps_fast@v4.3.0,3456,1.69482e+08,9012051456
NVIDIA RTX PRO 4500 Blackwell,dna_r10.4.1_e8.2_400bps_fast@v4.3.0,3520,1.72185e+08,9161995264
NVIDIA RTX PRO 4500 Blackwell,dna_r10.4.1_e8.2_400bps_fast@v4.3.0,3584,1.68612e+08,9311787520
NVIDIA RTX PRO 4500 Blackwell,dna_r10.4.1_e8.2_400bps_fast@v4.3.0,3648,1.71334e+08,9457761792
NVIDIA RTX PRO 4500 Blackwell,dna_r10.4.1_e8.2_400bps_fast@v4.3.0,3712,1.67267e+08,9604565504
NVIDIA RTX PRO 4500 Blackwell,dna_r10.4.1_e8.2_400bps_fast@v4.3.0,3776,1.69954e+08,9747186176
NVIDIA RTX PRO 4500 Blackwell,dna_r10.4.1_e8.2_400bps_fast@v4.3.0,3840,1.72696e+08,9897150976
NVIDIA RTX PRO 4500 Blackwell,dna_r10.4.1_e8.2_400bps_fast@v4.3.0,3904,1.68036e+08,10045021696
NVIDIA RTX PRO 4500 Blackwell,dna_r10.4.1_e8.2_400bps_fast@v4.3.0,3968,1.70576e+08,10191599104
NVIDIA RTX PRO 4500 Blackwell,dna_r10.4.1_e8.2_400bps_fast@v4.3.0,4032,1.65655e+08,10338584064
NVIDIA RTX PRO 4500 Blackwell,dna_r10.4.1_e8.2_400bps_fast@v4.3.0,4096,1.68338e+08,10489582080
NVIDIA RTX PRO 4500 Blackwell,dna_r10.4.1_e8.2_400bps_fast@v4.3.0,4160,1.70672e+08,10632191488
NVIDIA RTX PRO 4500 Blackwell,dna_r10.4.1_e8.2_400bps_fast@v4.3.0,4224,1.73264e+08,10781372928
NVIDIA RTX PRO 4500 Blackwell,dna_r10.4.1_e8.2_400bps_fast@v4.3.0,4288,1.6734e+08,10924622336
NVIDIA RTX PRO 4500 Blackwell,dna_r10.4.1_e8.2_400bps_fast@v4.3.0,4352,1.70009e+08,11072065024
NVIDIA RTX PRO 4500 Blackwell,dna_r10.4.1_e8.2_400bps_fast@v4.3.0,4416,1.7244e+08,11223600640
NVIDIA RTX PRO 4500 Blackwell,dna_r10.4.1_e8.2_400bps_fast@v4.3.0,4480,1.66232e+08,11368307200
NVIDIA RTX PRO 4500 Blackwell,dna_r10.4.1_e8.2_400bps_fast@v4.3.0,4544,1.68409e+08,11515110912
NVIDIA RTX PRO 4500 Blackwell,dna_r10.4.1_e8.2_400bps_fast@v4.3.0,4608,1.70421e+08,11659817472
NVIDIA RTX PRO 4500 Blackwell,dna_r10.4.1_e8.2_400bps_fast@v4.3.0,4672,1.72791e+08,11809282560
NVIDIA RTX PRO 4500 Blackwell,dna_r10.4.1_e8.2_400bps_fast@v4.3.0,4736,1.66327e+08,11956726272
NVIDIA RTX PRO 4500 Blackwell,dna_r10.4.1_e8.2_400bps_fast@v4.3.0,4800,1.68479e+08,12102072832
NVIDIA RTX PRO 4500 Blackwell,dna_r10.4.1_e8.2_400bps_fast@v4.3.0,4864,1.70994e+08,12251226624
NVIDIA RTX PRO 4500 Blackwell,dna_r10.4.1_e8.2_400bps_fast@v4.3.0,4928,1.72457e+08,12395933184
NVIDIA RTX PRO 4500 Blackwell,dna_r10.4.1_e8.2_400bps_fast@v4.3.0,4992,1.65332e+08,12542736896
NVIDIA RTX PRO 4500 Blackwell,dna_r10.4.1_e8.2_400bps_fast@v4.3.0,5056,1.6725e+08,12691846656
NVIDIA RTX PRO 4500 Blackwell,dna_r10.4.1_e8.2_400bps_fast@v4.3.0,5120,1.69151e+08,12835095040
NVIDIA RTX PRO 4500 Blackwell,dna_r10.4.1_e8.2_400bps_fast@v4.3.0,5184,1.71271e+08,12984635904
NVIDIA RTX PRO 4500 Blackwell,dna_r10.4.1_e8.2_400bps_fast@v4.3.0,5248,1.73057e+08,13134146048
NVIDIA RTX PRO 4500 Blackwell,dna_r10.4.1_e8.2_400bps_fast@v4.3.0,5312,1.65261e+08,13278852608
NVIDIA RTX PRO 4500 Blackwell,dna_r10.4.1_e8.2_400bps_fast@v4.3.0,5376,1.67163e+08,13425656320
NVIDIA RTX PRO 4500 Blackwell,dna_r10.4.1_e8.2_400bps_fast@v4.3.0,5440,1.68909e+08,13570362880
NVIDIA RTX PRO 4500 Blackwell,dna_r10.4.1_e8.2_400bps_fast@v4.3.0,5504,1.70815e+08,13723458048
NVIDIA RTX PRO 4500 Blackwell,dna_r10.4.1_e8.2_400bps_fast@v4.3.0,5568,1.72373e+08,13870261760
NVIDIA RTX PRO 4500 Blackwell,dna_r10.4.1_e8.2_400bps_fast@v4.3.0,5632,1.64268e+08,14014968320
NVIDIA RTX PRO 4500 Blackwell,dna_r10.4.1_e8.2_400bps_fast@v4.3.0,5696,1.65768e+08,14161772032
NVIDIA RTX PRO 4500 Blackwell,dna_r10.4.1_e8.2_400bps_fast@v4.3.0,5760,1.67298e+08,14306478592
NVIDIA RTX PRO 4500 Blackwell,dna_r10.4.1_e8.2_400bps_fast@v4.3.0,5824,1.69172e+08,14453282304
NVIDIA RTX PRO 4500 Blackwell,dna_r10.4.1_e8.2_400bps_fast@v4.3.0,5888,1.70921e+08,14606377472
NVIDIA RTX PRO 4500 Blackwell,dna_r10.4.1_e8.2_400bps_fast@v4.3.0,5952,1.72347e+08,14748986880
NVIDIA RTX PRO 4500 Blackwell,dna_r10.4.1_e8.2_400bps_fast@v4.3.0,6016,1.63319e+08,14899984896
NVIDIA RTX PRO 4500 Blackwell,dna_r10.4.1_e8.2_400bps_fast@v4.3.0,6080,1.65378e+08,15040497152
NVIDIA RTX PRO 4500 Blackwell,dna_r10.4.1_e8.2_400bps_fast@v4.3.0,6144,1.66201e+08,15189398016
NVIDIA RTX PRO 4500 Blackwell,dna_r10.4.1_e8.2_400bps_fast@v4.3.0,6208,1.68419e+08,15336201728
NVIDIA RTX PRO 4500 Blackwell,dna_r10.4.1_e8.2_400bps_fast@v4.3.0,6272,1.69664e+08,15480908288
NVIDIA RTX PRO 4500 Blackwell,dna_r10.4.1_e8.2_400bps_fast@v4.3.0,6336,1.71364e+08,15634003456
NVIDIA RTX PRO 4500 Blackwell,dna_r10.4.1_e8.2_400bps_fast@v4.3.0,6400,1.72712e+08,15780807168
NVIDIA RTX PRO 4500 Blackwell,dna_r10.4.1_e8.2_400bps_fast@v4.3.0,6464,1.62908e+08,15925513728
NVIDIA RTX PRO 4500 Blackwell,dna_r10.4.1_e8.2_400bps_fast@v4.3.0,6528,1.64388e+08,16072317440
NVIDIA RTX PRO 4500 Blackwell,dna_r10.4.1_e8.2_400bps_fast@v4.3.0,6592,1.65938e+08,16217024000
NVIDIA RTX PRO 4500 Blackwell,dna_r10.4.1_e8.2_400bps_fast@v4.3.0,6656,1.6689e+08,16365924864
NVIDIA RTX PRO 4500 Blackwell,dna_r10.4.1_e8.2_400bps_fast@v4.3.0,6720,1.68564e+08,16516922880
NVIDIA RTX PRO 4500 Blackwell,dna_r10.4.1_e8.2_400bps_fast@v4.3.0,6784,1.70061e+08,16659532288
NVIDIA RTX PRO 4500 Blackwell,dna_r10.4.1_e8.2_400bps_fast@v4.3.0,6848,1.71329e+08,16808433152
NVIDIA RTX PRO 4500 Blackwell,dna_r10.4.1_e8.2_400bps_fast@v4.3.0,6912,1.60387e+08,16951042560
NVIDIA RTX PRO 4500 Blackwell,dna_r10.4.1_e8.2_400bps_fast@v4.3.0,6976,1.61756e+08,17102040576
NVIDIA RTX PRO 4500 Blackwell,dna_r10.4.1_e8.2_400bps_fast@v4.3.0,7040,1.63246e+08,17246747136
NVIDIA RTX PRO 4500 Blackwell,dna_r10.4.1_e8.2_400bps_fast@v4.3.0,7104,1.64474e+08,17391453696
NVIDIA RTX PRO 4500 Blackwell,dna_r10.4.1_e8.2_400bps_fast@v4.3.0,7168,1.65709e+08,17542451712
NVIDIA RTX PRO 4500 Blackwell,dna_r10.4.1_e8.2_400bps_fast@v4.3.0,7232,1.67257e+08,17687158272
NVIDIA RTX PRO 4500 Blackwell,dna_r10.4.1_e8.2_400bps_fast@v4.3.0,7296,1.68535e+08,17838156288
NVIDIA RTX PRO 4500 Blackwell,dna_r10.4.1_e8.2_400bps_fast@v4.3.0,7360,1.69703e+08,17982862848
NVIDIA RTX PRO 4500 Blackwell,dna_r10.4.1_e8.2_400bps_fast@v4.3.0,7424,1.70972e+08,18127569408
NVIDIA RTX PRO 4500 Blackwell,dna_r10.4.1_e8.2_400bps_fast@v4.3.0,7488,1.72414e+08,18274373120
NVIDIA RTX PRO 4500 Blackwell,dna_r10.4.1_e8.2_400bps_fast@v4.3.0,7552,1.60264e+08,18421176832
NVIDIA RTX PRO 4500 Blackwell,dna_r10.4.1_e8.2_400bps_fast@v4.3.0,7616,1.6139e+08,18572174848
NVIDIA RTX PRO 4500 Blackwell,dna_r10.4.1_e8.2_400bps_fast@v4.3.0,7680,1.62617e+08,18721075712
NVIDIA RTX PRO 4500 Blackwell,dna_r10.4.1_e8.2_400bps_fast@v4.3.0,7744,1.64532e+08,18861587968
NVIDIA RTX PRO 4500 Blackwell,dna_r10.4.1_e8.2_400bps_fast@v4.3.0,7808,1.65307e+08,19010488832
NVIDIA RTX PRO 4500 Blackwell,dna_r10.4.1_e8.2_400bps_fast@v4.3.0,7872,1.66207e+08,19159389696
NVIDIA RTX PRO 4500 Blackwell,dna_r10.4.1_e8.2_400bps_fast@v4.3.0,7936,1.6783e+08,19304096256
NVIDIA RTX PRO 4500 Blackwell,dna_r10.4.1_e8.2_400bps_fast@v4.3.0,8000,1.68804e+08,19455094272
NVIDIA RTX PRO 4500 Blackwell,dna_r10.4.1_e8.2_400bps_fast@v4.3.0,8064,1.69807e+08,19597703680
NVIDIA RTX PRO 4500 Blackwell,dna_r10.4.1_e8.2_400bps_fast@v4.3.0,8128,1.71097e+08,19744507392
NVIDIA RTX PRO 4500 Blackwell,dna_r10.4.1_e8.2_400bps_fast@v4.3.0,8192,1.72486e+08,19895505408
NVIDIA RTX PRO 4500 Blackwell,dna_r10.4.1_e8.2_400bps_fast@v4.3.0,8256,1.58957e+08,20040211968
NVIDIA RTX PRO 4500 Blackwell,dna_r10.4.1_e8.2_400bps_fast@v4.3.0,8320,1.60173e+08,20153461248
NVIDIA RTX PRO 4500 Blackwell,dna_r10.4.1_e8.2_400bps_fast@v4.3.0,8384,1.61027e+08,20262516224
NVIDIA RTX PRO 4500 Blackwell,dna_r10.4.1_e8.2_400bps_fast@v4.3.0,8448,1.62292e+08,20379959808
NVIDIA RTX PRO 4500 Blackwell,dna_r10.4.1_e8.2_400bps_fast@v4.3.0,8512,1.6359e+08,20497403392
NVIDIA RTX PRO 4500 Blackwell,dna_r10.4.1_e8.2_400bps_fast@v4.3.0,8576,1.64294e+08,20606458368
NVIDIA RTX PRO 4500 Blackwell,dna_r10.4.1_e8.2_400bps_fast@v4.3.0,8640,1.65307e+08,20721804800
NVIDIA RTX PRO 4500 Blackwell,dna_r10.4.1_e8.2_400bps_fast@v4.3.0,8704,1.66455e+08,20828762624
NVIDIA RTX PRO 4500 Blackwell,dna_r10.4.1_e8.2_400bps_fast@v4.3.0,8768,1.67676e+08,20944109056
NVIDIA RTX PRO 4500 Blackwell,dna_r10.4.1_e8.2_400bps_fast@v4.3.0,8832,1.69187e+08,21063649792
NVIDIA RTX PRO 4500 Blackwell,dna_r10.4.1_e8.2_400bps_fast@v4.3.0,8896,1.6988e+08,21174801920
NVIDIA RTX PRO 4500 Blackwell,dna_r10.4.1_e8.2_400bps_fast@v4.3.0,8960,1.70846e+08,21288051200
NVIDIA RTX PRO 4500 Blackwell,dna_r10.4.1_e8.2_400bps_fast@v4.3.0,9024,1.71789e+08,21403397632
NVIDIA RTX PRO 4500 Blackwell,dna_r10.4.1_e8.2_400bps_fast@v4.3.0,9088,1.73064e+08,21510355456
NVIDIA RTX PRO 4500 Blackwell,dna_r10.4.1_e8.2_400bps_fast@v4.3.0,9152,1.58161e+08,21627799040
NVIDIA RTX PRO 4500 Blackwell,dna_r10.4.1_e8.2_400bps_fast@v4.3.0,9216,1.59139e+08,21738951168
NVIDIA RTX PRO 4500 Blackwell,dna_r10.4.1_e8.2_400bps_fast@v4.3.0,9280,1.60356e+08,21856394752
NVIDIA RTX PRO 4500 Blackwell,dna_r10.4.1_e8.2_400bps_fast@v4.3.0,9344,1.67314e+08,21971741184
NVIDIA RTX PRO 4500 Blackwell,dna_r10.4.1_e8.2_400bps_fast@v4.3.0,9408,1.60062e+08,22078699008
NVIDIA RTX PRO 4500 Blackwell,dna_r10.4.1_e8.2_400bps_fast@v4.3.0,9472,1.6101e+08,22196142592
NVIDIA RTX PRO 4500 Blackwell,dna_r10.4.1_e8.2_400bps_fast@v4.3.0,9536,1.63508e+08,22305197568
NVIDIA RTX PRO 4500 Blackwell,dna_r10.4.1_e8.2_400bps_fast@v4.3.0,9600,1.64558e+08,22420544000
NVIDIA RTX PRO 4500 Blackwell,dna_r10.4.1_e8.2_400bps_fast@v4.3.0,9664,1.65335e+08,22537987584
NVIDIA RTX PRO 4500 Blackwell,dna_r10.4.1_e8.2_400bps_fast@v4.3.0,9728,1.66453e+08,22647042560
NVIDIA RTX PRO 4500 Blackwell,dna_r10.4.1_e8.2_400bps_fast@v4.3.0,9792,1.67416e+08,22762388992
NVIDIA RTX PRO 4500 Blackwell,dna_r10.4.1_e8.2_400bps_fast@v4.3.0,9856,1.68176e+08,22873541120
NVIDIA RTX PRO 4500 Blackwell,dna_r10.4.1_e8.2_400bps_fast@v4.3.0,9920,1.69129e+08,22986790400
NVIDIA RTX PRO 4500 Blackwell,dna_r10.4.1_e8.2_400bps_fast@v4.3.0,9984,1.70247e+08,23102136832
NVIDIA RTX PRO 4500 Blackwell,dna_r10.4.1_e8.2_400bps_fast@v4.3.0,10048,1.71268e+08,23211191808
NVIDIA RTX PRO 4500 Blackwell,dna_r10.4.1_e8.2_400bps_fast@v4.3.0,10112,1.72347e+08,23330732544
NVIDIA RTX PRO 4500 Blackwell,dna_r10.4.1_e8.2_400bps_fast@v4.3.0,10176,1.7344e+08,23446078976
NVIDIA RTX PRO 4500 Blackwell,dna_r10.4.1_e8.2_400bps_fast@v4.3.0,10240,1.71709e+08,23555133952
NVIDIA RTX PRO 4500 Blackwell,dna_r10.4.1_e8.2_400bps_fast@v5.0.0,64,3.42332e+07,1223602688
NVIDIA RTX PRO 4500 Blackwell,dna_r10.4.1_e8.2_400bps_fast@v5.0.0,128,5.97536e+07,1371934720
NVIDIA RTX PRO 4500 Blackwell,dna_r10.4.1_e8.2_400bps_fast@v5.0.0,192,8.07667e+07,1518170112
NVIDIA RTX PRO 4500 Blackwell,dna_r10.4.1_e8.2_400bps_fast@v5.0.0,256,9.851e+07,1666501120
NVIDIA RTX PRO 4500 Blackwell,dna_r10.4.1_e8.2_400bps_fast@v5.0.0,320,1.14726e+08,1812736512
NVIDIA RTX PRO 4500 Blackwell,dna_r10.4.1_e8.2_400bps_fast@v5.0.0,384,1.19321e+08,1958971392
NVIDIA RTX PRO 4500 Blackwell,dna_r10.4.1_e8.2_400bps_fast@v5.0.0,448,1.28382e+08,2105206784
NVIDIA RTX PRO 4500 Blackwell,dna_r10.4.1_e8.2_400bps_fast@v5.0.0,512,1.35575e+08,2253537792
NVIDIA RTX PRO 4500 Blackwell,dna_r10.4.1_e8.2_400bps_fast@v5.0.0,576,1.4226e+08,2399773184
NVIDIA RTX PRO 4500 Blackwell,dna_r10.4.1_e8.2_400bps_fast@v5.0.0,640,1.48933e+08,2548105216
NVIDIA RTX PRO 4500 Blackwell,dna_r10.4.1_e8.2_400bps_fast@v5.0.0,704,1.44155e+08,2707529728
NVIDIA RTX PRO 4500 Blackwell,dna_r10.4.1_e8.2_400bps_fast@v5.0.0,768,1.48138e+08,2855928320
NVIDIA RTX PRO 4500 Blackwell,dna_r10.4.1_e8.2_400bps_fast@v5.0.0,832,1.52194e+08,2987097600
NVIDIA RTX PRO 4500 Blackwell,dna_r10.4.1_e8.2_400bps_fast@v5.0.0,896,1.56653e+08,3154977792
NVIDIA RTX PRO 4500 Blackwell,dna_r10.4.1_e8.2_400bps_fast@v5.0.0,960,1.60106e+08,3283474432
NVIDIA RTX PRO 4500 Blackwell,dna_r10.4.1_e8.2_400bps_fast@v5.0.0,1024,1.54532e+08,3428610560
NVIDIA RTX PRO 4500 Blackwell,dna_r10.4.1_e8.2_400bps_fast@v5.0.0,1088,1.57654e+08,3597695488
NVIDIA RTX PRO 4500 Blackwell,dna_r10.4.1_e8.2_400bps_fast@v5.0.0,1152,1.5997e+08,3745285120
NVIDIA RTX PRO 4500 Blackwell,dna_r10.4.1_e8.2_400bps_fast@v5.0.0,1216,1.6396e+08,3872929280
NVIDIA RTX PRO 4500 Blackwell,dna_r10.4.1_e8.2_400bps_fast@v5.0.0,1280,1.65049e+08,4016744960
NVIDIA RTX PRO 4500 Blackwell,dna_r10.4.1_e8.2_400bps_fast@v5.0.0,1344,1.62839e+08,4163767808
NVIDIA RTX PRO 4500 Blackwell,dna_r10.4.1_e8.2_400bps_fast@v5.0.0,1408,1.64625e+08,4311638016
NVIDIA RTX PRO 4500 Blackwell,dna_r10.4.1_e8.2_400bps_fast@v5.0.0,1472,1.66157e+08,4461605888
NVIDIA RTX PRO 4500 Blackwell,dna_r10.4.1_e8.2_400bps_fast@v5.0.0,1536,1.64233e+08,4635988480
NVIDIA RTX PRO 4500 Blackwell,dna_r10.4.1_e8.2_400bps_fast@v5.0.0,1600,1.67741e+08,4755248640
NVIDIA RTX PRO 4500 Blackwell,dna_r10.4.1_e8.2_400bps_fast@v5.0.0,1664,1.64621e+08,4898924544
NVIDIA RTX PRO 4500 Blackwell,dna_r10.4.1_e8.2_400bps_fast@v5.0.0,1728,1.60745e+08,5082153984
NVIDIA RTX PRO 4500 Blackwell,dna_r10.4.1_e8.2_400bps_fast@v5.0.0,1792,1.63013e+08,5194730496
NVIDIA RTX PRO 4500 Blackwell,dna_r10.4.1_e8.2_400bps_fast@v5.0.0,1856,1.61607e+08,5340644864
NVIDIA RTX PRO 4500 Blackwell,dna_r10.4.1_e8.2_400bps_fast@v5.0.0,1920,1.63132e+08,5490405376
NVIDIA RTX PRO 4500 Blackwell,dna_r10.4.1_e8.2_400bps_fast@v5.0.0,1984,1.6047e+08,5634081792
NVIDIA RTX PRO 4500 Blackwell,dna_r10.4.1_e8.2_400bps_fast@v5.0.0,2048,1.61923e+08,5783474688
NVIDIA RTX PRO 4500 Blackwell,dna_r10.4.1_e8.2_400bps_fast@v5.0.0,2112,1.62656e+08,5930418688
NVIDIA RTX PRO 4500 Blackwell,dna_r10.4.1_e8.2_400bps_fast@v5.0.0,2176,1.63349e+08,6075765248
NVIDIA RTX PRO 4500 Blackwell,dna_r10.4.1_e8.2_400bps_fast@v5.0.0,2240,1.63583e+08,6224142336
NVIDIA RTX PRO 4500 Blackwell,dna_r10.4.1_e8.2_400bps_fast@v5.0.0,2304,1.63602e+08,6369275392
NVIDIA RTX PRO 4500 Blackwell,dna_r10.4.1_e8.2_400bps_fast@v5.0.0,2368,1.63412e+08,6564087296
NVIDIA RTX PRO 4500 Blackwell,dna_r10.4.1_e8.2_400bps_fast@v5.0.0,2432,1.67812e+08,6665966592
NVIDIA RTX PRO 4500 Blackwell,dna_r10.4.1_e8.2_400bps_fast@v5.0.0,2496,1.67381e+08,6808896000
NVIDIA RTX PRO 4500 Blackwell,dna_r10.4.1_e8.2_400bps_fast@v5.0.0,2560,1.6649e+08,6958621184
NVIDIA RTX PRO 4500 Blackwell,dna_r10.4.1_e8.2_400bps_fast@v5.0.0,2624,1.70669e+08,7106491904
NVIDIA RTX PRO 4500 Blackwell,dna_r10.4.1_e8.2_400bps_fast@v5.0.0,2688,1.64054e+08,7251118592
NVIDIA RTX PRO 4500 Blackwell,dna_r10.4.1_e8.2_400bps_fast@v5.0.0,2752,1.67967e+08,7402509824
NVIDIA RTX PRO 4500 Blackwell,dna_r10.4.1_e8.2_400bps_fast@v5.0.0,2816,1.66283e+08,7545119232
NVIDIA RTX PRO 4500 Blackwell,dna_r10.4.1_e8.2_400bps_fast@v5.0.0,2880,1.69858e+08,7694349824
NVIDIA RTX PRO 4500 Blackwell,dna_r10.4.1_e8.2_400bps_fast@v5.0.0,2944,1.68155e+08,7841648640
NVIDIA RTX PRO 4500 Blackwell,dna_r10.4.1_e8.2_400bps_fast@v5.0.0,3008,1.65444e+08,7988336128
NVIDIA RTX PRO 4500 Blackwell,dna_r10.4.1_e8.2_400bps_fast@v5.0.0,3072,1.6886e+08,8133681664
NVIDIA RTX PRO 4500 Blackwell,dna_r10.4.1_e8.2_400bps_fast@v5.0.0,3136,1.66258e+08,8279028224
NVIDIA RTX PRO 4500 Blackwell,dna_r10.4.1_e8.2_400bps_fast@v5.0.0,3200,1.69542e+08,8428404736
NVIDIA RTX PRO 4500 Blackwell,dna_r10.4.1_e8.2_400bps_fast@v5.0.0,3264,1.66644e+08,8577732608
NVIDIA RTX PRO 4500 Blackwell,dna_r10.4.1_e8.2_400bps_fast@v5.0.0,3328,1.69784e+08,8721646080
NVIDIA RTX PRO 4500 Blackwell,dna_r10.4.1_e8.2_400bps_fast@v5.0.0,3392,1.66459e+08,8868802048
NVIDIA RTX PRO 4500 Blackwell,dna_r10.4.1_e8.2_400bps_fast@v5.0.0,3456,1.69397e+08,9012051456
NVIDIA RTX PRO 4500 Blackwell,dna_r10.4.1_e8.2_400bps_fast@v5.0.0,3520,1.65824e+08,9161995264
NVIDIA RTX PRO 4500 Blackwell,dna_r10.4.1_e8.2_400bps_fast@v5.0.0,3584,1.68688e+08,9311787520
NVIDIA RTX PRO 4500 Blackwell,dna_r10.4.1_e8.2_400bps_fast@v5.0.0,3648,1.64306e+08,9457761792
NVIDIA RTX PRO 4500 Blackwell,dna_r10.4.1_e8.2_400bps_fast@v5.0.0,3712,1.67248e+08,9604565504
NVIDIA RTX PRO 4500 Blackwell,dna_r10.4.1_e8.2_400bps_fast@v5.0.0,3776,1.62823e+08,9747186176
NVIDIA RTX PRO 4500 Blackwell,dna_r10.4.1_e8.2_400bps_fast@v5.0.0,3840,1.65416e+08,9897150976
NVIDIA RTX PRO 4500 Blackwell,dna_r10.4.1_e8.2_400bps_fast@v5.0.0,3904,1.6813e+08,10045021696
NVIDIA RTX PRO 4500 Blackwell,dna_r10.4.1_e8.2_400bps_fast@v5.0.0,3968,1.6309e+08,10191599104
NVIDIA RTX PRO 4500 Blackwell,dna_r10.4.1_e8.2_400bps_fast@v5.0.0,4032,1.65637e+08,10338584064
NVIDIA RTX PRO 4500 Blackwell,dna_r10.4.1_e8.2_400bps_fast@v5.0.0,4096,1.68548e+08,10489582080
NVIDIA RTX PRO 4500 Blackwell,dna_r10.4.1_e8.2_400bps_fast@v5.0.0,4160,1.70741e+08,10632191488
NVIDIA RTX PRO 4500 Blackwell,dna_r10.4.1_e8.2_400bps_fast@v5.0.0,4224,1.65079e+08,10781372928
NVIDIA RTX PRO 4500 Blackwell,dna_r10.4.1_e8.2_400bps_fast@v5.0.0,4288,1.67414e+08,10924622336
NVIDIA RTX PRO 4500 Blackwell,dna_r10.4.1_e8.2_400bps_fast@v5.0.0,4352,1.70063e+08,11072065024
NVIDIA RTX PRO 4500 Blackwell,dna_r10.4.1_e8.2_400bps_fast@v5.0.0,4416,1.63954e+08,11223600640
NVIDIA RTX PRO 4500 Blackwell,dna_r10.4.1_e8.2_400bps_fast@v5.0.0,4480,1.66208e+08,11368307200
NVIDIA RTX PRO 4500 Blackwell,dna_r10.4.1_e8.2_400bps_fast@v5.0.0,4544,1.68528e+08,11515110912
NVIDIA RTX PRO 4500 Blackwell,dna_r10.4.1_e8.2_400bps_fast@v5.0.0,4608,1.61973e+08,11659817472
NVIDIA RTX PRO 4500 Blackwell,dna_r10.4.1_e8.2_400bps_fast@v5.0.0,4672,1.64179e+08,11809282560
NVIDIA RTX PRO 4500 Blackwell,dna_r10.4.1_e8.2_400bps_fast@v5.0.0,4736,1.66382e+08,11956726272
NVIDIA RTX PRO 4500 Blackwell,dna_r10.4.1_e8.2_400bps_fast@v5.0.0,4800,1.68398e+08,12102072832
NVIDIA RTX PRO 4500 Blackwell,dna_r10.4.1_e8.2_400bps_fast@v5.0.0,4864,1.70262e+08,12251226624
NVIDIA RTX PRO 4500 Blackwell,dna_r10.4.1_e8.2_400bps_fast@v5.0.0,4928,1.63238e+08,12395933184
NVIDIA RTX PRO 4500 Blackwell,dna_r10.4.1_e8.2_400bps_fast@v5.0.0,4992,1.65321e+08,12542736896
NVIDIA RTX PRO 4500 Blackwell,dna_r10.4.1_e8.2_400bps_fast@v5.0.0,5056,1.6709e+08,12691846656
NVIDIA RTX PRO 4500 Blackwell,dna_r10.4.1_e8.2_400bps_fast@v5.0.0,5120,1.69038e+08,12835095040
NVIDIA RTX PRO 4500 Blackwell,dna_r10.4.1_e8.2_400bps_fast@v5.0.0,5184,1.61519e+08,12984635904
NVIDIA RTX PRO 4500 Blackwell,dna_r10.4.1_e8.2_400bps_fast@v5.0.0,5248,1.63218e+08,13134146048
NVIDIA RTX PRO 4500 Blackwell,dna_r10.4.1_e8.2_400bps_fast@v5.0.0,5312,1.65086e+08,13278852608
NVIDIA RTX PRO 4500 Blackwell,dna_r10.4.1_e8.2_400bps_fast@v5.0.0,5376,1.67045e+08,13425656320
NVIDIA RTX PRO 4500 Blackwell,dna_r10.4.1_e8.2_400bps_fast@v5.0.0,5440,1.68905e+08,13570362880
NVIDIA RTX PRO 4500 Blackwell,dna_r10.4.1_e8.2_400bps_fast@v5.0.0,5504,1.60633e+08,13723458048
NVIDIA RTX PRO 4500 Blackwell,dna_r10.4.1_e8.2_400bps_fast@v5.0.0,5568,1.62476e+08,13870261760
NVIDIA RTX PRO 4500 Blackwell,dna_r10.4.1_e8.2_400bps_fast@v5.0.0,5632,1.64201e+08,14014968320
NVIDIA RTX PRO 4500 Blackwell,dna_r10.4.1_e8.2_400bps_fast@v5.0.0,5696,1.65897e+08,14161772032
NVIDIA RTX PRO 4500 Blackwell,dna_r10.4.1_e8.2_400bps_fast@v5.0.0,5760,1.67413e+08,14306478592
NVIDIA RTX PRO 4500 Blackwell,dna_r10.4.1_e8.2_400bps_fast@v5.0.0,5824,1.69161e+08,14453282304
NVIDIA RTX PRO 4500 Blackwell,dna_r10.4.1_e8.2_400bps_fast@v5.0.0,5888,1.70742e+08,14606377472
NVIDIA RTX PRO 4500 Blackwell,dna_r10.4.1_e8.2_400bps_fast@v5.0.0,5952,1.6137e+08,14748986880
NVIDIA RTX PRO 4500 Blackwell,dna_r10.4.1_e8.2_400bps_fast@v5.0.0,6016,1.6322e+08,14899984896
NVIDIA RTX PRO 4500 Blackwell,dna_r10.4.1_e8.2_400bps_fast@v5.0.0,6080,1.64849e+08,15040497152
NVIDIA RTX PRO 4500 Blackwell,dna_r10.4.1_e8.2_400bps_fast@v5.0.0,6144,1.66214e+08,15189398016
NVIDIA RTX PRO 4500 Blackwell,dna_r10.4.1_e8.2_400bps_fast@v5.0.0,6208,1.68204e+08,15336201728
NVIDIA RTX PRO 4500 Blackwell,dna_r10.4.1_e8.2_400bps_fast@v5.0.0,6272,1.69707e+08,15480908288
NVIDIA RTX PRO 4500 Blackwell,dna_r10.4.1_e8.2_400bps_fast@v5.0.0,6336,1.59663e+08,15634003456
NVIDIA RTX PRO 4500 Blackwell,dna_r10.4.1_e8.2_400bps_fast@v5.0.0,6400,1.61163e+08,15780807168
NVIDIA RTX PRO 4500 Blackwell,dna_r10.4.1_e8.2_400bps_fast@v5.0.0,6464,1.62611e+08,15925513728
NVIDIA RTX PRO 4500 Blackwell,dna_r10.4.1_e8.2_400bps_fast@v5.0.0,6528,1.63918e+08,16072317440
NVIDIA RTX PRO 4500 Blackwell,dna_r10.4.1_e8.2_400bps_fast@v5.0.0,6592,1.65412e+08,16217024000
NVIDIA RTX PRO 4500 Blackwell,dna_r10.4.1_e8.2_400bps_fast@v5.0.0,6656,1.67562e+08,16365924864
NVIDIA RTX PRO 4500 Blackwell,dna_r10.4.1_e8.2_400bps_fast@v5.0.0,6720,1.68408e+08,16516922880
NVIDIA RTX PRO 4500 Blackwell,dna_r10.4.1_e8.2_400bps_fast@v5.0.0,6784,1.70222e+08,16659532288
NVIDIA RTX PRO 4500 Blackwell,dna_r10.4.1_e8.2_400bps_fast@v5.0.0,6848,1.58983e+08,16808433152
NVIDIA RTX PRO 4500 Blackwell,dna_r10.4.1_e8.2_400bps_fast@v5.0.0,6912,1.6051e+08,16951042560
NVIDIA RTX PRO 4500 Blackwell,dna_r10.4.1_e8.2_400bps_fast@v5.0.0,6976,1.61809e+08,17102040576
NVIDIA RTX PRO 4500 Blackwell,dna_r10.4.1_e8.2_400bps_fast@v5.0.0,7040,1.63469e+08,17246747136
NVIDIA RTX PRO 4500 Blackwell,dna_r10.4.1_e8.2_400bps_fast@v5.0.0,7104,1.64426e+08,17391453696
NVIDIA RTX PRO 4500 Blackwell,dna_r10.4.1_e8.2_400bps_fast@v5.0.0,7168,1.65724e+08,17542451712
NVIDIA RTX PRO 4500 Blackwell,dna_r10.4.1_e8.2_400bps_fast@v5.0.0,7232,1.67074e+08,17687158272
NVIDIA RTX PRO 4500 Blackwell,dna_r10.4.1_e8.2_400bps_fast@v5.0.0,7296,1.68314e+08,17838156288
NVIDIA RTX PRO 4500 Blackwell,dna_r10.4.1_e8.2_400bps_fast@v5.0.0,7360,1.56708e+08,17982862848
NVIDIA RTX PRO 4500 Blackwell,dna_r10.4.1_e8.2_400bps_fast@v5.0.0,7424,1.57751e+08,18127569408
NVIDIA RTX PRO 4500 Blackwell,dna_r10.4.1_e8.2_400bps_fast@v5.0.0,7488,1.58979e+08,18274373120
NVIDIA RTX PRO 4500 Blackwell,dna_r10.4.1_e8.2_400bps_fast@v5.0.0,7552,1.60181e+08,18421176832
NVIDIA RTX PRO 4500 Blackwell,dna_r10.4.1_e8.2_400bps_fast@v5.0.0,7616,1.61367e+08,18572174848
NVIDIA RTX PRO 4500 Blackwell,dna_r10.4.1_e8.2_400bps_fast@v5.0.0,7680,1.62741e+08,18721075712
NVIDIA RTX PRO 4500 Blackwell,dna_r10.4.1_e8.2_400bps_fast@v5.0.0,7744,1.63663e+08,18861587968
NVIDIA RTX PRO 4500 Blackwell,dna_r10.4.1_e8.2_400bps_fast@v5.0.0,7808,1.65007e+08,19010488832
NVIDIA RTX PRO 4500 Blackwell,dna_r10.4.1_e8.2_400bps_fast@v5.0.0,7872,1.65971e+08,19159389696
NVIDIA RTX PRO 4500 Blackwell,dna_r10.4.1_e8.2_400bps_fast@v5.0.0,7936,1.67354e+08,19304096256
NVIDIA RTX PRO 4500 Blackwell,dna_r10.4.1_e8.2_400bps_fast@v5.0.0,8000,1.69024e+08,19455094272
NVIDIA RTX PRO 4500 Blackwell,dna_r10.4.1_e8.2_400bps_fast@v5.0.0,8064,1.55511e+08,19597703680
NVIDIA RTX PRO 4500 Blackwell,dna_r10.4.1_e8.2_400bps_fast@v5.0.0,8128,1.56725e+08,19744507392
NVIDIA RTX PRO 4500 Blackwell,dna_r10.4.1_e8.2_400bps_fast@v5.0.0,8192,1.57947e+08,19895505408
NVIDIA RTX PRO 4500 Blackwell,dna_r10.4.1_e8.2_400bps_fast@v5.0.0,8256,1.58886e+08,20040211968
NVIDIA RTX PRO 4500 Blackwell,dna_r10.4.1_e8.2_400bps_fast@v5.0.0,8320,1.59721e+08,20153461248
NVIDIA RTX PRO 4500 Blackwell,dna_r10.4.1_e8.2_400bps_fast@v5.0.0,8384,1.60937e+08,20262516224
NVIDIA RTX PRO 4500 Blackwell,dna_r10.4.1_e8.2_400bps_fast@v5.0.0,8448,1.6203e+08,20379959808
NVIDIA RTX PRO 4500 Blackwell,dna_r10.4.1_e8.2_400bps_fast@v5.0.0,8512,1.63095e+08,20497403392
NVIDIA RTX PRO 4500 Blackwell,dna_r10.4.1_e8.2_400bps_fast@v5.0.0,8576,1.64168e+08,20606458368
NVIDIA RTX PRO 4500 Blackwell,dna_r10.4.1_e8.2_400bps_fast@v5.0.0,8640,1.6536e+08,20721804800
NVIDIA RTX PRO 4500 Blackwell,dna_r10.4.1_e8.2_400bps_fast@v5.0.0,8704,1.66486e+08,20828762624
NVIDIA RTX PRO 4500 Blackwell,dna_r10.4.1_e8.2_400bps_fast@v5.0.0,8768,1.67591e+08,20944109056
NVIDIA RTX PRO 4500 Blackwell,dna_r10.4.1_e8.2_400bps_fast@v5.0.0,8832,1.6865e+08,21063649792
NVIDIA RTX PRO 4500 Blackwell,dna_r10.4.1_e8.2_400bps_fast@v5.0.0,8896,1.5379e+08,21174801920
NVIDIA RTX PRO 4500 Blackwell,dna_r10.4.1_e8.2_400bps_fast@v5.0.0,8960,1.54693e+08,21288051200
NVIDIA RTX PRO 4500 Blackwell,dna_r10.4.1_e8.2_400bps_fast@v5.0.0,9024,1.56144e+08,21403397632
NVIDIA RTX PRO 4500 Blackwell,dna_r10.4.1_e8.2_400bps_fast@v5.0.0,9088,1.57028e+08,21510355456
NVIDIA RTX PRO 4500 Blackwell,dna_r10.4.1_e8.2_400bps_fast@v5.0.0,9152,1.57855e+08,21627799040
NVIDIA RTX PRO 4500 Blackwell,dna_r10.4.1_e8.2_400bps_fast@v5.0.0,9216,1.58786e+08,21738951168
NVIDIA RTX PRO 4500 Blackwell,dna_r10.4.1_e8.2_400bps_fast@v5.0.0,9280,1.60305e+08,21856394752
NVIDIA RTX PRO 4500 Blackwell,dna_r10.4.1_e8.2_400bps_fast@v5.0.0,9344,1.64677e+08,21971741184
NVIDIA RTX PRO 4500 Blackwell,dna_r10.4.1_e8.2_400bps_fast@v5.0.0,9408,1.61673e+08,22078699008
NVIDIA RTX PRO 4500 Blackwell,dna_r10.4.1_e8.2_400bps_fast@v5.0.0,9472,1.6098e+08,22196142592
NVIDIA RTX PRO 4500 Blackwell,dna_r10.4.1_e8.2_400bps_fast@v5.0.0,9536,1.63062e+08,22305197568
NVIDIA RTX PRO 4500 Blackwell,dna_r10.4.1_e8.2_400bps_fast@v5.0.0,9600,1.64296e+08,22420544000
NVIDIA RTX PRO 4500 Blackwell,dna_r10.4.1_e8.2_400bps_fast@v5.0.0,9664,1.652e+08,22537987584
NVIDIA RTX PRO 4500 Blackwell,dna_r10.4.1_e8.2_400bps_fast@v5.0.0,9728,1.66301e+08,22647042560
NVIDIA RTX PRO 4500 Blackwell,dna_r10.4.1_e8.2_400bps_fast@v5.0.0,9792,1.67019e+08,22762388992
NVIDIA RTX PRO 4500 Blackwell,dna_r10.4.1_e8.2_400bps_fast@v5.0.0,9856,1.68157e+08,22873541120
NVIDIA RTX PRO 4500 Blackwell,dna_r10.4.1_e8.2_400bps_fast@v5.0.0,9920,1.5194e+08,22986790400
NVIDIA RTX PRO 4500 Blackwell,dna_r10.4.1_e8.2_400bps_fast@v5.0.0,9984,1.52594e+08,23102136832
NVIDIA RTX PRO 4500 Blackwell,dna_r10.4.1_e8.2_400bps_fast@v5.0.0,10048,1.53679e+08,23211191808
NVIDIA RTX PRO 4500 Blackwell,dna_r10.4.1_e8.2_400bps_fast@v5.0.0,10112,1.54548e+08,23330732544
NVIDIA RTX PRO 4500 Blackwell,dna_r10.4.1_e8.2_400bps_fast@v5.0.0,10176,1.55409e+08,23446078976
NVIDIA RTX PRO 4500 Blackwell,dna_r10.4.1_e8.2_400bps_fast@v5.0.0,10240,1.53879e+08,23555133952
NVIDIA RTX PRO 4500 Blackwell,dna_r10.4.1_e8.2_400bps_fast@v5.2.0,64,3.23218e+07,1223602688
NVIDIA RTX PRO 4500 Blackwell,dna_r10.4.1_e8.2_400bps_fast@v5.2.0,128,5.64499e+07,1371934720
NVIDIA RTX PRO 4500 Blackwell,dna_r10.4.1_e8.2_400bps_fast@v5.2.0,192,7.69787e+07,1518170112
NVIDIA RTX PRO 4500 Blackwell,dna_r10.4.1_e8.2_400bps_fast@v5.2.0,256,9.44046e+07,1666501120
NVIDIA RTX PRO 4500 Blackwell,dna_r10.4.1_e8.2_400bps_fast@v5.2.0,320,1.09693e+08,1812736512
NVIDIA RTX PRO 4500 Blackwell,dna_r10.4.1_e8.2_400bps_fast@v5.2.0,384,1.15541e+08,1958971392
NVIDIA RTX PRO 4500 Blackwell,dna_r10.4.1_e8.2_400bps_fast@v5.2.0,448,1.25871e+08,2105206784
NVIDIA RTX PRO 4500 Blackwell,dna_r10.4.1_e8.2_400bps_fast@v5.2.0,512,1.32502e+08,2253537792
NVIDIA RTX PRO 4500 Blackwell,dna_r10.4.1_e8.2_400bps_fast@v5.2.0,576,1.39859e+08,2411289088
NVIDIA RTX PRO 4500 Blackwell,dna_r10.4.1_e8.2_400bps_fast@v5.2.0,640,1.45152e+08,2548105216
NVIDIA RTX PRO 4500 Blackwell,dna_r10.4.1_e8.2_400bps_fast@v5.2.0,704,1.41394e+08,2707529728
NVIDIA RTX PRO 4500 Blackwell,dna_r10.4.1_e8.2_400bps_fast@v5.2.0,768,1.4513e+08,2855928320
NVIDIA RTX PRO 4500 Blackwell,dna_r10.4.1_e8.2_400bps_fast@v5.2.0,832,1.48824e+08,2987097600
NVIDIA RTX PRO 4500 Blackwell,dna_r10.4.1_e8.2_400bps_fast@v5.2.0,896,1.52999e+08,3137064960
NVIDIA RTX PRO 4500 Blackwell,dna_r10.4.1_e8.2_400bps_fast@v5.2.0,960,1.56469e+08,3283474432
NVIDIA RTX PRO 4500 Blackwell,dna_r10.4.1_e8.2_400bps_fast@v5.2.0,1024,1.52448e+08,3428610560
NVIDIA RTX PRO 4500 Blackwell,dna_r10.4.1_e8.2_400bps_fast@v5.2.0,1088,1.55578e+08,3597695488
NVIDIA RTX PRO 4500 Blackwell,dna_r10.4.1_e8.2_400bps_fast@v5.2.0,1152,1.57911e+08,3745285120
NVIDIA RTX PRO 4500 Blackwell,dna_r10.4.1_e8.2_400bps_fast@v5.2.0,1216,1.61699e+08,3872929280
NVIDIA RTX PRO 4500 Blackwell,dna_r10.4.1_e8.2_400bps_fast@v5.2.0,1280,1.62545e+08,4016744960
NVIDIA RTX PRO 4500 Blackwell,dna_r10.4.1_e8.2_400bps_fast@v5.2.0,1344,1.60005e+08,4190637568
NVIDIA RTX PRO 4500 Blackwell,dna_r10.4.1_e8.2_400bps_fast@v5.2.0,1408,1.6165e+08,4340998144
NVIDIA RTX PRO 4500 Blackwell,dna_r10.4.1_e8.2_400bps_fast@v5.2.0,1472,1.63198e+08,4491034624
NVIDIA RTX PRO 4500 Blackwell,dna_r10.4.1_e8.2_400bps_fast@v5.2.0,1536,1.64248e+08,4605280768
NVIDIA RTX PRO 4500 Blackwell,dna_r10.4.1_e8.2_400bps_fast@v5.2.0,1600,1.64597e+08,4755248640
NVIDIA RTX PRO 4500 Blackwell,dna_r10.4.1_e8.2_400bps_fast@v5.2.0,1664,1.61507e+08,4932478976
NVIDIA RTX PRO 4500 Blackwell,dna_r10.4.1_e8.2_400bps_fast@v5.2.0,1728,1.60396e+08,5047607296
NVIDIA RTX PRO 4500 Blackwell,dna_r10.4.1_e8.2_400bps_fast@v5.2.0,1792,1.59507e+08,5232479232
NVIDIA RTX PRO 4500 Blackwell,dna_r10.4.1_e8.2_400bps_fast@v5.2.0,1856,1.61369e+08,5340644864
NVIDIA RTX PRO 4500 Blackwell,dna_r10.4.1_e8.2_400bps_fast@v5.2.0,1920,1.63034e+08,5490405376
NVIDIA RTX PRO 4500 Blackwell,dna_r10.4.1_e8.2_400bps_fast@v5.2.0,1984,1.60538e+08,5634081792
NVIDIA RTX PRO 4500 Blackwell,dna_r10.4.1_e8.2_400bps_fast@v5.2.0,2048,1.61633e+08,5783474688
NVIDIA RTX PRO 4500 Blackwell,dna_r10.4.1_e8.2_400bps_fast@v5.2.0,2112,1.62555e+08,5930418688
NVIDIA RTX PRO 4500 Blackwell,dna_r10.4.1_e8.2_400bps_fast@v5.2.0,2176,1.63108e+08,6075765248
NVIDIA RTX PRO 4500 Blackwell,dna_r10.4.1_e8.2_400bps_fast@v5.2.0,2240,1.63638e+08,6224142336
NVIDIA RTX PRO 4500 Blackwell,dna_r10.4.1_e8.2_400bps_fast@v5.2.0,2304,1.63578e+08,6369275392
NVIDIA RTX PRO 4500 Blackwell,dna_r10.4.1_e8.2_400bps_fast@v5.2.0,2368,1.63455e+08,6516745728
NVIDIA RTX PRO 4500 Blackwell,dna_r10.4.1_e8.2_400bps_fast@v5.2.0,2432,1.62932e+08,6716298240
NVIDIA RTX PRO 4500 Blackwell,dna_r10.4.1_e8.2_400bps_fast@v5.2.0,2496,1.67469e+08,6808896000
NVIDIA RTX PRO 4500 Blackwell,dna_r10.4.1_e8.2_400bps_fast@v5.2.0,2560,1.66457e+08,6958621184
NVIDIA RTX PRO 4500 Blackwell,dna_r10.4.1_e8.2_400bps_fast@v5.2.0,2624,1.65339e+08,7106491904
NVIDIA RTX PRO 4500 Blackwell,dna_r10.4.1_e8.2_400bps_fast@v5.2.0,2688,1.64012e+08,7251118592
NVIDIA RTX PRO 4500 Blackwell,dna_r10.4.1_e8.2_400bps_fast@v5.2.0,2752,1.67867e+08,7402509824
NVIDIA RTX PRO 4500 Blackwell,dna_r10.4.1_e8.2_400bps_fast@v5.2.0,2816,1.66241e+08,7545119232
NVIDIA RTX PRO 4500 Blackwell,dna_r10.4.1_e8.2_400bps_fast@v5.2.0,2880,1.69899e+08,7694349824
NVIDIA RTX PRO 4500 Blackwell,dna_r10.4.1_e8.2_400bps_fast@v5.2.0,2944,1.68005e+08,7841648640
NVIDIA RTX PRO 4500 Blackwell,dna_r10.4.1_e8.2_400bps_fast@v5.2.0,3008,1.65506e+08,7988336128
NVIDIA RTX PRO 4500 Blackwell,dna_r10.4.1_e8.2_400bps_fast@v5.2.0,3072,1.62983e+08,8133681664
NVIDIA RTX PRO 4500 Blackwell,dna_r10.4.1_e8.2_400bps_fast@v5.2.0,3136,1.66469e+08,8279028224
NVIDIA RTX PRO 4500 Blackwell,dna_r10.4.1_e8.2_400bps_fast@v5.2.0,3200,1.69464e+08,8428404736
NVIDIA RTX PRO 4500 Blackwell,dna_r10.4.1_e8.2_400bps_fast@v5.2.0,3264,1.66591e+08,8577732608
NVIDIA RTX PRO 4500 Blackwell,dna_r10.4.1_e8.2_400bps_fast@v5.2.0,3328,1.63326e+08,8721646080
NVIDIA RTX PRO 4500 Blackwell,dna_r10.4.1_e8.2_400bps_fast@v5.2.0,3392,1.66378e+08,8868802048
NVIDIA RTX PRO 4500 Blackwell,dna_r10.4.1_e8.2_400bps_fast@v5.2.0,3456,1.6294e+08,9012051456
NVIDIA RTX PRO 4500 Blackwell,dna_r10.4.1_e8.2_400bps_fast@v5.2.0,3520,1.65444e+08,9161995264
NVIDIA RTX PRO 4500 Blackwell,dna_r10.4.1_e8.2_400bps_fast@v5.2.0,3584,1.68251e+08,9311787520
NVIDIA RTX PRO 4500 Blackwell,dna_r10.4.1_e8.2_400bps_fast@v5.2.0,3648,1.6463e+08,9457761792
NVIDIA RTX PRO 4500 Blackwell,dna_r10.4.1_e8.2_400bps_fast@v5.2.0,3712,1.66935e+08,9604565504
NVIDIA RTX PRO 4500 Blackwell,dna_r10.4.1_e8.2_400bps_fast@v5.2.0,3776,1.62726e+08,9747186176
NVIDIA RTX PRO 4500 Blackwell,dna_r10.4.1_e8.2_400bps_fast@v5.2.0,3840,1.65321e+08,9897150976
NVIDIA RTX PRO 4500 Blackwell,dna_r10.4.1_e8.2_400bps_fast@v5.2.0,3904,1.68007e+08,10045021696
NVIDIA RTX PRO 4500 Blackwell,dna_r10.4.1_e8.2_400bps_fast@v5.2.0,3968,1.62937e+08,10191599104
NVIDIA RTX PRO 4500 Blackwell,dna_r10.4.1_e8.2_400bps_fast@v5.2.0,4032,1.65645e+08,10338584064
NVIDIA RTX PRO 4500 Blackwell,dna_r10.4.1_e8.2_400bps_fast@v5.2.0,4096,1.67867e+08,10489582080
NVIDIA RTX PRO 4500 Blackwell,dna_r10.4.1_e8.2_400bps_fast@v5.2.0,4160,1.62662e+08,10632191488
NVIDIA RTX PRO 4500 Blackwell,dna_r10.4.1_e8.2_400bps_fast@v5.2.0,4224,1.65135e+08,10781372928
NVIDIA RTX PRO 4500 Blackwell,dna_r10.4.1_e8.2_400bps_fast@v5.2.0,4288,1.67253e+08,10924622336
NVIDIA RTX PRO 4500 Blackwell,dna_r10.4.1_e8.2_400bps_fast@v5.2.0,4352,1.61568e+08,11072065024
NVIDIA RTX PRO 4500 Blackwell,dna_r10.4.1_e8.2_400bps_fast@v5.2.0,4416,1.63835e+08,11223600640
NVIDIA RTX PRO 4500 Blackwell,dna_r10.4.1_e8.2_400bps_fast@v5.2.0,4480,1.66096e+08,11368307200
NVIDIA RTX PRO 4500 Blackwell,dna_r10.4.1_e8.2_400bps_fast@v5.2.0,4544,1.68233e+08,11515110912
NVIDIA RTX PRO 4500 Blackwell,dna_r10.4.1_e8.2_400bps_fast@v5.2.0,4608,1.61871e+08,11659817472
NVIDIA RTX PRO 4500 Blackwell,dna_r10.4.1_e8.2_400bps_fast@v5.2.0,4672,1.63953e+08,11809282560
NVIDIA RTX PRO 4500 Blackwell,dna_r10.4.1_e8.2_400bps_fast@v5.2.0,4736,1.66209e+08,11956726272
NVIDIA RTX PRO 4500 Blackwell,dna_r10.4.1_e8.2_400bps_fast@v5.2.0,4800,1.67944e+08,12102072832
NVIDIA RTX PRO 4500 Blackwell,dna_r10.4.1_e8.2_400bps_fast@v5.2.0,4864,1.69941e+08,12251226624
NVIDIA RTX PRO 4500 Blackwell,dna_r10.4.1_e8.2_400bps_fast@v5.2.0,4928,1.63376e+08,12395933184
NVIDIA RTX PRO 4500 Blackwell,dna_r10.4.1_e8.2_400bps_fast@v5.2.0,4992,1.64874e+08,12542736896
NVIDIA RTX PRO 4500 Blackwell,dna_r10.4.1_e8.2_400bps_fast@v5.2.0,5056,1.66966e+08,12691846656
NVIDIA RTX PRO 4500 Blackwell,dna_r10.4.1_e8.2_400bps_fast@v5.2.0,5120,1.69064e+08,12835095040
NVIDIA RTX PRO 4500 Blackwell,dna_r10.4.1_e8.2_400bps_fast@v5.2.0,5184,1.6169e+08,12984635904
NVIDIA RTX PRO 4500 Blackwell,dna_r10.4.1_e8.2_400bps_fast@v5.2.0,5248,1.63149e+08,13134146048
NVIDIA RTX PRO 4500 Blackwell,dna_r10.4.1_e8.2_400bps_fast@v5.2.0,5312,1.65159e+08,13278852608
NVIDIA RTX PRO 4500 Blackwell,dna_r10.4.1_e8.2_400bps_fast@v5.2.0,5376,1.67166e+08,13425656320
NVIDIA RTX PRO 4500 Blackwell,dna_r10.4.1_e8.2_400bps_fast@v5.2.0,5440,1.68724e+08,13570362880
NVIDIA RTX PRO 4500 Blackwell,dna_r10.4.1_e8.2_400bps_fast@v5.2.0,5504,1.60471e+08,13723458048
NVIDIA RTX PRO 4500 Blackwell,dna_r10.4.1_e8.2_400bps_fast@v5.2.0,5568,1.62429e+08,13870261760
NVIDIA RTX PRO 4500 Blackwell,dna_r10.4.1_e8.2_400bps_fast@v5.2.0,5632,1.63884e+08,14014968320
NVIDIA RTX PRO 4500 Blackwell,dna_r10.4.1_e8.2_400bps_fast@v5.2.0,5696,1.65577e+08,14161772032
NVIDIA RTX PRO 4500 Blackwell,dna_r10.4.1_e8.2_400bps_fast@v5.2.0,5760,1.67114e+08,14306478592
NVIDIA RTX PRO 4500 Blackwell,dna_r10.4.1_e8.2_400bps_fast@v5.2.0,5824,1.68978e+08,14453282304
NVIDIA RTX PRO 4500 Blackwell,dna_r10.4.1_e8.2_400bps_fast@v5.2.0,5888,1.60043e+08,14606377472
NVIDIA RTX PRO 4500 Blackwell,dna_r10.4.1_e8.2_400bps_fast@v5.2.0,5952,1.61687e+08,14748986880
NVIDIA RTX PRO 4500 Blackwell,dna_r10.4.1_e8.2_400bps_fast@v5.2.0,6016,1.63088e+08,14899984896
NVIDIA RTX PRO 4500 Blackwell,dna_r10.4.1_e8.2_400bps_fast@v5.2.0,6080,1.64765e+08,15040497152
NVIDIA RTX PRO 4500 Blackwell,dna_r10.4.1_e8.2_400bps_fast@v5.2.0,6144,1.66479e+08,15189398016
NVIDIA RTX PRO 4500 Blackwell,dna_r10.4.1_e8.2_400bps_fast@v5.2.0,6208,1.67999e+08,15336201728
NVIDIA RTX PRO 4500 Blackwell,dna_r10.4.1_e8.2_400bps_fast@v5.2.0,6272,1.57983e+08,15480908288
NVIDIA RTX PRO 4500 Blackwell,dna_r10.4.1_e8.2_400bps_fast@v5.2.0,6336,1.59497e+08,15634003456
NVIDIA RTX PRO 4500 Blackwell,dna_r10.4.1_e8.2_400bps_fast@v5.2.0,6400,1.61041e+08,15780807168
NVIDIA RTX PRO 4500 Blackwell,dna_r10.4.1_e8.2_400bps_fast@v5.2.0,6464,1.62471e+08,15925513728
NVIDIA RTX PRO 4500 Blackwell,dna_r10.4.1_e8.2_400bps_fast@v5.2.0,6528,1.63761e+08,16072317440
NVIDIA RTX PRO 4500 Blackwell,dna_r10.4.1_e8.2_400bps_fast@v5.2.0,6592,1.65849e+08,16217024000
NVIDIA RTX PRO 4500 Blackwell,dna_r10.4.1_e8.2_400bps_fast@v5.2.0,6656,1.66752e+08,16365924864
NVIDIA RTX PRO 4500 Blackwell,dna_r10.4.1_e8.2_400bps_fast@v5.2.0,6720,1.68542e+08,16516922880
NVIDIA RTX PRO 4500 Blackwell,dna_r10.4.1_e8.2_400bps_fast@v5.2.0,6784,1.57623e+08,16659532288
NVIDIA RTX PRO 4500 Blackwell,dna_r10.4.1_e8.2_400bps_fast@v5.2.0,6848,1.58834e+08,16808433152
NVIDIA RTX PRO 4500 Blackwell,dna_r10.4.1_e8.2_400bps_fast@v5.2.0,6912,1.60017e+08,16951042560
NVIDIA RTX PRO 4500 Blackwell,dna_r10.4.1_e8.2_400bps_fast@v5.2.0,6976,1.61319e+08,17102040576
NVIDIA RTX PRO 4500 Blackwell,dna_r10.4.1_e8.2_400bps_fast@v5.2.0,7040,1.62961e+08,17246747136
NVIDIA RTX PRO 4500 Blackwell,dna_r10.4.1_e8.2_400bps_fast@v5.2.0,7104,1.64315e+08,17391453696
NVIDIA RTX PRO 4500 Blackwell,dna_r10.4.1_e8.2_400bps_fast@v5.2.0,7168,1.654e+08,17542451712
NVIDIA RTX PRO 4500 Blackwell,dna_r10.4.1_e8.2_400bps_fast@v5.2.0,7232,1.66549e+08,17687158272
NVIDIA RTX PRO 4500 Blackwell,dna_r10.4.1_e8.2_400bps_fast@v5.2.0,7296,1.68114e+08,17838156288
NVIDIA RTX PRO 4500 Blackwell,dna_r10.4.1_e8.2_400bps_fast@v5.2.0,7360,1.56346e+08,17982862848
NVIDIA RTX PRO 4500 Blackwell,dna_r10.4.1_e8.2_400bps_fast@v5.2.0,7424,1.57471e+08,18127569408
NVIDIA RTX PRO 4500 Blackwell,dna_r10.4.1_e8.2_400bps_fast@v5.2.0,7488,1.58791e+08,18274373120
NVIDIA RTX PRO 4500 Blackwell,dna_r10.4.1_e8.2_400bps_fast@v5.2.0,7552,1.5983e+08,18421176832
NVIDIA RTX PRO 4500 Blackwell,dna_r10.4.1_e8.2_400bps_fast@v5.2.0,7616,1.61093e+08,18572174848
NVIDIA RTX PRO 4500 Blackwell,dna_r10.4.1_e8.2_400bps_fast@v5.2.0,7680,1.6231e+08,18721075712
NVIDIA RTX PRO 4500 Blackwell,dna_r10.4.1_e8.2_400bps_fast@v5.2.0,7744,1.63482e+08,18861587968
NVIDIA RTX PRO 4500 Blackwell,dna_r10.4.1_e8.2_400bps_fast@v5.2.0,7808,1.64895e+08,19010488832
NVIDIA RTX PRO 4500 Blackwell,dna_r10.4.1_e8.2_400bps_fast@v5.2.0,7872,1.65831e+08,19159389696
NVIDIA RTX PRO 4500 Blackwell,dna_r10.4.1_e8.2_400bps_fast@v5.2.0,7936,1.67228e+08,19304096256
NVIDIA RTX PRO 4500 Blackwell,dna_r10.4.1_e8.2_400bps_fast@v5.2.0,8000,1.54477e+08,19455094272
NVIDIA RTX PRO 4500 Blackwell,dna_r10.4.1_e8.2_400bps_fast@v5.2.0,8064,1.55343e+08,19597703680
NVIDIA RTX PRO 4500 Blackwell,dna_r10.4.1_e8.2_400bps_fast@v5.2.0,8128,1.56458e+08,19744507392
NVIDIA RTX PRO 4500 Blackwell,dna_r10.4.1_e8.2_400bps_fast@v5.2.0,8192,1.57404e+08,19895505408
NVIDIA RTX PRO 4500 Blackwell,dna_r10.4.1_e8.2_400bps_fast@v5.2.0,8256,1.58413e+08,20040211968
NVIDIA RTX PRO 4500 Blackwell,dna_r10.4.1_e8.2_400bps_fast@v5.2.0,8320,1.59611e+08,20153461248
NVIDIA RTX PRO 4500 Blackwell,dna_r10.4.1_e8.2_400bps_fast@v5.2.0,8384,1.60928e+08,20262516224
NVIDIA RTX PRO 4500 Blackwell,dna_r10.4.1_e8.2_400bps_fast@v5.2.0,8448,1.61706e+08,20379959808
NVIDIA RTX PRO 4500 Blackwell,dna_r10.4.1_e8.2_400bps_fast@v5.2.0,8512,1.62921e+08,20497403392
NVIDIA RTX PRO 4500 Blackwell,dna_r10.4.1_e8.2_400bps_fast@v5.2.0,8576,1.63794e+08,20606458368
NVIDIA RTX PRO 4500 Blackwell,dna_r10.4.1_e8.2_400bps_fast@v5.2.0,8640,1.65051e+08,20721804800
NVIDIA RTX PRO 4500 Blackwell,dna_r10.4.1_e8.2_400bps_fast@v5.2.0,8704,1.66117e+08,20828762624
NVIDIA RTX PRO 4500 Blackwell,dna_r10.4.1_e8.2_400bps_fast@v5.2.0,8768,1.67267e+08,20944109056
NVIDIA RTX PRO 4500 Blackwell,dna_r10.4.1_e8.2_400bps_fast@v5.2.0,8832,1.68192e+08,21063649792
NVIDIA RTX PRO 4500 Blackwell,dna_r10.4.1_e8.2_400bps_fast@v5.2.0,8896,1.537e+08,21174801920
NVIDIA RTX PRO 4500 Blackwell,dna_r10.4.1_e8.2_400bps_fast@v5.2.0,8960,1.54857e+08,21288051200
NVIDIA RTX PRO 4500 Blackwell,dna_r10.4.1_e8.2_400bps_fast@v5.2.0,9024,1.56048e+08,21403397632
NVIDIA RTX PRO 4500 Blackwell,dna_r10.4.1_e8.2_400bps_fast@v5.2.0,9088,1.56798e+08,21510355456
NVIDIA RTX PRO 4500 Blackwell,dna_r10.4.1_e8.2_400bps_fast@v5.2.0,9152,1.57937e+08,21627799040
NVIDIA RTX PRO 4500 Blackwell,dna_r10.4.1_e8.2_400bps_fast@v5.2.0,9216,1.58942e+08,21738951168
NVIDIA RTX PRO 4500 Blackwell,dna_r10.4.1_e8.2_400bps_fast@v5.2.0,9280,1.59845e+08,21856394752
NVIDIA RTX PRO 4500 Blackwell,dna_r10.4.1_e8.2_400bps_fast@v5.2.0,9344,1.63997e+08,21971741184
NVIDIA RTX PRO 4500 Blackwell,dna_r10.4.1_e8.2_400bps_fast@v5.2.0,9408,1.59734e+08,22078699008
NVIDIA RTX PRO 4500 Blackwell,dna_r10.4.1_e8.2_400bps_fast@v5.2.0,9472,1.60881e+08,22196142592
NVIDIA RTX PRO 4500 Blackwell,dna_r10.4.1_e8.2_400bps_fast@v5.2.0,9536,1.62741e+08,22305197568
NVIDIA RTX PRO 4500 Blackwell,dna_r10.4.1_e8.2_400bps_fast@v5.2.0,9600,1.63881e+08,22420544000
NVIDIA RTX PRO 4500 Blackwell,dna_r10.4.1_e8.2_400bps_fast@v5.2.0,9664,1.64894e+08,22537987584
NVIDIA RTX PRO 4500 Blackwell,dna_r10.4.1_e8.2_400bps_fast@v5.2.0,9728,1.66133e+08,22647042560
NVIDIA RTX PRO 4500 Blackwell,dna_r10.4.1_e8.2_400bps_fast@v5.2.0,9792,1.66768e+08,22762388992
NVIDIA RTX PRO 4500 Blackwell,dna_r10.4.1_e8.2_400bps_fast@v5.2.0,9856,1.50922e+08,22873541120
NVIDIA RTX PRO 4500 Blackwell,dna_r10.4.1_e8.2_400bps_fast@v5.2.0,9920,1.52188e+08,22986790400
NVIDIA RTX PRO 4500 Blackwell,dna_r10.4.1_e8.2_400bps_fast@v5.2.0,9984,1.52417e+08,23102136832
NVIDIA RTX PRO 4500 Blackwell,dna_r10.4.1_e8.2_400bps_fast@v5.2.0,10048,1.53573e+08,23211191808
NVIDIA RTX PRO 4500 Blackwell,dna_r10.4.1_e8.2_400bps_fast@v5.2.0,10112,1.542e+08,23330732544
NVIDIA RTX PRO 4500 Blackwell,dna_r10.4.1_e8.2_400bps_fast@v5.2.0,10176,1.55222e+08,23446078976
NVIDIA RTX PRO 4500 Blackwell,dna_r10.4.1_e8.2_400bps_fast@v5.2.0,10240,1.54339e+08,23555133952
NVIDIA RTX PRO 4500 Blackwell,dna_r10.4.1_e8.2_400bps_hac@v4.3.0,64,1.21435e+07,411003904
NVIDIA RTX PRO 4500 Blackwell,dna_r10.4.1_e8.2_400bps_hac@v4.3.0,128,2.36418e+07,803460096
NVIDIA RTX PRO 4500 Blackwell,dna_r10.4.1_e8.2_400bps_hac@v4.3.0,192,3.3543e+07,1194329088
NVIDIA RTX PRO 4500 Blackwell,dna_r10.4.1_e8.2_400bps_hac@v4.3.0,256,4.34076e+07,1581366272
NVIDIA RTX PRO 4500 Blackwell,dna_r10.4.1_e8.2_400bps_hac@v4.3.0,320,5.13991e+07,1982577152
NVIDIA RTX PRO 4500 Blackwell,dna_r10.4.1_e8.2_400bps_hac@v4.3.0,384,5.6317e+07,2364426240
NVIDIA RTX PRO 4500 Blackwell,dna_r10.4.1_e8.2_400bps_hac@v4.3.0,448,4.69186e+07,2763397632
NVIDIA RTX PRO 4500 Blackwell,dna_r10.4.1_e8.2_400bps_hac@v4.3.0,512,5.20254e+07,3156260352
NVIDIA RTX PRO 4500 Blackwell,dna_r10.4.1_e8.2_400bps_hac@v4.3.0,576,5.62364e+07,3544176128
NVIDIA RTX PRO 4500 Blackwell,dna_r10.4.1_e8.2_400bps_hac@v4.3.0,640,5.99382e+07,3945366016
NVIDIA RTX PRO 4500 Blackwell,dna_r10.4.1_e8.2_400bps_hac@v4.3.0,704,6.24053e+07,4330441216
NVIDIA RTX PRO 4500 Blackwell,dna_r10.4.1_e8.2_400bps_hac@v4.3.0,768,6.56793e+07,4716158976
NVIDIA RTX PRO 4500 Blackwell,dna_r10.4.1_e8.2_400bps_hac@v4.3.0,832,6.79497e+07,5116078592
NVIDIA RTX PRO 4500 Blackwell,dna_r10.4.1_e8.2_400bps_hac@v4.3.0,896,6.15291e+07,5510115840
NVIDIA RTX PRO 4500 Blackwell,dna_r10.4.1_e8.2_400bps_hac@v4.3.0,960,6.39907e+07,5892523520
NVIDIA RTX PRO 4500 Blackwell,dna_r10.4.1_e8.2_400bps_hac@v4.3.0,1024,6.91938e+07,6286457344
NVIDIA RTX PRO 4500 Blackwell,dna_r10.4.1_e8.2_400bps_hac@v4.3.0,1088,6.8209e+07,6675424256
NVIDIA RTX PRO 4500 Blackwell,dna_r10.4.1_e8.2_400bps_hac@v4.3.0,1152,7.45175e+07,7043564544
NVIDIA RTX PRO 4500 Blackwell,dna_r10.4.1_e8.2_400bps_hac@v4.3.0,1216,7.37735e+07,7436118528
NVIDIA RTX PRO 4500 Blackwell,dna_r10.4.1_e8.2_400bps_hac@v4.3.0,1280,7.88915e+07,7848198656
NVIDIA RTX PRO 4500 Blackwell,dna_r10.4.1_e8.2_400bps_hac@v4.3.0,1344,7.7451e+07,8239290880
NVIDIA RTX PRO 4500 Blackwell,dna_r10.4.1_e8.2_400bps_hac@v4.3.0,1408,8.24688e+07,8636366848
NVIDIA RTX PRO 4500 Blackwell,dna_r10.4.1_e8.2_400bps_hac@v4.3.0,1472,8.04552e+07,9001489920
NVIDIA RTX PRO 4500 Blackwell,dna_r10.4.1_e8.2_400bps_hac@v4.3.0,1536,8.53226e+07,9416291328
NVIDIA RTX PRO 4500 Blackwell,dna_r10.4.1_e8.2_400bps_hac@v4.3.0,1600,8.43242e+07,9809799168
NVIDIA RTX PRO 4500 Blackwell,dna_r10.4.1_e8.2_400bps_hac@v4.3.0,1664,8.91512e+07,10161832448
NVIDIA RTX PRO 4500 Blackwell,dna_r10.4.1_e8.2_400bps_hac@v4.3.0,1728,6.85804e+07,10604328960
NVIDIA RTX PRO 4500 Blackwell,dna_r10.4.1_e8.2_400bps_hac@v4.3.0,1792,7.11106e+07,10986271232
NVIDIA RTX PRO 4500 Blackwell,dna_r10.4.1_e8.2_400bps_hac@v4.3.0,1856,6.992e+07,11371964928
NVIDIA RTX PRO 4500 Blackwell,dna_r10.4.1_e8.2_400bps_hac@v4.3.0,1920,7.23394e+07,11763920384
NVIDIA RTX PRO 4500 Blackwell,dna_r10.4.1_e8.2_400bps_hac@v4.3.0,1984,7.27884e+07,12153264640
NVIDIA RTX PRO 4500 Blackwell,dna_r10.4.1_e8.2_400bps_hac@v4.3.0,2048,7.30213e+07,12552979968
NVIDIA RTX PRO 4500 Blackwell,dna_r10.4.1_e8.2_400bps_hac@v4.3.0,2112,7.11425e+07,12962067968
NVIDIA RTX PRO 4500 Blackwell,dna_r10.4.1_e8.2_400bps_hac@v4.3.0,2176,7.32654e+07,13326948352
NVIDIA RTX PRO 4500 Blackwell,dna_r10.4.1_e8.2_400bps_hac@v4.3.0,2240,8.20713e+07,13720937472
NVIDIA RTX PRO 4500 Blackwell,dna_r10.4.1_e8.2_400bps_hac@v4.3.0,2304,7.74739e+07,14107606016
NVIDIA RTX PRO 4500 Blackwell,dna_r10.4.1_e8.2_400bps_hac@v4.3.0,2368,8.43647e+07,14508426240
NVIDIA RTX PRO 4500 Blackwell,dna_r10.4.1_e8.2_400bps_hac@v4.3.0,2432,7.70678e+07,14898641920
NVIDIA RTX PRO 4500 Blackwell,dna_r10.4.1_e8.2_400bps_hac@v4.3.0,2496,8.6411e+07,15281670656
NVIDIA RTX PRO 4500 Blackwell,dna_r10.4.1_e8.2_400bps_hac@v4.3.0,2560,8.10039e+07,15676327424
NVIDIA RTX PRO 4500 Blackwell,dna_r10.4.1_e8.2_400bps_hac@v4.3.0,2624,7.77551e+07,16068957696
NVIDIA RTX PRO 4500 Blackwell,dna_r10.4.1_e8.2_400bps_hac@v4.3.0,2688,7.9793e+07,16478103040
NVIDIA RTX PRO 4500 Blackwell,dna_r10.4.1_e8.2_400bps_hac@v4.3.0,2752,7.88878e+07,16856909824
NVIDIA RTX PRO 4500 Blackwell,dna_r10.4.1_e8.2_400bps_hac@v4.3.0,2816,8.62061e+07,17241734656
NVIDIA RTX PRO 4500 Blackwell,dna_r10.4.1_e8.2_400bps_hac@v4.3.0,2880,7.97261e+07,17631149056
NVIDIA RTX PRO 4500 Blackwell,dna_r10.4.1_e8.2_400bps_hac@v4.3.0,2944,8.42835e+07,18026755584
NVIDIA RTX PRO 4500 Blackwell,dna_r10.4.1_e8.2_400bps_hac@v4.3.0,3008,8.31862e+07,18424589824
NVIDIA RTX PRO 4500 Blackwell,dna_r10.4.1_e8.2_400bps_hac@v4.3.0,3072,8.7914e+07,18812148736
NVIDIA RTX PRO 4500 Blackwell,dna_r10.4.1_e8.2_400bps_hac@v4.3.0,3136,8.35561e+07,19192687616
NVIDIA RTX PRO 4500 Blackwell,dna_r10.4.1_e8.2_400bps_hac@v4.3.0,3200,8.84625e+07,19590826496
NVIDIA RTX PRO 4500 Blackwell,dna_r10.4.1_e8.2_400bps_hac@v4.3.0,3264,8.38677e+07,19917962752
NVIDIA RTX PRO 4500 Blackwell,dna_r10.4.1_e8.2_400bps_hac@v4.3.0,3328,9.18345e+07,20372432896
NVIDIA RTX PRO 4500 Blackwell,dna_r10.4.1_e8.2_400bps_hac@v4.3.0,3392,7.69888e+07,20776235008
NVIDIA RTX PRO 4500 Blackwell,dna_r10.4.1_e8.2_400bps_hac@v4.3.0,3456,7.49092e+07,21190827008
NVIDIA RTX PRO 4500 Blackwell,dna_r10.4.1_e8.2_400bps_hac@v4.3.0,3520,7.97908e+07,21476751360
NVIDIA RTX PRO 4500 Blackwell,dna_r10.4.1_e8.2_400bps_hac@v4.3.0,3584,7.74928e+07,21864855552
NVIDIA RTX PRO 4500 Blackwell,dna_r10.4.1_e8.2_400bps_hac@v4.3.0,3648,7.90731e+07,22366767616
NVIDIA RTX PRO 4500 Blackwell,dna_r10.4.1_e8.2_400bps_hac@v4.3.0,3712,7.6713e+07,22756703232
NVIDIA RTX PRO 4500 Blackwell,dna_r10.4.1_e8.2_400bps_hac@v4.3.0,3776,8.17593e+07,23021468672
NVIDIA RTX PRO 4500 Blackwell,dna_r10.4.1_e8.2_400bps_hac@v4.3.0,3840,7.91504e+07,23432436736
NVIDIA RTX PRO 4500 Blackwell,dna_r10.4.1_e8.2_400bps_hac@v4.3.0,3904,8.43809e+07,23838692352
NVIDIA RTX PRO 4500 Blackwell,dna_r10.4.1_e8.2_400bps_hac@v4.3.0,3968,8.16893e+07,24299944448
NVIDIA RTX PRO 4500 Blackwell,dna_r10.4.1_e8.2_400bps_hac@v4.3.0,4032,8.32525e+07,24678889984
NVIDIA RTX PRO 4500 Blackwell,dna_r10.4.1_e8.2_400bps_hac@v4.3.0,4096,8.0083e+07,25010732032
NVIDIA RTX PRO 4500 Blackwell,dna_r10.4.1_e8.2_400bps_hac@v4.3.0,4160,8.55473e+07,25395383296
NVIDIA RTX PRO 4500 Blackwell,dna_r10.4.1_e8.2_400bps_hac@v4.3.0,4224,8.26562e+07,25810299392
NVIDIA RTX PRO 4500 Blackwell,dna_r10.4.1_e8.2_400bps_hac@v4.3.0,4288,7.98056e+07,26165861888
NVIDIA RTX PRO 4500 Blackwell,dna_r10.4.1_e8.2_400bps_hac@v4.3.0,4352,8.10277e+07,26643506688
NVIDIA RTX PRO 4500 Blackwell,dna_r10.4.1_e8.2_400bps_hac@v4.3.0,4416,8.20246e+07,26961828864
NVIDIA RTX PRO 4500 Blackwell,dna_r10.4.1_e8.2_400bps_hac@v4.3.0,4480,8.32022e+07,27344381440
NVIDIA RTX PRO 4500 Blackwell,dna_r10.4.1_e8.2_400bps_hac@v4.3.0,4544,7.9992e+07,27731003392
NVIDIA RTX PRO 4500 Blackwell,dna_r10.4.1_e8.2_400bps_hac@v4.3.0,4608,8.53948e+07,28115260416
NVIDIA RTX PRO 4500 Blackwell,dna_r10.4.1_e8.2_400bps_hac@v4.3.0,4672,8.21174e+07,28533707776
NVIDIA RTX PRO 4500 Blackwell,dna_r10.4.1_e8.2_400bps_hac@v4.3.0,4736,8.77747e+07,28918205440
NVIDIA RTX PRO 4500 Blackwell,dna_r10.4.1_e8.2_400bps_hac@v4.3.0,4800,8.73873e+07,28911112704
NVIDIA RTX PRO 4500 Blackwell,dna_r10.4.1_e8.2_400bps_hac@v5.0.0,64,1.19521e+07,411156480
NVIDIA RTX PRO 4500 Blackwell,dna_r10.4.1_e8.2_400bps_hac@v5.0.0,128,2.339e+07,805447168
NVIDIA RTX PRO 4500 Blackwell,dna_r10.4.1_e8.2_400bps_hac@v5.0.0,192,3.33439e+07,1197877760
NVIDIA RTX PRO 4500 Blackwell,dna_r10.4.1_e8.2_400bps_hac@v5.0.0,256,4.31683e+07,1589307904
NVIDIA RTX PRO 4500 Blackwell,dna_r10.4.1_e8.2_400bps_hac@v5.0.0,320,5.07492e+07,1978524160
NVIDIA RTX PRO 4500 Blackwell,dna_r10.4.1_e8.2_400bps_hac@v5.0.0,384,5.5922e+07,2375965184
NVIDIA RTX PRO 4500 Blackwell,dna_r10.4.1_e8.2_400bps_hac@v5.0.0,448,4.69119e+07,2763278336
NVIDIA RTX PRO 4500 Blackwell,dna_r10.4.1_e8.2_400bps_hac@v5.0.0,512,5.15176e+07,3161554432
NVIDIA RTX PRO 4500 Blackwell,dna_r10.4.1_e8.2_400bps_hac@v5.0.0,576,5.57033e+07,3544214016
NVIDIA RTX PRO 4500 Blackwell,dna_r10.4.1_e8.2_400bps_hac@v5.0.0,640,5.93041e+07,3936055808
NVIDIA RTX PRO 4500 Blackwell,dna_r10.4.1_e8.2_400bps_hac@v5.0.0,704,6.17081e+07,4337842688
NVIDIA RTX PRO 4500 Blackwell,dna_r10.4.1_e8.2_400bps_hac@v5.0.0,768,6.49794e+07,4720410112
NVIDIA RTX PRO 4500 Blackwell,dna_r10.4.1_e8.2_400bps_hac@v5.0.0,832,6.71331e+07,5118311424
NVIDIA RTX PRO 4500 Blackwell,dna_r10.4.1_e8.2_400bps_hac@v5.0.0,896,6.06547e+07,5503311360
NVIDIA RTX PRO 4500 Blackwell,dna_r10.4.1_e8.2_400bps_hac@v5.0.0,960,6.30795e+07,5891214848
NVIDIA RTX PRO 4500 Blackwell,dna_r10.4.1_e8.2_400bps_hac@v5.0.0,1024,6.82019e+07,6301134848
NVIDIA RTX PRO 4500 Blackwell,dna_r10.4.1_e8.2_400bps_hac@v5.0.0,1088,6.81155e+07,6652696576
NVIDIA RTX PRO 4500 Blackwell,dna_r10.4.1_e8.2_400bps_hac@v5.0.0,1152,7.3265e+07,7058239488
NVIDIA RTX PRO 4500 Blackwell,dna_r10.4.1_e8.2_400bps_hac@v5.0.0,1216,7.25169e+07,7458283520
NVIDIA RTX PRO 4500 Blackwell,dna_r10.4.1_e8.2_400bps_hac@v5.0.0,1280,7.7617e+07,7822884864
NVIDIA RTX PRO 4500 Blackwell,dna_r10.4.1_e8.2_400bps_hac@v5.0.0,1344,7.6098e+07,8241471488
NVIDIA RTX PRO 4500 Blackwell,dna_r10.4.1_e8.2_400bps_hac@v5.0.0,1408,8.11171e+07,8643634688
NVIDIA RTX PRO 4500 Blackwell,dna_r10.4.1_e8.2_400bps_hac@v5.0.0,1472,8.03845e+07,9024846848
NVIDIA RTX PRO 4500 Blackwell,dna_r10.4.1_e8.2_400bps_hac@v5.0.0,1536,8.53712e+07,9416336384
NVIDIA RTX PRO 4500 Blackwell,dna_r10.4.1_e8.2_400bps_hac@v5.0.0,1600,8.41791e+07,9809797120
NVIDIA RTX PRO 4500 Blackwell,dna_r10.4.1_e8.2_400bps_hac@v5.0.0,1664,8.75218e+07,10220451840
NVIDIA RTX PRO 4500 Blackwell,dna_r10.4.1_e8.2_400bps_hac@v5.0.0,1728,6.86014e+07,10593626112
NVIDIA RTX PRO 4500 Blackwell,dna_r10.4.1_e8.2_400bps_hac@v5.0.0,1792,6.92937e+07,10986627584
NVIDIA RTX PRO 4500 Blackwell,dna_r10.4.1_e8.2_400bps_hac@v5.0.0,1856,6.99852e+07,11371909120
NVIDIA RTX PRO 4500 Blackwell,dna_r10.4.1_e8.2_400bps_hac@v5.0.0,1920,7.03972e+07,11763894272
NVIDIA RTX PRO 4500 Blackwell,dna_r10.4.1_e8.2_400bps_hac@v5.0.0,1984,7.07894e+07,12122685952
NVIDIA RTX PRO 4500 Blackwell,dna_r10.4.1_e8.2_400bps_hac@v5.0.0,2048,7.30207e+07,12553324544
NVIDIA RTX PRO 4500 Blackwell,dna_r10.4.1_e8.2_400bps_hac@v5.0.0,2112,6.91609e+07,12953907200
NVIDIA RTX PRO 4500 Blackwell,dna_r10.4.1_e8.2_400bps_hac@v5.0.0,2176,7.11317e+07,13327076352
NVIDIA RTX PRO 4500 Blackwell,dna_r10.4.1_e8.2_400bps_hac@v5.0.0,2240,7.98469e+07,13720113152
NVIDIA RTX PRO 4500 Blackwell,dna_r10.4.1_e8.2_400bps_hac@v5.0.0,2304,7.52675e+07,14122305536
NVIDIA RTX PRO 4500 Blackwell,dna_r10.4.1_e8.2_400bps_hac@v5.0.0,2368,8.20757e+07,14507821056
NVIDIA RTX PRO 4500 Blackwell,dna_r10.4.1_e8.2_400bps_hac@v5.0.0,2432,7.69654e+07,14898957824
NVIDIA RTX PRO 4500 Blackwell,dna_r10.4.1_e8.2_400bps_hac@v5.0.0,2496,8.40527e+07,15281739264
NVIDIA RTX PRO 4500 Blackwell,dna_r10.4.1_e8.2_400bps_hac@v5.0.0,2560,8.08955e+07,15676289024
NVIDIA RTX PRO 4500 Blackwell,dna_r10.4.1_e8.2_400bps_hac@v5.0.0,2624,7.53354e+07,16016645120
NVIDIA RTX PRO 4500 Blackwell,dna_r10.4.1_e8.2_400bps_hac@v5.0.0,2688,7.97034e+07,16462213632
NVIDIA RTX PRO 4500 Blackwell,dna_r10.4.1_e8.2_400bps_hac@v5.0.0,2752,7.88041e+07,16857004032
NVIDIA RTX PRO 4500 Blackwell,dna_r10.4.1_e8.2_400bps_hac@v5.0.0,2816,8.34171e+07,17242134016
NVIDIA RTX PRO 4500 Blackwell,dna_r10.4.1_e8.2_400bps_hac@v5.0.0,2880,7.97193e+07,17572704256
NVIDIA RTX PRO 4500 Blackwell,dna_r10.4.1_e8.2_400bps_hac@v5.0.0,2944,8.4186e+07,18039649280
NVIDIA RTX PRO 4500 Blackwell,dna_r10.4.1_e8.2_400bps_hac@v5.0.0,3008,8.01683e+07,18422802432
NVIDIA RTX PRO 4500 Blackwell,dna_r10.4.1_e8.2_400bps_hac@v5.0.0,3072,8.77834e+07,18749715968
NVIDIA RTX PRO 4500 Blackwell,dna_r10.4.1_e8.2_400bps_hac@v5.0.0,3136,8.35241e+07,19206257664
NVIDIA RTX PRO 4500 Blackwell,dna_r10.4.1_e8.2_400bps_hac@v5.0.0,3200,8.52405e+07,19593398784
NVIDIA RTX PRO 4500 Blackwell,dna_r10.4.1_e8.2_400bps_hac@v5.0.0,3264,8.39255e+07,19982264320
NVIDIA RTX PRO 4500 Blackwell,dna_r10.4.1_e8.2_400bps_hac@v5.0.0,3328,8.85824e+07,20371823104
NVIDIA RTX PRO 4500 Blackwell,dna_r10.4.1_e8.2_400bps_hac@v5.0.0,3392,7.6933e+07,20695696384
NVIDIA RTX PRO 4500 Blackwell,dna_r10.4.1_e8.2_400bps_hac@v5.0.0,3456,7.48936e+07,21085536256
NVIDIA RTX PRO 4500 Blackwell,dna_r10.4.1_e8.2_400bps_hac@v5.0.0,3520,7.97398e+07,21561815552
NVIDIA RTX PRO 4500 Blackwell,dna_r10.4.1_e8.2_400bps_hac@v5.0.0,3584,7.4033e+07,21864612352
NVIDIA RTX PRO 4500 Blackwell,dna_r10.4.1_e8.2_400bps_hac@v5.0.0,3648,7.89548e+07,22267414528
NVIDIA RTX PRO 4500 Blackwell,dna_r10.4.1_e8.2_400bps_hac@v5.0.0,3712,7.66122e+07,22656006144
NVIDIA RTX PRO 4500 Blackwell,dna_r10.4.1_e8.2_400bps_hac@v5.0.0,3776,8.164e+07,23040824320
NVIDIA RTX PRO 4500 Blackwell,dna_r10.4.1_e8.2_400bps_hac@v5.0.0,3840,7.91158e+07,23413233152
NVIDIA RTX PRO 4500 Blackwell,dna_r10.4.1_e8.2_400bps_hac@v5.0.0,3904,8.05986e+07,23803102208
NVIDIA RTX PRO 4500 Blackwell,dna_r10.4.1_e8.2_400bps_hac@v5.0.0,3968,7.79897e+07,24196525056
NVIDIA RTX PRO 4500 Blackwell,dna_r10.4.1_e8.2_400bps_hac@v5.0.0,4032,8.32206e+07,24678508544
NVIDIA RTX PRO 4500 Blackwell,dna_r10.4.1_e8.2_400bps_hac@v5.0.0,4096,7.9979e+07,25086461440
NVIDIA RTX PRO 4500 Blackwell,dna_r10.4.1_e8.2_400bps_hac@v5.0.0,4160,8.15144e+07,25470226432
NVIDIA RTX PRO 4500 Blackwell,dna_r10.4.1_e8.2_400bps_hac@v5.0.0,4224,7.86695e+07,25782891008
NVIDIA RTX PRO 4500 Blackwell,dna_r10.4.1_e8.2_400bps_hac@v5.0.0,4288,7.96177e+07,26192089600
NVIDIA RTX PRO 4500 Blackwell,dna_r10.4.1_e8.2_400bps_hac@v5.0.0,4352,8.08092e+07,26631465984
NVIDIA RTX PRO 4500 Blackwell,dna_r10.4.1_e8.2_400bps_hac@v5.0.0,4416,7.78448e+07,26964615680
NVIDIA RTX PRO 4500 Blackwell,dna_r10.4.1_e8.2_400bps_hac@v5.0.0,4480,8.32071e+07,27344059904
NVIDIA RTX PRO 4500 Blackwell,dna_r10.4.1_e8.2_400bps_hac@v5.0.0,4544,8.0259e+07,27730850816
NVIDIA RTX PRO 4500 Blackwell,dna_r10.4.1_e8.2_400bps_hac@v5.0.0,4608,8.53183e+07,28115045376
NVIDIA RTX PRO 4500 Blackwell,dna_r10.4.1_e8.2_400bps_hac@v5.0.0,4672,8.21254e+07,28471224832
NVIDIA RTX PRO 4500 Blackwell,dna_r10.4.1_e8.2_400bps_hac@v5.0.0,4736,8.36401e+07,28911131136
NVIDIA RTX PRO 4500 Blackwell,dna_r10.4.1_e8.2_400bps_hac@v5.0.0,4800,8.30998e+07,28929361408
NVIDIA RTX PRO 4500 Blackwell,dna_r10.4.1_e8.2_400bps_hac@v5.2.0,64,9.33166e+06,419055616
NVIDIA RTX PRO 4500 Blackwell,dna_r10.4.1_e8.2_400bps_hac@v5.2.0,128,1.82744e+07,810867712
NVIDIA RTX PRO 4500 Blackwell,dna_r10.4.1_e8.2_400bps_hac@v5.2.0,192,2.62501e+07,1207242240
NVIDIA RTX PRO 4500 Blackwell,dna_r10.4.1_e8.2_400bps_hac@v5.2.0,256,3.39775e+07,1588887552
NVIDIA RTX PRO 4500 Blackwell,dna_r10.4.1_e8.2_400bps_hac@v5.2.0,320,4.02185e+07,1985584640
NVIDIA RTX PRO 4500 Blackwell,dna_r10.4.1_e8.2_400bps_hac@v5.2.0,384,4.44224e+07,2370039808
NVIDIA RTX PRO 4500 Blackwell,dna_r10.4.1_e8.2_400bps_hac@v5.2.0,448,3.61745e+07,2760473088
NVIDIA RTX PRO 4500 Blackwell,dna_r10.4.1_e8.2_400bps_hac@v5.2.0,512,4.03022e+07,3167734784
NVIDIA RTX PRO 4500 Blackwell,dna_r10.4.1_e8.2_400bps_hac@v5.2.0,576,4.36599e+07,3559009792
NVIDIA RTX PRO 4500 Blackwell,dna_r10.4.1_e8.2_400bps_hac@v5.2.0,640,4.65882e+07,3932175360
NVIDIA RTX PRO 4500 Blackwell,dna_r10.4.1_e8.2_400bps_hac@v5.2.0,704,4.84394e+07,4334671872
NVIDIA RTX PRO 4500 Blackwell,dna_r10.4.1_e8.2_400bps_hac@v5.2.0,768,5.12554e+07,4725770240
NVIDIA RTX PRO 4500 Blackwell,dna_r10.4.1_e8.2_400bps_hac@v5.2.0,832,5.30385e+07,5116768256
NVIDIA RTX PRO 4500 Blackwell,dna_r10.4.1_e8.2_400bps_hac@v5.2.0,896,4.73012e+07,5509727232
NVIDIA RTX PRO 4500 Blackwell,dna_r10.4.1_e8.2_400bps_hac@v5.2.0,960,4.96737e+07,5897938432
NVIDIA RTX PRO 4500 Blackwell,dna_r10.4.1_e8.2_400bps_hac@v5.2.0,1024,5.39654e+07,6293398016
NVIDIA RTX PRO 4500 Blackwell,dna_r10.4.1_e8.2_400bps_hac@v5.2.0,1088,5.40914e+07,6681633280
NVIDIA RTX PRO 4500 Blackwell,dna_r10.4.1_e8.2_400bps_hac@v5.2.0,1152,5.84321e+07,7072587264
NVIDIA RTX PRO 4500 Blackwell,dna_r10.4.1_e8.2_400bps_hac@v5.2.0,1216,5.80021e+07,7465519104
NVIDIA RTX PRO 4500 Blackwell,dna_r10.4.1_e8.2_400bps_hac@v5.2.0,1280,6.23112e+07,7854713856
NVIDIA RTX PRO 4500 Blackwell,dna_r10.4.1_e8.2_400bps_hac@v5.2.0,1344,6.00961e+07,8247039488
NVIDIA RTX PRO 4500 Blackwell,dna_r10.4.1_e8.2_400bps_hac@v5.2.0,1408,6.57232e+07,8641867776
NVIDIA RTX PRO 4500 Blackwell,dna_r10.4.1_e8.2_400bps_hac@v5.2.0,1472,6.4291e+07,9031710208
NVIDIA RTX PRO 4500 Blackwell,dna_r10.4.1_e8.2_400bps_hac@v5.2.0,1536,6.85913e+07,9423877120
NVIDIA RTX PRO 4500 Blackwell,dna_r10.4.1_e8.2_400bps_hac@v5.2.0,1600,6.67233e+07,9819594752
NVIDIA RTX PRO 4500 Blackwell,dna_r10.4.1_e8.2_400bps_hac@v5.2.0,1664,7.10247e+07,10202185216
NVIDIA RTX PRO 4500 Blackwell,dna_r10.4.1_e8.2_400bps_hac@v5.2.0,1728,5.31793e+07,10603512832
NVIDIA RTX PRO 4500 Blackwell,dna_r10.4.1_e8.2_400bps_hac@v5.2.0,1792,5.50977e+07,10993619456
NVIDIA RTX PRO 4500 Blackwell,dna_r10.4.1_e8.2_400bps_hac@v5.2.0,1856,5.52307e+07,11378934784
NVIDIA RTX PRO 4500 Blackwell,dna_r10.4.1_e8.2_400bps_hac@v5.2.0,1920,5.52479e+07,11732254208
NVIDIA RTX PRO 4500 Blackwell,dna_r10.4.1_e8.2_400bps_hac@v5.2.0,1984,5.70392e+07,12159404032
NVIDIA RTX PRO 4500 Blackwell,dna_r10.4.1_e8.2_400bps_hac@v5.2.0,2048,5.67969e+07,12562302464
NVIDIA RTX PRO 4500 Blackwell,dna_r10.4.1_e8.2_400bps_hac@v5.2.0,2112,5.44599e+07,12949189632
NVIDIA RTX PRO 4500 Blackwell,dna_r10.4.1_e8.2_400bps_hac@v5.2.0,2176,5.6182e+07,13336377856
NVIDIA RTX PRO 4500 Blackwell,dna_r10.4.1_e8.2_400bps_hac@v5.2.0,2240,6.43427e+07,13727411712
NVIDIA RTX PRO 4500 Blackwell,dna_r10.4.1_e8.2_400bps_hac@v5.2.0,2304,6.15238e+07,14116473344
NVIDIA RTX PRO 4500 Blackwell,dna_r10.4.1_e8.2_400bps_hac@v5.2.0,2368,6.56383e+07,14515930624
NVIDIA RTX PRO 4500 Blackwell,dna_r10.4.1_e8.2_400bps_hac@v5.2.0,2432,6.01732e+07,14906891776
NVIDIA RTX PRO 4500 Blackwell,dna_r10.4.1_e8.2_400bps_hac@v5.2.0,2496,6.67011e+07,15288803840
NVIDIA RTX PRO 4500 Blackwell,dna_r10.4.1_e8.2_400bps_hac@v5.2.0,2560,6.32758e+07,15684943872
NVIDIA RTX PRO 4500 Blackwell,dna_r10.4.1_e8.2_400bps_hac@v5.2.0,2624,5.9768e+07,16022475776
NVIDIA RTX PRO 4500 Blackwell,dna_r10.4.1_e8.2_400bps_hac@v5.2.0,2688,6.37734e+07,16469220352
NVIDIA RTX PRO 4500 Blackwell,dna_r10.4.1_e8.2_400bps_hac@v5.2.0,2752,6.25884e+07,16805886464
NVIDIA RTX PRO 4500 Blackwell,dna_r10.4.1_e8.2_400bps_hac@v5.2.0,2816,6.68342e+07,17249440256
NVIDIA RTX PRO 4500 Blackwell,dna_r10.4.1_e8.2_400bps_hac@v5.2.0,2880,6.27933e+07,17664711680
NVIDIA RTX PRO 4500 Blackwell,dna_r10.4.1_e8.2_400bps_hac@v5.2.0,2944,6.69005e+07,18033645568
NVIDIA RTX PRO 4500 Blackwell,dna_r10.4.1_e8.2_400bps_hac@v5.2.0,3008,6.53041e+07,18429640192
NVIDIA RTX PRO 4500 Blackwell,dna_r10.4.1_e8.2_400bps_hac@v5.2.0,3072,6.97285e+07,18819101184
NVIDIA RTX PRO 4500 Blackwell,dna_r10.4.1_e8.2_400bps_hac@v5.2.0,3136,6.50711e+07,19199925760
NVIDIA RTX PRO 4500 Blackwell,dna_r10.4.1_e8.2_400bps_hac@v5.2.0,3200,6.96567e+07,19598879232
NVIDIA RTX PRO 4500 Blackwell,dna_r10.4.1_e8.2_400bps_hac@v5.2.0,3264,6.76691e+07,19990152192
NVIDIA RTX PRO 4500 Blackwell,dna_r10.4.1_e8.2_400bps_hac@v5.2.0,3328,7.2175e+07,20379192320
NVIDIA RTX PRO 4500 Blackwell,dna_r10.4.1_e8.2_400bps_hac@v5.2.0,3392,6.03062e+07,20772880384
NVIDIA RTX PRO 4500 Blackwell,dna_r10.4.1_e8.2_400bps_hac@v5.2.0,3456,5.79705e+07,21167214592
NVIDIA RTX PRO 4500 Blackwell,dna_r10.4.1_e8.2_400bps_hac@v5.2.0,3520,6.25073e+07,21557286400
NVIDIA RTX PRO 4500 Blackwell,dna_r10.4.1_e8.2_400bps_hac@v5.2.0,3584,5.99155e+07,21947644928
NVIDIA RTX PRO 4500 Blackwell,dna_r10.4.1_e8.2_400bps_hac@v5.2.0,3648,6.45564e+07,22297652736
NVIDIA RTX PRO 4500 Blackwell,dna_r10.4.1_e8.2_400bps_hac@v5.2.0,3712,6.20584e+07,22684439040
NVIDIA RTX PRO 4500 Blackwell,dna_r10.4.1_e8.2_400bps_hac@v5.2.0,3776,6.32726e+07,23047602688
NVIDIA RTX PRO 4500 Blackwell,dna_r10.4.1_e8.2_400bps_hac@v5.2.0,3840,6.05192e+07,23439490560
NVIDIA RTX PRO 4500 Blackwell,dna_r10.4.1_e8.2_400bps_hac@v5.2.0,3904,6.53272e+07,23830083072
NVIDIA RTX PRO 4500 Blackwell,dna_r10.4.1_e8.2_400bps_hac@v5.2.0,3968,6.24573e+07,24293167104
NVIDIA RTX PRO 4500 Blackwell,dna_r10.4.1_e8.2_400bps_hac@v5.2.0,4032,6.72892e+07,24685529088
NVIDIA RTX PRO 4500 Blackwell,dna_r10.4.1_e8.2_400bps_hac@v5.2.0,4096,6.40777e+07,25007347712
NVIDIA RTX PRO 4500 Blackwell,dna_r10.4.1_e8.2_400bps_hac@v5.2.0,4160,6.54253e+07,25381150208
NVIDIA RTX PRO 4500 Blackwell,dna_r10.4.1_e8.2_400bps_hac@v5.2.0,4224,6.22136e+07,25791123968
NVIDIA RTX PRO 4500 Blackwell,dna_r10.4.1_e8.2_400bps_hac@v5.2.0,4288,6.29476e+07,26250174464
NVIDIA RTX PRO 4500 Blackwell,dna_r10.4.1_e8.2_400bps_hac@v5.2.0,4352,6.39935e+07,26539552768
NVIDIA RTX PRO 4500 Blackwell,dna_r10.4.1_e8.2_400bps_hac@v5.2.0,4416,6.47569e+07,27047559168
NVIDIA RTX PRO 4500 Blackwell,dna_r10.4.1_e8.2_400bps_hac@v5.2.0,4480,6.58426e+07,27430497792
NVIDIA RTX PRO 4500 Blackwell,dna_r10.4.1_e8.2_400bps_hac@v5.2.0,4544,6.23582e+07,27737933824
NVIDIA RTX PRO 4500 Blackwell,dna_r10.4.1_e8.2_400bps_hac@v5.2.0,4608,6.74435e+07,28122238976
NVIDIA RTX PRO 4500 Blackwell,dna_r10.4.1_e8.2_400bps_hac@v5.2.0,4672,6.40518e+07,28511350272
NVIDIA RTX PRO 4500 Blackwell,dna_r10.4.1_e8.2_400bps_hac@v5.2.0,4736,6.94119e+07,28918180352
NVIDIA RTX PRO 4500 Blackwell,dna_r10.4.1_e8.2_400bps_hac@v5.2.0,4800,6.90061e+07,28881635328
NVIDIA RTX PRO 4500 Blackwell,dna_r10.4.1_e8.2_400bps_sup@v4.3.0,64,1.98313e+06,1584676864
NVIDIA RTX PRO 4500 Blackwell,dna_r10.4.1_e8.2_400bps_sup@v4.3.0,128,3.83772e+06,3027357696
NVIDIA RTX PRO 4500 Blackwell,dna_r10.4.1_e8.2_400bps_sup@v4.3.0,192,5.56201e+06,4468311552
NVIDIA RTX PRO 4500 Blackwell,dna_r10.4.1_e8.2_400bps_sup@v4.3.0,256,7.15905e+06,5918222336
NVIDIA RTX PRO 4500 Blackwell,dna_r10.4.1_e8.2_400bps_sup@v4.3.0,320,8.30931e+06,7350296064
NVIDIA RTX PRO 4500 Blackwell,dna_r10.4.1_e8.2_400bps_sup@v4.3.0,384,9.59018e+06,8796836352
NVIDIA RTX PRO 4500 Blackwell,dna_r10.4.1_e8.2_400bps_sup@v4.3.0,448,1.07279e+07,10237095936
NVIDIA RTX PRO 4500 Blackwell,dna_r10.4.1_e8.2_400bps_sup@v4.3.0,512,1.12501e+07,11681881088
NVIDIA RTX PRO 4500 Blackwell,dna_r10.4.1_e8.2_400bps_sup@v4.3.0,576,1.20726e+07,13130284032
NVIDIA RTX PRO 4500 Blackwell,dna_r10.4.1_e8.2_400bps_sup@v4.3.0,640,1.27797e+07,14575664640
NVIDIA RTX PRO 4500 Blackwell,dna_r10.4.1_e8.2_400bps_sup@v4.3.0,704,1.19407e+07,16009005056
NVIDIA RTX PRO 4500 Blackwell,dna_r10.4.1_e8.2_400bps_sup@v4.3.0,768,1.22641e+07,17462450688
NVIDIA RTX PRO 4500 Blackwell,dna_r10.4.1_e8.2_400bps_sup@v4.3.0,832,1.24627e+07,18889791488
NVIDIA RTX PRO 4500 Blackwell,dna_r10.4.1_e8.2_400bps_sup@v4.3.0,896,1.25318e+07,20348252160
NVIDIA RTX PRO 4500 Blackwell,dna_r10.4.1_e8.2_400bps_sup@v4.3.0,960,1.24801e+07,21791801344
NVIDIA RTX PRO 4500 Blackwell,dna_r10.4.1_e8.2_400bps_sup@v4.3.0,1024,1.32414e+07,23238113792
NVIDIA RTX PRO 4500 Blackwell,dna_r10.4.1_e8.2_400bps_sup@v4.3.0,1088,1.2976e+07,24658317824
NVIDIA RTX PRO 4500 Blackwell,dna_r10.4.1_e8.2_400bps_sup@v4.3.0,1152,1.26171e+07,26100823552
NVIDIA RTX PRO 4500 Blackwell,dna_r10.4.1_e8.2_400bps_sup@v4.3.0,1216,1.32454e+07,27545592320
NVIDIA RTX PRO 4500 Blackwell,dna_r10.4.1_e8.2_400bps_sup@v4.3.0,1280,1.27298e+07,29007685632
NVIDIA RTX PRO 4500 Blackwell,dna_r10.4.1_e8.2_400bps_sup@v5.0.0,32,7.6602e+06,1600859136
NVIDIA RTX PRO 4500 Blackwell,dna_r10.4.1_e8.2_400bps_sup@v5.0.0,64,8.8816e+06,2381984256
NVIDIA RTX PRO 4500 Blackwell,dna_r10.4.1_e8.2_400bps_sup@v5.0.0,96,9.07626e+06,3164157952
NVIDIA RTX PRO 4500 Blackwell,dna_r10.4.1_e8.2_400bps_sup@v5.0.0,128,9.4285e+06,3930602496
NVIDIA RTX PRO 4500 Blackwell,dna_r10.4.1_e8.2_400bps_sup@v5.0.0,160,9.43068e+06,4712514048
NVIDIA RTX PRO 4500 Blackwell,dna_r10.4.1_e8.2_400bps_sup@v5.0.0,192,9.42957e+06,5496129536
NVIDIA RTX PRO 4500 Blackwell,dna_r10.4.1_e8.2_400bps_sup@v5.0.0,224,9.62515e+06,6276075008
NVIDIA RTX PRO 4500 Blackwell,dna_r10.4.1_e8.2_400bps_sup@v5.0.0,256,9.43468e+06,7058249728
NVIDIA RTX PRO 4500 Blackwell,dna_r10.4.1_e8.2_400bps_sup@v5.0.0,288,9.55027e+06,7842585088
NVIDIA RTX PRO 4500 Blackwell,dna_r10.4.1_e8.2_400bps_sup@v5.0.0,320,9.81865e+06,8624956928
NVIDIA RTX PRO 4500 Blackwell,dna_r10.4.1_e8.2_400bps_sup@v5.0.0,352,9.51423e+06,9407587840
NVIDIA RTX PRO 4500 Blackwell,dna_r10.4.1_e8.2_400bps_sup@v5.0.0,384,9.89695e+06,10190613504
NVIDIA RTX PRO 4500 Blackwell,dna_r10.4.1_e8.2_400bps_sup@v5.2.0,32,7.73577e+06,1601645568
NVIDIA RTX PRO 4500 Blackwell,dna_r10.4.1_e8.2_400bps_sup@v5.2.0,64,8.88092e+06,2381984256
NVIDIA RTX PRO 4500 Blackwell,dna_r10.4.1_e8.2_400bps_sup@v5.2.0,96,9.07761e+06,3166517248
NVIDIA RTX PRO 4500 Blackwell,dna_r10.4.1_e8.2_400bps_sup@v5.2.0,128,9.27565e+06,3930602496
NVIDIA RTX PRO 4500 Blackwell,dna_r10.4.1_e8.2_400bps_sup@v5.2.0,160,9.43062e+06,4712514048
NVIDIA RTX PRO 4500 Blackwell,dna_r10.4.1_e8.2_400bps_sup@v5.2.0,192,9.42976e+06,5494949888
NVIDIA RTX PRO 4500 Blackwell,dna_r10.4.1_e8.2_400bps_sup@v5.2.0,224,9.6246e+06,6276075008
NVIDIA RTX PRO 4500 Blackwell,dna_r10.4.1_e8.2_400bps_sup@v5.2.0,256,9.43041e+06,7059822592
NVIDIA RTX PRO 4500 Blackwell,dna_r10.4.1_e8.2_400bps_sup@v5.2.0,288,9.54589e+06,7842585088
NVIDIA RTX PRO 4500 Blackwell,dna_r10.4.1_e8.2_400bps_sup@v5.2.0,320,9.43623e+06,8622990848
NVIDIA RTX PRO 4500 Blackwell,dna_r10.4.1_e8.2_400bps_sup@v5.2.0,352,9.51043e+06,9407587840
NVIDIA RTX PRO 4500 Blackwell,dna_r10.4.1_e8.2_400bps_sup@v5.2.0,384,9.44178e+06,10190613504
NVIDIA RTX PRO 4500 Blackwell,rna004_130bps_fast@v5.1.0,64,2.84965e+07,1253125632
NVIDIA RTX PRO 4500 Blackwell,rna004_130bps_fast@v5.1.0,128,5.13664e+07,1428935168
NVIDIA RTX PRO 4500 Blackwell,rna004_130bps_fast@v5.1.0,192,7.04875e+07,1604745216
NVIDIA RTX PRO 4500 Blackwell,rna004_130bps_fast@v5.1.0,256,8.6779e+07,1780554752
NVIDIA RTX PRO 4500 Blackwell,rna004_130bps_fast@v5.1.0,320,1.01428e+08,1956364800
NVIDIA RTX PRO 4500 Blackwell,rna004_130bps_fast@v5.1.0,384,1.06404e+08,2132174336
NVIDIA RTX PRO 4500 Blackwell,rna004_130bps_fast@v5.1.0,448,1.15991e+08,2310081536
NVIDIA RTX PRO 4500 Blackwell,rna004_130bps_fast@v5.1.0,512,1.23272e+08,2483793920
NVIDIA RTX PRO 4500 Blackwell,rna004_130bps_fast@v5.1.0,576,1.29537e+08,2661701120
NVIDIA RTX PRO 4500 Blackwell,rna004_130bps_fast@v5.1.0,640,1.35014e+08,2835413504
NVIDIA RTX PRO 4500 Blackwell,rna004_130bps_fast@v5.1.0,704,1.30246e+08,3013020672
NVIDIA RTX PRO 4500 Blackwell,rna004_130bps_fast@v5.1.0,768,1.34397e+08,3204490240
NVIDIA RTX PRO 4500 Blackwell,rna004_130bps_fast@v5.1.0,832,1.37191e+08,3363251200
NVIDIA RTX PRO 4500 Blackwell,rna004_130bps_fast@v5.1.0,896,1.42415e+08,3561529344
NVIDIA RTX PRO 4500 Blackwell,rna004_130bps_fast@v5.1.0,960,1.45012e+08,3714462720
NVIDIA RTX PRO 4500 Blackwell,rna004_130bps_fast@v5.1.0,1024,1.42316e+08,3893839872
NVIDIA RTX PRO 4500 Blackwell,rna004_130bps_fast@v5.1.0,1088,1.44682e+08,4068179456
NVIDIA RTX PRO 4500 Blackwell,rna004_130bps_fast@v5.1.0,1152,1.46528e+08,4267110400
NVIDIA RTX PRO 4500 Blackwell,rna004_130bps_fast@v5.1.0,1216,1.49569e+08,4422331392
NVIDIA RTX PRO 4500 Blackwell,rna004_130bps_fast@v5.1.0,1280,1.52598e+08,4593511424
NVIDIA RTX PRO 4500 Blackwell,rna004_130bps_fast@v5.1.0,1344,1.49245e+08,4772184576
NVIDIA RTX PRO 4500 Blackwell,rna004_130bps_fast@v5.1.0,1408,1.50687e+08,4949628416
NVIDIA RTX PRO 4500 Blackwell,rna004_130bps_fast@v5.1.0,1472,1.51631e+08,5156870144
NVIDIA RTX PRO 4500 Blackwell,rna004_130bps_fast@v5.1.0,1536,1.52225e+08,5300611072
NVIDIA RTX PRO 4500 Blackwell,rna004_130bps_fast@v5.1.0,1600,1.52262e+08,5511321088
NVIDIA RTX PRO 4500 Blackwell,rna004_130bps_fast@v5.1.0,1664,1.51577e+08,5652019712
NVIDIA RTX PRO 4500 Blackwell,rna004_130bps_fast@v5.1.0,1728,1.46843e+08,5831642112
NVIDIA RTX PRO 4500 Blackwell,rna004_130bps_fast@v5.1.0,1792,1.48915e+08,6006241280
NVIDIA RTX PRO 4500 Blackwell,rna004_130bps_fast@v5.1.0,1856,1.50538e+08,6181251584
NVIDIA RTX PRO 4500 Blackwell,rna004_130bps_fast@v5.1.0,1920,1.51848e+08,6356598272
NVIDIA RTX PRO 4500 Blackwell,rna004_130bps_fast@v5.1.0,1984,1.49095e+08,6531424256
NVIDIA RTX PRO 4500 Blackwell,rna004_130bps_fast@v5.1.0,2048,1.49883e+08,6707972096
NVIDIA RTX PRO 4500 Blackwell,rna004_130bps_fast@v5.1.0,2112,1.501e+08,6884736512
NVIDIA RTX PRO 4500 Blackwell,rna004_130bps_fast@v5.1.0,2176,1.50257e+08,7103603200
NVIDIA RTX PRO 4500 Blackwell,rna004_130bps_fast@v5.1.0,2240,1.55034e+08,7236375552
NVIDIA RTX PRO 4500 Blackwell,rna004_130bps_fast@v5.1.0,2304,1.49935e+08,7412066304
NVIDIA RTX PRO 4500 Blackwell,rna004_130bps_fast@v5.1.0,2368,1.54149e+08,7586596352
NVIDIA RTX PRO 4500 Blackwell,rna004_130bps_fast@v5.1.0,2432,1.53451e+08,7765753344
NVIDIA RTX PRO 4500 Blackwell,rna004_130bps_fast@v5.1.0,2496,1.52627e+08,7939908608
NVIDIA RTX PRO 4500 Blackwell,rna004_130bps_fast@v5.1.0,2560,1.565e+08,8114743296
NVIDIA RTX PRO 4500 Blackwell,rna004_130bps_fast@v5.1.0,2624,1.55272e+08,8295869952
NVIDIA RTX PRO 4500 Blackwell,rna004_130bps_fast@v5.1.0,2688,1.53806e+08,8466254336
NVIDIA RTX PRO 4500 Blackwell,rna004_130bps_fast@v5.1.0,2752,1.51809e+08,8646069248
NVIDIA RTX PRO 4500 Blackwell,rna004_130bps_fast@v5.1.0,2816,1.55032e+08,8818276352
NVIDIA RTX PRO 4500 Blackwell,rna004_130bps_fast@v5.1.0,2880,1.53235e+08,8995208192
NVIDIA RTX PRO 4500 Blackwell,rna004_130bps_fast@v5.1.0,2944,1.56421e+08,9172635136
NVIDIA RTX PRO 4500 Blackwell,rna004_130bps_fast@v5.1.0,3008,1.53718e+08,9347537920
NVIDIA RTX PRO 4500 Blackwell,rna004_130bps_fast@v5.1.0,3072,1.51029e+08,9524791296
NVIDIA RTX PRO 4500 Blackwell,rna004_130bps_fast@v5.1.0,3136,1.54004e+08,9698857984
NVIDIA RTX PRO 4500 Blackwell,rna004_130bps_fast@v5.1.0,3200,1.57001e+08,9874022912
NVIDIA RTX PRO 4500 Blackwell,rna004_130bps_fast@v5.1.0,3264,1.53743e+08,10051467264
NVIDIA RTX PRO 4500 Blackwell,rna004_130bps_fast@v5.1.0,3328,1.5038e+08,10227349504
NVIDIA RTX PRO 4500 Blackwell,rna004_130bps_fast@v5.1.0,3392,1.53143e+08,10403513344
NVIDIA RTX PRO 4500 Blackwell,rna004_130bps_fast@v5.1.0,3456,1.55754e+08,10579677184
NVIDIA RTX PRO 4500 Blackwell,rna004_130bps_fast@v5.1.0,3520,1.52061e+08,10754040832
NVIDIA RTX PRO 4500 Blackwell,rna004_130bps_fast@v5.1.0,3584,1.54354e+08,10933069824
NVIDIA RTX PRO 4500 Blackwell,rna004_130bps_fast@v5.1.0,3648,1.5048e+08,11103710208
NVIDIA RTX PRO 4500 Blackwell,rna004_130bps_fast@v5.1.0,3712,1.5286e+08,11286429696
NVIDIA RTX PRO 4500 Blackwell,rna004_130bps_fast@v5.1.0,3776,1.55194e+08,11462593536
NVIDIA RTX PRO 4500 Blackwell,rna004_130bps_fast@v5.1.0,3840,1.5058e+08,11632465920
NVIDIA RTX PRO 4500 Blackwell,rna004_130bps_fast@v5.1.0,3904,1.52903e+08,11811437568
NVIDIA RTX PRO 4500 Blackwell,rna004_130bps_fast@v5.1.0,3968,1.55238e+08,11984175104
NVIDIA RTX PRO 4500 Blackwell,rna004_130bps_fast@v5.1.0,4032,1.49988e+08,12165151744
NVIDIA RTX PRO 4500 Blackwell,rna004_130bps_fast@v5.1.0,4096,1.52288e+08,12339218432
NVIDIA RTX PRO 4500 Blackwell,rna004_130bps_fast@v5.1.0,4160,1.54347e+08,12513285120
NVIDIA RTX PRO 4500 Blackwell,rna004_130bps_fast@v5.1.0,4224,1.57207e+08,12691902464
NVIDIA RTX PRO 4500 Blackwell,rna004_130bps_fast@v5.1.0,4288,1.51003e+08,12864640000
NVIDIA RTX PRO 4500 Blackwell,rna004_130bps_fast@v5.1.0,4352,1.53037e+08,13041571840
NVIDIA RTX PRO 4500 Blackwell,rna004_130bps_fast@v5.1.0,4416,1.55528e+08,13236814848
NVIDIA RTX PRO 4500 Blackwell,rna004_130bps_fast@v5.1.0,4480,1.57267e+08,13412978688
NVIDIA RTX PRO 4500 Blackwell,rna004_130bps_fast@v5.1.0,4544,1.51043e+08,13591239680
NVIDIA RTX PRO 4500 Blackwell,rna004_130bps_fast@v5.1.0,4608,1.52759e+08,13763209216
NVIDIA RTX PRO 4500 Blackwell,rna004_130bps_fast@v5.1.0,4672,1.54716e+08,13941470208
NVIDIA RTX PRO 4500 Blackwell,rna004_130bps_fast@v5.1.0,4736,1.56837e+08,14119731200
NVIDIA RTX PRO 4500 Blackwell,rna004_130bps_fast@v5.1.0,4800,1.49851e+08,14291700736
NVIDIA RTX PRO 4500 Blackwell,rna004_130bps_fast@v5.1.0,4864,1.51638e+08,14451087360
NVIDIA RTX PRO 4500 Blackwell,rna004_130bps_fast@v5.1.0,4928,1.53499e+08,14644028416
NVIDIA RTX PRO 4500 Blackwell,rna004_130bps_fast@v5.1.0,4992,1.5543e+08,14824386560
NVIDIA RTX PRO 4500 Blackwell,rna004_130bps_fast@v5.1.0,5056,1.47871e+08,14979578880
NVIDIA RTX PRO 4500 Blackwell,rna004_130bps_fast@v5.1.0,5120,1.49568e+08,15151548416
NVIDIA RTX PRO 4500 Blackwell,rna004_130bps_fast@v5.1.0,5184,1.51459e+08,15329809408
NVIDIA RTX PRO 4500 Blackwell,rna004_130bps_fast@v5.1.0,5248,1.53183e+08,15510167552
NVIDIA RTX PRO 4500 Blackwell,rna004_130bps_fast@v5.1.0,5312,1.54643e+08,15684234240
NVIDIA RTX PRO 4500 Blackwell,rna004_130bps_fast@v5.1.0,5376,1.56364e+08,15858300928
NVIDIA RTX PRO 4500 Blackwell,rna004_130bps_fast@v5.1.0,5440,1.48371e+08,16032367616
NVIDIA RTX PRO 4500 Blackwell,rna004_130bps_fast@v5.1.0,5504,1.49842e+08,16210628608
NVIDIA RTX PRO 4500 Blackwell,rna004_130bps_fast@v5.1.0,5568,1.51358e+08,16386792448
NVIDIA RTX PRO 4500 Blackwell,rna004_130bps_fast@v5.1.0,5632,1.53095e+08,16562956288
NVIDIA RTX PRO 4500 Blackwell,rna004_130bps_fast@v5.1.0,5696,1.54591e+08,16737022976
NVIDIA RTX PRO 4500 Blackwell,rna004_130bps_fast@v5.1.0,5760,1.56707e+08,16911089664
NVIDIA RTX PRO 4500 Blackwell,rna004_130bps_fast@v5.1.0,5824,1.47261e+08,17089350656
NVIDIA RTX PRO 4500 Blackwell,rna004_130bps_fast@v5.1.0,5888,1.48667e+08,17265514496
NVIDIA RTX PRO 4500 Blackwell,rna004_130bps_fast@v5.1.0,5952,1.50408e+08,17441678336
NVIDIA RTX PRO 4500 Blackwell,rna004_130bps_fast@v5.1.0,6016,1.51551e+08,17617842176
NVIDIA RTX PRO 4500 Blackwell,rna004_130bps_fast@v5.1.0,6080,1.52953e+08,17791908864
NVIDIA RTX PRO 4500 Blackwell,rna004_130bps_fast@v5.1.0,6144,1.54587e+08,17968072704
NVIDIA RTX PRO 4500 Blackwell,rna004_130bps_fast@v5.1.0,6208,1.55987e+08,18144236544
NVIDIA RTX PRO 4500 Blackwell,rna004_130bps_fast@v5.1.0,6272,1.46395e+08,18318303232
NVIDIA RTX PRO 4500 Blackwell,rna004_130bps_fast@v5.1.0,6336,1.47488e+08,18498661376
NVIDIA RTX PRO 4500 Blackwell,rna004_130bps_fast@v5.1.0,6400,1.48836e+08,18674825216
NVIDIA RTX PRO 4500 Blackwell,rna004_130bps_fast@v5.1.0,6464,1.50239e+08,18846794752
NVIDIA RTX PRO 4500 Blackwell,rna004_130bps_fast@v5.1.0,6528,1.51718e+08,19022958592
NVIDIA RTX PRO 4500 Blackwell,rna004_130bps_fast@v5.1.0,6592,1.53031e+08,19199122432
NVIDIA RTX PRO 4500 Blackwell,rna004_130bps_fast@v5.1.0,6656,1.54167e+08,19377383424
NVIDIA RTX PRO 4500 Blackwell,rna004_130bps_fast@v5.1.0,6720,1.55396e+08,19555644416
NVIDIA RTX PRO 4500 Blackwell,rna004_130bps_fast@v5.1.0,6784,1.56806e+08,19725516800
NVIDIA RTX PRO 4500 Blackwell,rna004_130bps_fast@v5.1.0,6848,1.45996e+08,19905874944
NVIDIA RTX PRO 4500 Blackwell,rna004_130bps_fast@v5.1.0,6912,1.47153e+08,20077844480
NVIDIA RTX PRO 4500 Blackwell,rna004_130bps_fast@v5.1.0,6976,1.48436e+08,20251911168
NVIDIA RTX PRO 4500 Blackwell,rna004_130bps_fast@v5.1.0,7040,1.49537e+08,20434366464
NVIDIA RTX PRO 4500 Blackwell,rna004_130bps_fast@v5.1.0,7104,1.50657e+08,20606336000
NVIDIA RTX PRO 4500 Blackwell,rna004_130bps_fast@v5.1.0,7168,1.51928e+08,20784596992
NVIDIA RTX PRO 4500 Blackwell,rna004_130bps_fast@v5.1.0,7232,1.5298e+08,20956566528
NVIDIA RTX PRO 4500 Blackwell,rna004_130bps_fast@v5.1.0,7296,1.54371e+08,21132730368
NVIDIA RTX PRO 4500 Blackwell,rna004_130bps_fast@v5.1.0,7360,1.55857e+08,21315185664
NVIDIA RTX PRO 4500 Blackwell,rna004_130bps_fast@v5.1.0,7424,1.43747e+08,21487155200
NVIDIA RTX PRO 4500 Blackwell,rna004_130bps_fast@v5.1.0,7488,1.45461e+08,21663319040
NVIDIA RTX PRO 4500 Blackwell,rna004_130bps_fast@v5.1.0,7552,1.45664e+08,21841580032
NVIDIA RTX PRO 4500 Blackwell,rna004_130bps_fast@v5.1.0,7616,1.4699e+08,22013549568
NVIDIA RTX PRO 4500 Blackwell,rna004_130bps_fast@v5.1.0,7680,1.54944e+08,22189713408
NVIDIA RTX PRO 4500 Blackwell,rna004_130bps_fast@v5.1.0,7744,1.47558e+08,22365877248
NVIDIA RTX PRO 4500 Blackwell,rna004_130bps_fast@v5.1.0,7808,1.49815e+08,22542041088
NVIDIA RTX PRO 4500 Blackwell,rna004_130bps_fast@v5.1.0,7872,1.51652e+08,22722399232
NVIDIA RTX PRO 4500 Blackwell,rna004_130bps_fast@v5.1.0,7936,1.5198e+08,22892271616
NVIDIA RTX PRO 4500 Blackwell,rna004_130bps_fast@v5.1.0,8000,1.53053e+08,23070532608
NVIDIA RTX PRO 4500 Blackwell,rna004_130bps_fast@v5.1.0,8064,1.53881e+08,23244599296
NVIDIA RTX PRO 4500 Blackwell,rna004_130bps_fast@v5.1.0,8128,1.55104e+08,23424957440
NVIDIA RTX PRO 4500 Blackwell,rna004_130bps_fast@v5.1.0,8192,1.56561e+08,23599024128
NVIDIA RTX PRO 4500 Blackwell,rna004_130bps_fast@v5.1.0,8256,1.43113e+08,23770993664
NVIDIA RTX PRO 4500 Blackwell,rna004_130bps_fast@v5.1.0,8320,1.43836e+08,23915700224
NVIDIA RTX PRO 4500 Blackwell,rna004_130bps_fast@v5.1.0,8384,1.44933e+08,24052018176
NVIDIA RTX PRO 4500 Blackwell,rna004_130bps_fast@v5.1.0,8448,1.46095e+08,24203016192
NVIDIA RTX PRO 4500 Blackwell,rna004_130bps_fast@v5.1.0,8512,1.47012e+08,24343528448
NVIDIA RTX PRO 4500 Blackwell,rna004_130bps_fast@v5.1.0,8576,1.47676e+08,24484040704
NVIDIA RTX PRO 4500 Blackwell,rna004_130bps_fast@v5.1.0,8640,1.48407e+08,24626650112
NVIDIA RTX PRO 4500 Blackwell,rna004_130bps_fast@v5.1.0,8704,1.48515e+08,24771356672
NVIDIA RTX PRO 4500 Blackwell,rna004_130bps_fast@v5.1.0,8768,1.50329e+08,24913966080
NVIDIA RTX PRO 4500 Blackwell,rna004_130bps_fast@v5.1.0,8832,1.50632e+08,25054478336
NVIDIA RTX PRO 4500 Blackwell,rna004_130bps_fast@v5.1.0,8896,1.51567e+08,25194990592
NVIDIA RTX PRO 4500 Blackwell,rna004_130bps_fast@v5.1.0,8960,1.52625e+08,25339697152
NVIDIA RTX PRO 4500 Blackwell,rna004_130bps_fast@v5.1.0,9024,1.53385e+08,25482306560
NVIDIA RTX PRO 4500 Blackwell,rna004_130bps_fast@v5.1.0,9088,1.5432e+08,25624915968
NVIDIA RTX PRO 4500 Blackwell,rna004_130bps_fast@v5.1.0,9152,1.3985e+08,25767525376
NVIDIA RTX PRO 4500 Blackwell,rna004_130bps_fast@v5.1.0,9216,1.40636e+08,25908037632
NVIDIA RTX PRO 4500 Blackwell,rna004_130bps_fast@v5.1.0,9280,1.41415e+08,26052744192
NVIDIA RTX PRO 4500 Blackwell,rna004_130bps_fast@v5.1.0,9344,1.42631e+08,26193256448
NVIDIA RTX PRO 4500 Blackwell,rna004_130bps_fast@v5.1.0,9408,1.43104e+08,26333768704
NVIDIA RTX PRO 4500 Blackwell,rna004_130bps_fast@v5.1.0,9472,1.44049e+08,26480572416
NVIDIA RTX PRO 4500 Blackwell,rna004_130bps_fast@v5.1.0,9536,1.44701e+08,26618987520
NVIDIA RTX PRO 4500 Blackwell,rna004_130bps_fast@v5.1.0,9600,1.45498e+08,26763694080
NVIDIA RTX PRO 4500 Blackwell,rna004_130bps_fast@v5.1.0,9664,1.46417e+08,26904206336
NVIDIA RTX PRO 4500 Blackwell,rna004_130bps_fast@v5.1.0,9728,1.47217e+08,27046815744
NVIDIA RTX PRO 4500 Blackwell,rna004_130bps_fast@v5.1.0,9792,1.48242e+08,27191522304
NVIDIA RTX PRO 4500 Blackwell,rna004_130bps_fast@v5.1.0,9856,1.48713e+08,27332034560
NVIDIA RTX PRO 4500 Blackwell,rna004_130bps_fast@v5.1.0,9920,1.4967e+08,27474643968
NVIDIA RTX PRO 4500 Blackwell,rna004_130bps_fast@v5.1.0,9984,1.50395e+08,27619350528
NVIDIA RTX PRO 4500 Blackwell,rna004_130bps_fast@v5.1.0,10048,1.5179e+08,27757765632
NVIDIA RTX PRO 4500 Blackwell,rna004_130bps_fast@v5.1.0,10112,1.5216e+08,27898277888
NVIDIA RTX PRO 4500 Blackwell,rna004_130bps_fast@v5.1.0,10176,1.5281e+08,28047178752
NVIDIA RTX PRO 4500 Blackwell,rna004_130bps_fast@v5.1.0,10240,1.45843e+08,28185593856
NVIDIA RTX PRO 4500 Blackwell,rna004_130bps_fast@v5.2.0,64,2.65855e+07,1274210304
NVIDIA RTX PRO 4500 Blackwell,rna004_130bps_fast@v5.2.0,128,4.72797e+07,1468894208
NVIDIA RTX PRO 4500 Blackwell,rna004_130bps_fast@v5.2.0,192,6.43763e+07,1667772928
NVIDIA RTX PRO 4500 Blackwell,rna004_130bps_fast@v5.2.0,256,7.91187e+07,1862456832
NVIDIA RTX PRO 4500 Blackwell,rna004_130bps_fast@v5.2.0,320,9.24737e+07,2059238400
NVIDIA RTX PRO 4500 Blackwell,rna004_130bps_fast@v5.2.0,384,9.64669e+07,2256019456
NVIDIA RTX PRO 4500 Blackwell,rna004_130bps_fast@v5.2.0,448,1.04452e+08,2452801024
NVIDIA RTX PRO 4500 Blackwell,rna004_130bps_fast@v5.2.0,512,1.10048e+08,2647484928
NVIDIA RTX PRO 4500 Blackwell,rna004_130bps_fast@v5.2.0,576,1.15896e+08,2857883648
NVIDIA RTX PRO 4500 Blackwell,rna004_130bps_fast@v5.2.0,640,1.21005e+08,3053847552
NVIDIA RTX PRO 4500 Blackwell,rna004_130bps_fast@v5.2.0,704,1.17706e+08,3237529088
NVIDIA RTX PRO 4500 Blackwell,rna004_130bps_fast@v5.2.0,768,1.20672e+08,3449970176
NVIDIA RTX PRO 4500 Blackwell,rna004_130bps_fast@v5.2.0,832,1.22371e+08,3629702656
NVIDIA RTX PRO 4500 Blackwell,rna004_130bps_fast@v5.2.0,896,1.26494e+08,3831032320
NVIDIA RTX PRO 4500 Blackwell,rna004_130bps_fast@v5.2.0,960,1.29709e+08,4042057216
NVIDIA RTX PRO 4500 Blackwell,rna004_130bps_fast@v5.2.0,1024,1.26242e+08,4221108736
NVIDIA RTX PRO 4500 Blackwell,rna004_130bps_fast@v5.2.0,1088,1.27377e+08,4416419840
NVIDIA RTX PRO 4500 Blackwell,rna004_130bps_fast@v5.2.0,1152,1.30192e+08,4613282304
NVIDIA RTX PRO 4500 Blackwell,rna004_130bps_fast@v5.2.0,1216,1.3271e+08,4835583488
NVIDIA RTX PRO 4500 Blackwell,rna004_130bps_fast@v5.2.0,1280,1.34631e+08,5030266368
NVIDIA RTX PRO 4500 Blackwell,rna004_130bps_fast@v5.2.0,1344,1.33423e+08,5202213888
NVIDIA RTX PRO 4500 Blackwell,rna004_130bps_fast@v5.2.0,1408,1.33789e+08,5398532096
NVIDIA RTX PRO 4500 Blackwell,rna004_130bps_fast@v5.2.0,1472,1.34301e+08,5599402496
NVIDIA RTX PRO 4500 Blackwell,rna004_130bps_fast@v5.2.0,1536,1.33874e+08,5791457792
NVIDIA RTX PRO 4500 Blackwell,rna004_130bps_fast@v5.2.0,1600,1.36471e+08,5989584896
NVIDIA RTX PRO 4500 Blackwell,rna004_130bps_fast@v5.2.0,1664,1.3188e+08,6184809472
NVIDIA RTX PRO 4500 Blackwell,rna004_130bps_fast@v5.2.0,1728,1.30145e+08,6383306240
NVIDIA RTX PRO 4500 Blackwell,rna004_130bps_fast@v5.2.0,1792,1.31129e+08,6580974080
NVIDIA RTX PRO 4500 Blackwell,rna004_130bps_fast@v5.2.0,1856,1.3213e+08,6774858752
NVIDIA RTX PRO 4500 Blackwell,rna004_130bps_fast@v5.2.0,1920,1.32771e+08,6971176960
NVIDIA RTX PRO 4500 Blackwell,rna004_130bps_fast@v5.2.0,1984,1.29493e+08,7166974464
NVIDIA RTX PRO 4500 Blackwell,rna004_130bps_fast@v5.2.0,2048,1.33501e+08,7364493824
NVIDIA RTX PRO 4500 Blackwell,rna004_130bps_fast@v5.2.0,2112,1.33409e+08,7560132608
NVIDIA RTX PRO 4500 Blackwell,rna004_130bps_fast@v5.2.0,2176,1.33242e+08,7756450816
NVIDIA RTX PRO 4500 Blackwell,rna004_130bps_fast@v5.2.0,2240,1.32669e+08,7953714688
NVIDIA RTX PRO 4500 Blackwell,rna004_130bps_fast@v5.2.0,2304,1.31938e+08,8148279808
NVIDIA RTX PRO 4500 Blackwell,rna004_130bps_fast@v5.2.0,2368,1.35393e+08,8345878528
NVIDIA RTX PRO 4500 Blackwell,rna004_130bps_fast@v5.2.0,2432,1.3426e+08,8543909888
NVIDIA RTX PRO 4500 Blackwell,rna004_130bps_fast@v5.2.0,2496,1.32841e+08,8739036672
NVIDIA RTX PRO 4500 Blackwell,rna004_130bps_fast@v5.2.0,2560,1.36204e+08,8934842880
NVIDIA RTX PRO 4500 Blackwell,rna004_130bps_fast@v5.2.0,2624,1.34571e+08,9134843904
NVIDIA RTX PRO 4500 Blackwell,rna004_130bps_fast@v5.2.0,2688,1.37555e+08,9328296960
NVIDIA RTX PRO 4500 Blackwell,rna004_130bps_fast@v5.2.0,2752,1.35383e+08,9526986240
NVIDIA RTX PRO 4500 Blackwell,rna004_130bps_fast@v5.2.0,2816,1.38597e+08,9718067712
NVIDIA RTX PRO 4500 Blackwell,rna004_130bps_fast@v5.2.0,2880,1.36075e+08,9918068224
NVIDIA RTX PRO 4500 Blackwell,rna004_130bps_fast@v5.2.0,2944,1.38911e+08,10114369536
NVIDIA RTX PRO 4500 Blackwell,rna004_130bps_fast@v5.2.0,3008,1.35917e+08,10310243840
NVIDIA RTX PRO 4500 Blackwell,rna004_130bps_fast@v5.2.0,3072,1.32998e+08,10508468736
NVIDIA RTX PRO 4500 Blackwell,rna004_130bps_fast@v5.2.0,3136,1.35596e+08,10701409792
NVIDIA RTX PRO 4500 Blackwell,rna004_130bps_fast@v5.2.0,3200,1.3833e+08,10897546240
NVIDIA RTX PRO 4500 Blackwell,rna004_130bps_fast@v5.2.0,3264,1.347e+08,11095962112
NVIDIA RTX PRO 4500 Blackwell,rna004_130bps_fast@v5.2.0,3328,1.371e+08,11292815872
NVIDIA RTX PRO 4500 Blackwell,rna004_130bps_fast@v5.2.0,3392,1.33255e+08,11489951232
NVIDIA RTX PRO 4500 Blackwell,rna004_130bps_fast@v5.2.0,3456,1.35604e+08,11684989440
NVIDIA RTX PRO 4500 Blackwell,rna004_130bps_fast@v5.2.0,3520,1.3793e+08,11880324608
NVIDIA RTX PRO 4500 Blackwell,rna004_130bps_fast@v5.2.0,3584,1.33613e+08,12080325120
NVIDIA RTX PRO 4500 Blackwell,rna004_130bps_fast@v5.2.0,3648,1.35896e+08,12271937024
NVIDIA RTX PRO 4500 Blackwell,rna004_130bps_fast@v5.2.0,3712,1.31166e+08,12473530880
NVIDIA RTX PRO 4500 Blackwell,rna004_130bps_fast@v5.2.0,3776,1.33143e+08,12670666240
NVIDIA RTX PRO 4500 Blackwell,rna004_130bps_fast@v5.2.0,3840,1.35416e+08,12861510144
NVIDIA RTX PRO 4500 Blackwell,rna004_130bps_fast@v5.2.0,3904,1.37419e+08,13059356160
NVIDIA RTX PRO 4500 Blackwell,rna004_130bps_fast@v5.2.0,3968,1.32151e+08,13255162368
NVIDIA RTX PRO 4500 Blackwell,rna004_130bps_fast@v5.2.0,4032,1.34589e+08,13455013376
NVIDIA RTX PRO 4500 Blackwell,rna004_130bps_fast@v5.2.0,4096,1.36336e+08,13650051584
NVIDIA RTX PRO 4500 Blackwell,rna004_130bps_fast@v5.2.0,4160,1.37844e+08,13845089792
NVIDIA RTX PRO 4500 Blackwell,rna004_130bps_fast@v5.2.0,4224,1.3234e+08,14042581504
NVIDIA RTX PRO 4500 Blackwell,rna004_130bps_fast@v5.2.0,4288,1.33956e+08,14238387712
NVIDIA RTX PRO 4500 Blackwell,rna004_130bps_fast@v5.2.0,4352,1.35948e+08,14434193920
NVIDIA RTX PRO 4500 Blackwell,rna004_130bps_fast@v5.2.0,4416,1.38033e+08,14650408448
NVIDIA RTX PRO 4500 Blackwell,rna004_130bps_fast@v5.2.0,4480,1.31523e+08,14847543808
NVIDIA RTX PRO 4500 Blackwell,rna004_130bps_fast@v5.2.0,4544,1.33149e+08,15044679168
NVIDIA RTX PRO 4500 Blackwell,rna004_130bps_fast@v5.2.0,4608,1.34939e+08,15237620224
NVIDIA RTX PRO 4500 Blackwell,rna004_130bps_fast@v5.2.0,4672,1.36621e+08,15436852736
NVIDIA RTX PRO 4500 Blackwell,rna004_130bps_fast@v5.2.0,4736,1.38435e+08,15636085248
NVIDIA RTX PRO 4500 Blackwell,rna004_130bps_fast@v5.2.0,4800,1.31399e+08,15826929152
NVIDIA RTX PRO 4500 Blackwell,rna004_130bps_fast@v5.2.0,4864,1.32961e+08,16007287296
NVIDIA RTX PRO 4500 Blackwell,rna004_130bps_fast@v5.2.0,4928,1.34617e+08,16221199872
NVIDIA RTX PRO 4500 Blackwell,rna004_130bps_fast@v5.2.0,4992,1.36094e+08,16422529536
NVIDIA RTX PRO 4500 Blackwell,rna004_130bps_fast@v5.2.0,5056,1.37763e+08,16598693376
NVIDIA RTX PRO 4500 Blackwell,rna004_130bps_fast@v5.2.0,5120,1.30123e+08,16789537280
NVIDIA RTX PRO 4500 Blackwell,rna004_130bps_fast@v5.2.0,5184,1.31251e+08,16988769792
NVIDIA RTX PRO 4500 Blackwell,rna004_130bps_fast@v5.2.0,5248,1.32836e+08,17190099456
NVIDIA RTX PRO 4500 Blackwell,rna004_130bps_fast@v5.2.0,5312,1.34244e+08,17383040512
NVIDIA RTX PRO 4500 Blackwell,rna004_130bps_fast@v5.2.0,5376,1.35618e+08,17580175872
NVIDIA RTX PRO 4500 Blackwell,rna004_130bps_fast@v5.2.0,5440,1.37359e+08,17773116928
NVIDIA RTX PRO 4500 Blackwell,rna004_130bps_fast@v5.2.0,5504,1.38694e+08,17970252288
NVIDIA RTX PRO 4500 Blackwell,rna004_130bps_fast@v5.2.0,5568,1.30158e+08,18169484800
NVIDIA RTX PRO 4500 Blackwell,rna004_130bps_fast@v5.2.0,5632,1.31918e+08,18364523008
NVIDIA RTX PRO 4500 Blackwell,rna004_130bps_fast@v5.2.0,5696,1.32704e+08,18559561216
NVIDIA RTX PRO 4500 Blackwell,rna004_130bps_fast@v5.2.0,5760,1.34004e+08,18754599424
NVIDIA RTX PRO 4500 Blackwell,rna004_130bps_fast@v5.2.0,5824,1.35497e+08,18951734784
NVIDIA RTX PRO 4500 Blackwell,rna004_130bps_fast@v5.2.0,5888,1.3693e+08,19150967296
NVIDIA RTX PRO 4500 Blackwell,rna004_130bps_fast@v5.2.0,5952,1.38216e+08,19346005504
NVIDIA RTX PRO 4500 Blackwell,rna004_130bps_fast@v5.2.0,6016,1.2861e+08,19543140864
NVIDIA RTX PRO 4500 Blackwell,rna004_130bps_fast@v5.2.0,6080,1.30012e+08,19738179072
NVIDIA RTX PRO 4500 Blackwell,rna004_130bps_fast@v5.2.0,6144,1.31228e+08,19935314432
NVIDIA RTX PRO 4500 Blackwell,rna004_130bps_fast@v5.2.0,6208,1.32385e+08,20130352640
NVIDIA RTX PRO 4500 Blackwell,rna004_130bps_fast@v5.2.0,6272,1.33726e+08,20325390848
NVIDIA RTX PRO 4500 Blackwell,rna004_130bps_fast@v5.2.0,6336,1.34938e+08,20526720512
NVIDIA RTX PRO 4500 Blackwell,rna004_130bps_fast@v5.2.0,6400,1.36192e+08,20721758720
NVIDIA RTX PRO 4500 Blackwell,rna004_130bps_fast@v5.2.0,6464,1.37252e+08,20916796928
NVIDIA RTX PRO 4500 Blackwell,rna004_130bps_fast@v5.2.0,6528,1.38498e+08,21111835136
NVIDIA RTX PRO 4500 Blackwell,rna004_130bps_fast@v5.2.0,6592,1.28178e+08,21308970496
NVIDIA RTX PRO 4500 Blackwell,rna004_130bps_fast@v5.2.0,6656,1.29329e+08,21508203008
NVIDIA RTX PRO 4500 Blackwell,rna004_130bps_fast@v5.2.0,6720,1.30136e+08,21705338368
NVIDIA RTX PRO 4500 Blackwell,rna004_130bps_fast@v5.2.0,6784,1.31283e+08,21898279424
NVIDIA RTX PRO 4500 Blackwell,rna004_130bps_fast@v5.2.0,6848,1.32655e+08,22097511936
NVIDIA RTX PRO 4500 Blackwell,rna004_130bps_fast@v5.2.0,6912,1.32017e+08,22288355840
NVIDIA RTX PRO 4500 Blackwell,rna004_130bps_fast@v5.2.0,6976,1.34067e+08,22485491200
NVIDIA RTX PRO 4500 Blackwell,rna004_130bps_fast@v5.2.0,7040,1.35067e+08,22686820864
NVIDIA RTX PRO 4500 Blackwell,rna004_130bps_fast@v5.2.0,7104,1.3633e+08,22879761920
NVIDIA RTX PRO 4500 Blackwell,rna004_130bps_fast@v5.2.0,7168,1.37521e+08,23078994432
NVIDIA RTX PRO 4500 Blackwell,rna004_130bps_fast@v5.2.0,7232,1.25755e+08,23269838336
NVIDIA RTX PRO 4500 Blackwell,rna004_130bps_fast@v5.2.0,7296,1.2683e+08,23466973696
NVIDIA RTX PRO 4500 Blackwell,rna004_130bps_fast@v5.2.0,7360,1.27912e+08,23670400512
NVIDIA RTX PRO 4500 Blackwell,rna004_130bps_fast@v5.2.0,7424,1.28622e+08,23863341568
NVIDIA RTX PRO 4500 Blackwell,rna004_130bps_fast@v5.2.0,7488,1.29891e+08,24060476928
NVIDIA RTX PRO 4500 Blackwell,rna004_130bps_fast@v5.2.0,7552,1.3085e+08,24257612288
NVIDIA RTX PRO 4500 Blackwell,rna004_130bps_fast@v5.2.0,7616,1.31027e+08,24450553344
NVIDIA RTX PRO 4500 Blackwell,rna004_130bps_fast@v5.2.0,7680,1.32593e+08,24647688704
NVIDIA RTX PRO 4500 Blackwell,rna004_130bps_fast@v5.2.0,7744,1.32873e+08,24844824064
NVIDIA RTX PRO 4500 Blackwell,rna004_130bps_fast@v5.2.0,7808,1.3392e+08,25039862272
NVIDIA RTX PRO 4500 Blackwell,rna004_130bps_fast@v5.2.0,7872,1.34915e+08,25241191936
NVIDIA RTX PRO 4500 Blackwell,rna004_130bps_fast@v5.2.0,7936,1.35863e+08,25432035840
NVIDIA RTX PRO 4500 Blackwell,rna004_130bps_fast@v5.2.0,8000,1.36696e+08,25629171200
NVIDIA RTX PRO 4500 Blackwell,rna004_130bps_fast@v5.2.0,8064,1.24408e+08,25826306560
NVIDIA RTX PRO 4500 Blackwell,rna004_130bps_fast@v5.2.0,8128,1.2469e+08,26025539072
NVIDIA RTX PRO 4500 Blackwell,rna004_130bps_fast@v5.2.0,8192,1.26012e+08,26220577280
NVIDIA RTX PRO 4500 Blackwell,rna004_130bps_fast@v5.2.0,8256,1.26382e+08,26413518336
NVIDIA RTX PRO 4500 Blackwell,rna004_130bps_fast@v5.2.0,8320,1.27299e+08,26577099264
NVIDIA RTX PRO 4500 Blackwell,rna004_130bps_fast@v5.2.0,8384,1.28106e+08,26736485888
NVIDIA RTX PRO 4500 Blackwell,rna004_130bps_fast@v5.2.0,8448,1.28809e+08,26906358272
NVIDIA RTX PRO 4500 Blackwell,rna004_130bps_fast@v5.2.0,8512,1.29687e+08,27067842048
NVIDIA RTX PRO 4500 Blackwell,rna004_130bps_fast@v5.2.0,8576,1.3066e+08,27229325824
NVIDIA RTX PRO 4500 Blackwell,rna004_130bps_fast@v5.2.0,8640,1.3126e+08,27390809600
NVIDIA RTX PRO 4500 Blackwell,rna004_130bps_fast@v5.2.0,8704,1.32147e+08,27556487680
NVIDIA RTX PRO 4500 Blackwell,rna004_130bps_fast@v5.2.0,8768,1.32982e+08,27720068608
NVIDIA RTX PRO 4500 Blackwell,rna004_130bps_fast@v5.2.0,8832,1.33961e+08,27881552384
NVIDIA RTX PRO 4500 Blackwell,rna004_130bps_fast@v5.2.0,8896,1.34771e+08,28040939008
NVIDIA RTX PRO 4500 Blackwell,rna004_130bps_fast@v5.2.0,8960,1.35492e+08,28206617088
NVIDIA RTX PRO 4500 Blackwell,rna004_130bps_fast@v5.2.0,9024,1.36285e+08,28370198016
NVIDIA RTX PRO 4500 Blackwell,rna004_130bps_fast@v5.2.0,9088,1.21991e+08,28533778944
NVIDIA RTX PRO 4500 Blackwell,rna004_130bps_fast@v5.2.0,9152,1.22428e+08,28697359872
NVIDIA RTX PRO 4500 Blackwell,rna004_130bps_fast@v5.2.0,9216,1.23223e+08,28856746496
NVIDIA RTX PRO 4500 Blackwell,rna004_130bps_fast@v5.2.0,9280,1.24003e+08,29022424576
NVIDIA RTX PRO 4500 Blackwell,rna004_130bps_fast@v5.2.0,9344,1.25186e+08,29183908352
NVIDIA RTX PRO 4500 Blackwell,rna004_130bps_fast@v5.2.0,9408,1.25917e+08,29343294976
NVIDIA RTX PRO 4500 Blackwell,rna004_130bps_fast@v5.2.0,9472,1.25895e+08,29513167360
NVIDIA RTX PRO 4500 Blackwell,rna004_130bps_fast@v5.2.0,9536,1.26525e+08,29670456832
NVIDIA RTX PRO 4500 Blackwell,rna004_130bps_fast@v5.2.0,9600,1.25835e+08,29834037760
NVIDIA RTX PRO 4500 Blackwell,rna004_130bps_fast@v5.2.0,9664,1.26519e+08,29997618688
NVIDIA RTX PRO 4500 Blackwell,rna004_130bps_fast@v5.2.0,9728,1.25597e+08,30159102464
NVIDIA RTX PRO 4500 Blackwell,rna004_130bps_fast@v5.2.0,9792,1.26221e+08,30324780544
NVIDIA RTX PRO 4500 Blackwell,rna004_130bps_fast@v5.2.0,9856,1.25745e+08,30486264320
NVIDIA RTX PRO 4500 Blackwell,rna004_130bps_fast@v5.2.0,9920,1.25465e+08,30647748096
NVIDIA RTX PRO 4500 Blackwell,rna004_130bps_fast@v5.2.0,9984,1.25383e+08,30815523328
NVIDIA RTX PRO 4500 Blackwell,rna004_130bps_fast@v5.2.0,10048,1.26853e+08,30972812800
NVIDIA RTX PRO 4500 Blackwell,rna004_130bps_fast@v5.2.0,10112,1.27421e+08,31134296576
NVIDIA RTX PRO 4500 Blackwell,rna004_130bps_fast@v5.2.0,10176,1.26625e+08,31304168960
NVIDIA RTX PRO 4500 Blackwell,rna004_130bps_fast@v5.2.0,10240,1.31672e+08,31463555584
NVIDIA RTX PRO 4500 Blackwell,rna004_130bps_hac@v5.1.0,64,1.03591e+07,489943040
NVIDIA RTX PRO 4500 Blackwell,rna004_130bps_hac@v5.1.0,128,2.01952e+07,957112320
NVIDIA RTX PRO 4500 Blackwell,rna004_130bps_hac@v5.1.0,192,2.87547e+07,1432370688
NVIDIA RTX PRO 4500 Blackwell,rna004_130bps_hac@v5.1.0,256,3.70552e+07,1893841408
NVIDIA RTX PRO 4500 Blackwell,rna004_130bps_hac@v5.1.0,320,4.31141e+07,2361896448
NVIDIA RTX PRO 4500 Blackwell,rna004_130bps_hac@v5.1.0,384,4.7477e+07,2829052416
NVIDIA RTX PRO 4500 Blackwell,rna004_130bps_hac@v5.1.0,448,3.93253e+07,3313465856
NVIDIA RTX PRO 4500 Blackwell,rna004_130bps_hac@v5.1.0,512,4.33788e+07,3775125504
NVIDIA RTX PRO 4500 Blackwell,rna004_130bps_hac@v5.1.0,576,4.70522e+07,4233393664
NVIDIA RTX PRO 4500 Blackwell,rna004_130bps_hac@v5.1.0,640,4.97707e+07,4713154560
NVIDIA RTX PRO 4500 Blackwell,rna004_130bps_hac@v5.1.0,704,5.19144e+07,5185823232
NVIDIA RTX PRO 4500 Blackwell,rna004_130bps_hac@v5.1.0,768,5.50443e+07,5652256768
NVIDIA RTX PRO 4500 Blackwell,rna004_130bps_hac@v5.1.0,832,5.63451e+07,6119255552
NVIDIA RTX PRO 4500 Blackwell,rna004_130bps_hac@v5.1.0,896,5.08533e+07,6590145536
NVIDIA RTX PRO 4500 Blackwell,rna004_130bps_hac@v5.1.0,960,5.25371e+07,7054686720
NVIDIA RTX PRO 4500 Blackwell,rna004_130bps_hac@v5.1.0,1024,5.80254e+07,7532977152
NVIDIA RTX PRO 4500 Blackwell,rna004_130bps_hac@v5.1.0,1088,5.7407e+07,7991532544
NVIDIA RTX PRO 4500 Blackwell,rna004_130bps_hac@v5.1.0,1152,6.18553e+07,8464574976
NVIDIA RTX PRO 4500 Blackwell,rna004_130bps_hac@v5.1.0,1216,6.16318e+07,8931897344
NVIDIA RTX PRO 4500 Blackwell,rna004_130bps_hac@v5.1.0,1280,6.61335e+07,9401187328
NVIDIA RTX PRO 4500 Blackwell,rna004_130bps_hac@v5.1.0,1344,6.41391e+07,9870894080
NVIDIA RTX PRO 4500 Blackwell,rna004_130bps_hac@v5.1.0,1408,6.8625e+07,10342336000
NVIDIA RTX PRO 4500 Blackwell,rna004_130bps_hac@v5.1.0,1472,6.73324e+07,10813914624
NVIDIA RTX PRO 4500 Blackwell,rna004_130bps_hac@v5.1.0,1536,7.1621e+07,11277709312
NVIDIA RTX PRO 4500 Blackwell,rna004_130bps_hac@v5.1.0,1600,6.98856e+07,11750442496
NVIDIA RTX PRO 4500 Blackwell,rna004_130bps_hac@v5.1.0,1664,7.42972e+07,12214568448
NVIDIA RTX PRO 4500 Blackwell,rna004_130bps_hac@v5.1.0,1728,5.66097e+07,12690827264
NVIDIA RTX PRO 4500 Blackwell,rna004_130bps_hac@v5.1.0,1792,5.85964e+07,13156807168
NVIDIA RTX PRO 4500 Blackwell,rna004_130bps_hac@v5.1.0,1856,5.89262e+07,13623933440
NVIDIA RTX PRO 4500 Blackwell,rna004_130bps_hac@v5.1.0,1920,5.90663e+07,14047138304
NVIDIA RTX PRO 4500 Blackwell,rna004_130bps_hac@v5.1.0,1984,6.09863e+07,14573885952
NVIDIA RTX PRO 4500 Blackwell,rna004_130bps_hac@v5.1.0,2048,6.08833e+07,15030761472
NVIDIA RTX PRO 4500 Blackwell,rna004_130bps_hac@v5.1.0,2112,5.86202e+07,15498489344
NVIDIA RTX PRO 4500 Blackwell,rna004_130bps_hac@v5.1.0,2176,6.03295e+07,15964191232
NVIDIA RTX PRO 4500 Blackwell,rna004_130bps_hac@v5.1.0,2240,6.66133e+07,16391414784
NVIDIA RTX PRO 4500 Blackwell,rna004_130bps_hac@v5.1.0,2304,6.38764e+07,16903815168
NVIDIA RTX PRO 4500 Blackwell,rna004_130bps_hac@v5.1.0,2368,6.80217e+07,17372827648
NVIDIA RTX PRO 4500 Blackwell,rna004_130bps_hac@v5.1.0,2432,6.49641e+07,17859765760
NVIDIA RTX PRO 4500 Blackwell,rna004_130bps_hac@v5.1.0,2496,7.15968e+07,18316426240
NVIDIA RTX PRO 4500 Blackwell,rna004_130bps_hac@v5.1.0,2560,6.82218e+07,18783059968
NVIDIA RTX PRO 4500 Blackwell,rna004_130bps_hac@v5.1.0,2624,6.48246e+07,19270120960
NVIDIA RTX PRO 4500 Blackwell,rna004_130bps_hac@v5.1.0,2688,6.64806e+07,19715608064
NVIDIA RTX PRO 4500 Blackwell,rna004_130bps_hac@v5.1.0,2752,6.52767e+07,20195730944
NVIDIA RTX PRO 4500 Blackwell,rna004_130bps_hac@v5.1.0,2816,6.95908e+07,20656708096
NVIDIA RTX PRO 4500 Blackwell,rna004_130bps_hac@v5.1.0,2880,6.54754e+07,21152699904
NVIDIA RTX PRO 4500 Blackwell,rna004_130bps_hac@v5.1.0,2944,6.97413e+07,21529672704
NVIDIA RTX PRO 4500 Blackwell,rna004_130bps_hac@v5.1.0,3008,6.81451e+07,22055128064
NVIDIA RTX PRO 4500 Blackwell,rna004_130bps_hac@v5.1.0,3072,7.25317e+07,22455105536
NVIDIA RTX PRO 4500 Blackwell,rna004_130bps_hac@v5.1.0,3136,6.80149e+07,22938785280
NVIDIA RTX PRO 4500 Blackwell,rna004_130bps_hac@v5.1.0,3200,7.25351e+07,23467474432
NVIDIA RTX PRO 4500 Blackwell,rna004_130bps_hac@v5.1.0,3264,7.0655e+07,23874862592
NVIDIA RTX PRO 4500 Blackwell,rna004_130bps_hac@v5.1.0,3328,7.52665e+07,24324985856
NVIDIA RTX PRO 4500 Blackwell,rna004_130bps_hac@v5.1.0,3392,6.3361e+07,24813730304
NVIDIA RTX PRO 4500 Blackwell,rna004_130bps_hac@v5.1.0,3456,6.10805e+07,25287968768
NVIDIA RTX PRO 4500 Blackwell,rna004_130bps_hac@v5.1.0,3520,6.55994e+07,25808987648
NVIDIA RTX PRO 4500 Blackwell,rna004_130bps_hac@v5.1.0,3584,6.31505e+07,26195260416
NVIDIA RTX PRO 4500 Blackwell,rna004_130bps_hac@v5.1.0,3648,6.78713e+07,26687242752
NVIDIA RTX PRO 4500 Blackwell,rna004_130bps_hac@v5.1.0,3712,6.54058e+07,27196728320
NVIDIA RTX PRO 4500 Blackwell,rna004_130bps_hac@v5.1.0,3776,6.67173e+07,27741211136
NVIDIA RTX PRO 4500 Blackwell,rna004_130bps_hac@v5.1.0,3840,6.38886e+07,28086443008
NVIDIA RTX PRO 4500 Blackwell,rna004_130bps_hac@v5.1.0,3904,6.87607e+07,28549228032
NVIDIA RTX PRO 4500 Blackwell,rna004_130bps_hac@v5.1.0,3968,6.58935e+07,29028967424
NVIDIA RTX PRO 4500 Blackwell,rna004_130bps_hac@v5.2.0,64,9.97435e+06,490383872
NVIDIA RTX PRO 4500 Blackwell,rna004_130bps_hac@v5.2.0,128,1.94308e+07,958436352
NVIDIA RTX PRO 4500 Blackwell,rna004_130bps_hac@v5.2.0,192,2.76153e+07,1426181120
NVIDIA RTX PRO 4500 Blackwell,rna004_130bps_hac@v5.2.0,256,3.5755e+07,1893737472
NVIDIA RTX PRO 4500 Blackwell,rna004_130bps_hac@v5.2.0,320,4.1838e+07,2367523328
NVIDIA RTX PRO 4500 Blackwell,rna004_130bps_hac@v5.2.0,384,4.63681e+07,2844605440
NVIDIA RTX PRO 4500 Blackwell,rna004_130bps_hac@v5.2.0,448,3.84399e+07,3306789376
NVIDIA RTX PRO 4500 Blackwell,rna004_130bps_hac@v5.2.0,512,4.28675e+07,3776890880
NVIDIA RTX PRO 4500 Blackwell,rna004_130bps_hac@v5.2.0,576,4.595e+07,4243488768
NVIDIA RTX PRO 4500 Blackwell,rna004_130bps_hac@v5.2.0,640,4.90954e+07,4713313792
NVIDIA RTX PRO 4500 Blackwell,rna004_130bps_hac@v5.2.0,704,5.12265e+07,5183071744
NVIDIA RTX PRO 4500 Blackwell,rna004_130bps_hac@v5.2.0,768,5.35721e+07,5650091520
NVIDIA RTX PRO 4500 Blackwell,rna004_130bps_hac@v5.2.0,832,5.5532e+07,6132498432
NVIDIA RTX PRO 4500 Blackwell,rna004_130bps_hac@v5.2.0,896,4.9954e+07,6605825024
NVIDIA RTX PRO 4500 Blackwell,rna004_130bps_hac@v5.2.0,960,5.25217e+07,7054593536
NVIDIA RTX PRO 4500 Blackwell,rna004_130bps_hac@v5.2.0,1024,5.70454e+07,7525721600
NVIDIA RTX PRO 4500 Blackwell,rna004_130bps_hac@v5.2.0,1088,5.62675e+07,7992967168
NVIDIA RTX PRO 4500 Blackwell,rna004_130bps_hac@v5.2.0,1152,6.07258e+07,8466957312
NVIDIA RTX PRO 4500 Blackwell,rna004_130bps_hac@v5.2.0,1216,6.04454e+07,8931995136
NVIDIA RTX PRO 4500 Blackwell,rna004_130bps_hac@v5.2.0,1280,6.48358e+07,9401345536
NVIDIA RTX PRO 4500 Blackwell,rna004_130bps_hac@v5.2.0,1344,6.27974e+07,9879220736
NVIDIA RTX PRO 4500 Blackwell,rna004_130bps_hac@v5.2.0,1408,6.71215e+07,10308404736
NVIDIA RTX PRO 4500 Blackwell,rna004_130bps_hac@v5.2.0,1472,6.58312e+07,10816754688
NVIDIA RTX PRO 4500 Blackwell,rna004_130bps_hac@v5.2.0,1536,7.01152e+07,11278768640
NVIDIA RTX PRO 4500 Blackwell,rna004_130bps_hac@v5.2.0,1600,6.83299e+07,11777987584
NVIDIA RTX PRO 4500 Blackwell,rna004_130bps_hac@v5.2.0,1664,7.27606e+07,12214330368
NVIDIA RTX PRO 4500 Blackwell,rna004_130bps_hac@v5.2.0,1728,5.65978e+07,12690826752
NVIDIA RTX PRO 4500 Blackwell,rna004_130bps_hac@v5.2.0,1792,5.69089e+07,13116251648
NVIDIA RTX PRO 4500 Blackwell,rna004_130bps_hac@v5.2.0,1856,5.89219e+07,13626098688
NVIDIA RTX PRO 4500 Blackwell,rna004_130bps_hac@v5.2.0,1920,5.90258e+07,14090322944
NVIDIA RTX PRO 4500 Blackwell,rna004_130bps_hac@v5.2.0,1984,5.9007e+07,14520783872
NVIDIA RTX PRO 4500 Blackwell,rna004_130bps_hac@v5.2.0,2048,6.0788e+07,15030642688
NVIDIA RTX PRO 4500 Blackwell,rna004_130bps_hac@v5.2.0,2112,5.87056e+07,15498766336
NVIDIA RTX PRO 4500 Blackwell,rna004_130bps_hac@v5.2.0,2176,6.03256e+07,15963958784
NVIDIA RTX PRO 4500 Blackwell,rna004_130bps_hac@v5.2.0,2240,6.65883e+07,16391411200
NVIDIA RTX PRO 4500 Blackwell,rna004_130bps_hac@v5.2.0,2304,6.3769e+07,16903815168
NVIDIA RTX PRO 4500 Blackwell,rna004_130bps_hac@v5.2.0,2368,6.79928e+07,17372385792
NVIDIA RTX PRO 4500 Blackwell,rna004_130bps_hac@v5.2.0,2432,6.25923e+07,17842892800
NVIDIA RTX PRO 4500 Blackwell,rna004_130bps_hac@v5.2.0,2496,6.91459e+07,18316614656
NVIDIA RTX PRO 4500 Blackwell,rna004_130bps_hac@v5.2.0,2560,6.58534e+07,18810599424
NVIDIA RTX PRO 4500 Blackwell,rna004_130bps_hac@v5.2.0,2624,6.23142e+07,19253990912
NVIDIA RTX PRO 4500 Blackwell,rna004_130bps_hac@v5.2.0,2688,6.63864e+07,19715820544
NVIDIA RTX PRO 4500 Blackwell,rna004_130bps_hac@v5.2.0,2752,6.52953e+07,20195645952
NVIDIA RTX PRO 4500 Blackwell,rna004_130bps_hac@v5.2.0,2816,6.9475e+07,20654711808
NVIDIA RTX PRO 4500 Blackwell,rna004_130bps_hac@v5.2.0,2880,6.55002e+07,21161536512
NVIDIA RTX PRO 4500 Blackwell,rna004_130bps_hac@v5.2.0,2944,6.97607e+07,21529917952
NVIDIA RTX PRO 4500 Blackwell,rna004_130bps_hac@v5.2.0,3008,6.52493e+07,21982313472
NVIDIA RTX PRO 4500 Blackwell,rna004_130bps_hac@v5.2.0,3072,7.25196e+07,22474124288
NVIDIA RTX PRO 4500 Blackwell,rna004_130bps_hac@v5.2.0,3136,6.7987e+07,22995783168
NVIDIA RTX PRO 4500 Blackwell,rna004_130bps_hac@v5.2.0,3200,7.24322e+07,23448274432
NVIDIA RTX PRO 4500 Blackwell,rna004_130bps_hac@v5.2.0,3264,6.75981e+07,23874682368
NVIDIA RTX PRO 4500 Blackwell,rna004_130bps_hac@v5.2.0,3328,7.52314e+07,24345091072
NVIDIA RTX PRO 4500 Blackwell,rna004_130bps_hac@v5.2.0,3392,6.33331e+07,24811181568
NVIDIA RTX PRO 4500 Blackwell,rna004_130bps_hac@v5.2.0,3456,6.10122e+07,25266340864
NVIDIA RTX PRO 4500 Blackwell,rna004_130bps_hac@v5.2.0,3520,6.56485e+07,25727991808
NVIDIA RTX PRO 4500 Blackwell,rna004_130bps_hac@v5.2.0,3584,6.31652e+07,26219257856
NVIDIA RTX PRO 4500 Blackwell,rna004_130bps_hac@v5.2.0,3648,6.44807e+07,26678702080
NVIDIA RTX PRO 4500 Blackwell,rna004_130bps_hac@v5.2.0,3712,6.19196e+07,27231657472
NVIDIA RTX PRO 4500 Blackwell,rna004_130bps_hac@v5.2.0,3776,6.66681e+07,27698146304
NVIDIA RTX PRO 4500 Blackwell,rna004_130bps_hac@v5.2.0,3840,6.38736e+07,28086538752
NVIDIA RTX PRO 4500 Blackwell,rna004_130bps_hac@v5.2.0,3904,6.88629e+07,28625364992
NVIDIA RTX PRO 4500 Blackwell,rna004_130bps_hac@v5.2.0,3968,6.5779e+07,29028960256
NVIDIA RTX PRO 4500 Blackwell,rna004_130bps_sup@v5.1.0,32,7.42229e+06,1891412992
NVIDIA RTX PRO 4500 Blackwell,rna004_130bps_sup@v5.1.0,64,8.84164e+06,3063493120
NVIDIA RTX PRO 4500 Blackwell,rna004_130bps_sup@v5.1.0,96,8.84256e+06,4237276672
NVIDIA RTX PRO 4500 Blackwell,rna004_130bps_sup@v5.1.0,128,9.19616e+06,5427837952
NVIDIA RTX PRO 4500 Blackwell,rna004_130bps_sup@v5.1.0,160,9.43169e+06,6616433152
NVIDIA RTX PRO 4500 Blackwell,rna004_130bps_sup@v5.1.0,192,9.20144e+06,7806928896
NVIDIA RTX PRO 4500 Blackwell,rna004_130bps_sup@v5.1.0,224,9.49128e+06,8998998528
NVIDIA RTX PRO 4500 Blackwell,rna004_130bps_sup@v5.1.0,256,9.42869e+06,10188248064
NVIDIA RTX PRO 4500 Blackwell,rna004_130bps_sup@v5.2.0,32,7.48137e+06,1890233344
NVIDIA RTX PRO 4500 Blackwell,rna004_130bps_sup@v5.2.0,64,8.84063e+06,3063493120
NVIDIA RTX PRO 4500 Blackwell,rna004_130bps_sup@v5.2.0,96,8.8423e+06,4237276672
NVIDIA RTX PRO 4500 Blackwell,rna004_130bps_sup@v5.2.0,128,9.19376e+06,5427837952
NVIDIA RTX PRO 4500 Blackwell,rna004_130bps_sup@v5.2.0,160,9.42975e+06,6617907712
NVIDIA RTX PRO 4500 Blackwell,rna004_130bps_sup@v5.2.0,192,9.20033e+06,7806928896
NVIDIA RTX PRO 4500 Blackwell,rna004_130bps_sup@v5.2.0,224,9.49232e+06,8996934144
NVIDIA RTX PRO 4500 Blackwell,rna004_130bps_sup@v5.2.0,256,9.43389e+06,10189165568
