NVIDIA H100 NVL,dna_r10.4.1_e8.2_400bps_fast@v4.3.0,64,2.72099e+07,1223602688
NVIDIA H100 NVL,dna_r10.4.1_e8.2_400bps_fast@v4.3.0,128,5.30365e+07,1371934720
NVIDIA H100 NVL,dna_r10.4.1_e8.2_400bps_fast@v4.3.0,192,7.74914e+07,1518170112
NVIDIA H100 NVL,dna_r10.4.1_e8.2_400bps_fast@v4.3.0,256,1.01815e+08,1666501120
NVIDIA H100 NVL,dna_r10.4.1_e8.2_400bps_fast@v4.3.0,320,1.22043e+08,1812736512
NVIDIA H100 NVL,dna_r10.4.1_e8.2_400bps_fast@v4.3.0,384,1.4372e+08,1958971392
NVIDIA H100 NVL,dna_r10.4.1_e8.2_400bps_fast@v4.3.0,448,1.63754e+08,2105206784
NVIDIA H100 NVL,dna_r10.4.1_e8.2_400bps_fast@v4.3.0,512,1.80324e+08,2253537792
NVIDIA H100 NVL,dna_r10.4.1_e8.2_400bps_fast@v4.3.0,576,1.78361e+08,2399773184
NVIDIA H100 NVL,dna_r10.4.1_e8.2_400bps_fast@v4.3.0,640,1.94585e+08,2548105216
NVIDIA H100 NVL,dna_r10.4.1_e8.2_400bps_fast@v4.3.0,704,2.07585e+08,2693454848
NVIDIA H100 NVL,dna_r10.4.1_e8.2_400bps_fast@v4.3.0,768,2.208e+08,2840574464
NVIDIA H100 NVL,dna_r10.4.1_e8.2_400bps_fast@v4.3.0,832,2.29311e+08,3003731456
NVIDIA H100 NVL,dna_r10.4.1_e8.2_400bps_fast@v4.3.0,896,2.37749e+08,3137064960
NVIDIA H100 NVL,dna_r10.4.1_e8.2_400bps_fast@v4.3.0,960,2.432e+08,3283474432
NVIDIA H100 NVL,dna_r10.4.1_e8.2_400bps_fast@v4.3.0,1024,2.51587e+08,3428610560
NVIDIA H100 NVL,dna_r10.4.1_e8.2_400bps_fast@v4.3.0,1088,2.43436e+08,3575943680
NVIDIA H100 NVL,dna_r10.4.1_e8.2_400bps_fast@v4.3.0,1152,2.52725e+08,3722254336
NVIDIA H100 NVL,dna_r10.4.1_e8.2_400bps_fast@v4.3.0,1216,2.57341e+08,3872929280
NVIDIA H100 NVL,dna_r10.4.1_e8.2_400bps_fast@v4.3.0,1280,2.61026e+08,4016744960
NVIDIA H100 NVL,dna_r10.4.1_e8.2_400bps_fast@v4.3.0,1344,2.66049e+08,4163767808
NVIDIA H100 NVL,dna_r10.4.1_e8.2_400bps_fast@v4.3.0,1408,2.72521e+08,4311638016
NVIDIA H100 NVL,dna_r10.4.1_e8.2_400bps_fast@v4.3.0,1472,2.76028e+08,4461605888
NVIDIA H100 NVL,dna_r10.4.1_e8.2_400bps_fast@v4.3.0,1536,2.81251e+08,4605280768
NVIDIA H100 NVL,dna_r10.4.1_e8.2_400bps_fast@v4.3.0,1600,2.68683e+08,4755248640
NVIDIA H100 NVL,dna_r10.4.1_e8.2_400bps_fast@v4.3.0,1664,2.76488e+08,4898924544
NVIDIA H100 NVL,dna_r10.4.1_e8.2_400bps_fast@v4.3.0,1728,2.79009e+08,5047607296
NVIDIA H100 NVL,dna_r10.4.1_e8.2_400bps_fast@v4.3.0,1792,2.86562e+08,5194730496
NVIDIA H100 NVL,dna_r10.4.1_e8.2_400bps_fast@v4.3.0,1856,2.89146e+08,5340644864
NVIDIA H100 NVL,dna_r10.4.1_e8.2_400bps_fast@v4.3.0,1920,2.91935e+08,5490405376
NVIDIA H100 NVL,dna_r10.4.1_e8.2_400bps_fast@v4.3.0,1984,2.93347e+08,5634081792
NVIDIA H100 NVL,dna_r10.4.1_e8.2_400bps_fast@v4.3.0,2048,2.98211e+08,5783474688
NVIDIA H100 NVL,dna_r10.4.1_e8.2_400bps_fast@v4.3.0,2112,3.026e+08,5930418688
NVIDIA H100 NVL,dna_r10.4.1_e8.2_400bps_fast@v4.3.0,2176,2.927e+08,6075765248
NVIDIA H100 NVL,dna_r10.4.1_e8.2_400bps_fast@v4.3.0,2240,2.96347e+08,6224142336
NVIDIA H100 NVL,dna_r10.4.1_e8.2_400bps_fast@v4.3.0,2304,2.99607e+08,6386548736
NVIDIA H100 NVL,dna_r10.4.1_e8.2_400bps_fast@v4.3.0,2368,3.03189e+08,6516745728
NVIDIA H100 NVL,dna_r10.4.1_e8.2_400bps_fast@v4.3.0,2432,3.07148e+08,6716298240
NVIDIA H100 NVL,dna_r10.4.1_e8.2_400bps_fast@v4.3.0,2496,3.08426e+08,6808896000
NVIDIA H100 NVL,dna_r10.4.1_e8.2_400bps_fast@v4.3.0,2560,3.12613e+08,6958621184
NVIDIA H100 NVL,dna_r10.4.1_e8.2_400bps_fast@v4.3.0,2624,3.15096e+08,7106491904
NVIDIA H100 NVL,dna_r10.4.1_e8.2_400bps_fast@v4.3.0,2688,3.07442e+08,7251118592
NVIDIA H100 NVL,dna_r10.4.1_e8.2_400bps_fast@v4.3.0,2752,3.08135e+08,7402509824
NVIDIA H100 NVL,dna_r10.4.1_e8.2_400bps_fast@v4.3.0,2816,3.11348e+08,7545119232
NVIDIA H100 NVL,dna_r10.4.1_e8.2_400bps_fast@v4.3.0,2880,3.16098e+08,7694349824
NVIDIA H100 NVL,dna_r10.4.1_e8.2_400bps_fast@v4.3.0,2944,3.11937e+08,7841648640
NVIDIA H100 NVL,dna_r10.4.1_e8.2_400bps_fast@v4.3.0,3008,3.1776e+08,7988336128
NVIDIA H100 NVL,dna_r10.4.1_e8.2_400bps_fast@v4.3.0,3072,3.15945e+08,8133681664
NVIDIA H100 NVL,dna_r10.4.1_e8.2_400bps_fast@v4.3.0,3136,3.18146e+08,8279028224
NVIDIA H100 NVL,dna_r10.4.1_e8.2_400bps_fast@v4.3.0,3200,3.06605e+08,8428404736
NVIDIA H100 NVL,dna_r10.4.1_e8.2_400bps_fast@v4.3.0,3264,3.14492e+08,8577732608
NVIDIA H100 NVL,dna_r10.4.1_e8.2_400bps_fast@v4.3.0,3328,3.05683e+08,8721646080
NVIDIA H100 NVL,dna_r10.4.1_e8.2_400bps_fast@v4.3.0,3392,3.19699e+08,8868802048
NVIDIA H100 NVL,dna_r10.4.1_e8.2_400bps_fast@v4.3.0,3456,3.0617e+08,9012051456
NVIDIA H100 NVL,dna_r10.4.1_e8.2_400bps_fast@v4.3.0,3520,3.17936e+08,9161995264
NVIDIA H100 NVL,dna_r10.4.1_e8.2_400bps_fast@v4.3.0,3584,2.99229e+08,9311787520
NVIDIA H100 NVL,dna_r10.4.1_e8.2_400bps_fast@v4.3.0,3648,3.16904e+08,9457761792
NVIDIA H100 NVL,dna_r10.4.1_e8.2_400bps_fast@v4.3.0,3712,3.11417e+08,9604565504
NVIDIA H100 NVL,dna_r10.4.1_e8.2_400bps_fast@v4.3.0,3776,3.11361e+08,9747186176
NVIDIA H100 NVL,dna_r10.4.1_e8.2_400bps_fast@v4.3.0,3840,3.1727e+08,9897150976
NVIDIA H100 NVL,dna_r10.4.1_e8.2_400bps_fast@v4.3.0,3904,3.22201e+08,10045021696
NVIDIA H100 NVL,dna_r10.4.1_e8.2_400bps_fast@v4.3.0,3968,3.17164e+08,10191599104
NVIDIA H100 NVL,dna_r10.4.1_e8.2_400bps_fast@v4.3.0,4032,3.21907e+08,10338584064
NVIDIA H100 NVL,dna_r10.4.1_e8.2_400bps_fast@v4.3.0,4096,3.21145e+08,10489582080
NVIDIA H100 NVL,dna_r10.4.1_e8.2_400bps_fast@v4.3.0,4160,3.2472e+08,10632191488
NVIDIA H100 NVL,dna_r10.4.1_e8.2_400bps_fast@v4.3.0,4224,3.29059e+08,10781372928
NVIDIA H100 NVL,dna_r10.4.1_e8.2_400bps_fast@v4.3.0,4288,3.19371e+08,10924622336
NVIDIA H100 NVL,dna_r10.4.1_e8.2_400bps_fast@v4.3.0,4352,3.14146e+08,11072065024
NVIDIA H100 NVL,dna_r10.4.1_e8.2_400bps_fast@v4.3.0,4416,3.20539e+08,11223600640
NVIDIA H100 NVL,dna_r10.4.1_e8.2_400bps_fast@v4.3.0,4480,3.13753e+08,11368307200
NVIDIA H100 NVL,dna_r10.4.1_e8.2_400bps_fast@v4.3.0,4544,3.18989e+08,11515110912
NVIDIA H100 NVL,dna_r10.4.1_e8.2_400bps_fast@v4.3.0,4608,3.13513e+08,11659817472
NVIDIA H100 NVL,dna_r10.4.1_e8.2_400bps_fast@v4.3.0,4672,3.19009e+08,11809282560
NVIDIA H100 NVL,dna_r10.4.1_e8.2_400bps_fast@v4.3.0,4736,3.25011e+08,11956726272
NVIDIA H100 NVL,dna_r10.4.1_e8.2_400bps_fast@v4.3.0,4800,3.15344e+08,12102072832
NVIDIA H100 NVL,dna_r10.4.1_e8.2_400bps_fast@v4.3.0,4864,3.15028e+08,12251226624
NVIDIA H100 NVL,dna_r10.4.1_e8.2_400bps_fast@v4.3.0,4928,3.17154e+08,12395933184
NVIDIA H100 NVL,dna_r10.4.1_e8.2_400bps_fast@v4.3.0,4992,3.21359e+08,12542736896
NVIDIA H100 NVL,dna_r10.4.1_e8.2_400bps_fast@v4.3.0,5056,3.14195e+08,12691846656
NVIDIA H100 NVL,dna_r10.4.1_e8.2_400bps_fast@v4.3.0,5120,3.19147e+08,12835095040
NVIDIA H100 NVL,dna_r10.4.1_e8.2_400bps_fast@v4.3.0,5184,3.24581e+08,12984635904
NVIDIA H100 NVL,dna_r10.4.1_e8.2_400bps_fast@v4.3.0,5248,3.16548e+08,13134146048
NVIDIA H100 NVL,dna_r10.4.1_e8.2_400bps_fast@v4.3.0,5312,3.19712e+08,13278852608
NVIDIA H100 NVL,dna_r10.4.1_e8.2_400bps_fast@v4.3.0,5376,3.12782e+08,13425656320
NVIDIA H100 NVL,dna_r10.4.1_e8.2_400bps_fast@v4.3.0,5440,3.19591e+08,13570362880
NVIDIA H100 NVL,dna_r10.4.1_e8.2_400bps_fast@v4.3.0,5504,3.20471e+08,13723458048
NVIDIA H100 NVL,dna_r10.4.1_e8.2_400bps_fast@v4.3.0,5568,3.24417e+08,13870261760
NVIDIA H100 NVL,dna_r10.4.1_e8.2_400bps_fast@v4.3.0,5632,3.20131e+08,14014968320
NVIDIA H100 NVL,dna_r10.4.1_e8.2_400bps_fast@v4.3.0,5696,3.23437e+08,14161772032
NVIDIA H100 NVL,dna_r10.4.1_e8.2_400bps_fast@v4.3.0,5760,3.24051e+08,14306478592
NVIDIA H100 NVL,dna_r10.4.1_e8.2_400bps_fast@v4.3.0,5824,3.17478e+08,14453282304
NVIDIA H100 NVL,dna_r10.4.1_e8.2_400bps_fast@v4.3.0,5888,3.23695e+08,14606377472
NVIDIA H100 NVL,dna_r10.4.1_e8.2_400bps_fast@v4.3.0,5952,3.23703e+08,14748986880
NVIDIA H100 NVL,dna_r10.4.1_e8.2_400bps_fast@v4.3.0,6016,3.16201e+08,14899984896
NVIDIA H100 NVL,dna_r10.4.1_e8.2_400bps_fast@v4.3.0,6080,3.17513e+08,15040497152
NVIDIA H100 NVL,dna_r10.4.1_e8.2_400bps_fast@v4.3.0,6144,3.20995e+08,15189398016
NVIDIA H100 NVL,dna_r10.4.1_e8.2_400bps_fast@v4.3.0,6208,3.10169e+08,15336201728
NVIDIA H100 NVL,dna_r10.4.1_e8.2_400bps_fast@v4.3.0,6272,3.14101e+08,15480908288
NVIDIA H100 NVL,dna_r10.4.1_e8.2_400bps_fast@v4.3.0,6336,3.2032e+08,15634003456
NVIDIA H100 NVL,dna_r10.4.1_e8.2_400bps_fast@v4.3.0,6400,3.25235e+08,15780807168
NVIDIA H100 NVL,dna_r10.4.1_e8.2_400bps_fast@v4.3.0,6464,3.23585e+08,15925513728
NVIDIA H100 NVL,dna_r10.4.1_e8.2_400bps_fast@v4.3.0,6528,3.1876e+08,16072317440
NVIDIA H100 NVL,dna_r10.4.1_e8.2_400bps_fast@v4.3.0,6592,3.17708e+08,16217024000
NVIDIA H100 NVL,dna_r10.4.1_e8.2_400bps_fast@v4.3.0,6656,3.2337e+08,16365924864
NVIDIA H100 NVL,dna_r10.4.1_e8.2_400bps_fast@v4.3.0,6720,3.24778e+08,16516922880
NVIDIA H100 NVL,dna_r10.4.1_e8.2_400bps_fast@v4.3.0,6784,3.3032e+08,16659532288
NVIDIA H100 NVL,dna_r10.4.1_e8.2_400bps_fast@v4.3.0,6848,3.21127e+08,16808433152
NVIDIA H100 NVL,dna_r10.4.1_e8.2_400bps_fast@v4.3.0,6912,3.19573e+08,16951042560
NVIDIA H100 NVL,dna_r10.4.1_e8.2_400bps_fast@v4.3.0,6976,3.26354e+08,17102040576
NVIDIA H100 NVL,dna_r10.4.1_e8.2_400bps_fast@v4.3.0,7040,3.2944e+08,17246747136
NVIDIA H100 NVL,dna_r10.4.1_e8.2_400bps_fast@v4.3.0,7104,3.18406e+08,17391453696
NVIDIA H100 NVL,dna_r10.4.1_e8.2_400bps_fast@v4.3.0,7168,3.22117e+08,17542451712
NVIDIA H100 NVL,dna_r10.4.1_e8.2_400bps_fast@v4.3.0,7232,3.35212e+08,17687158272
NVIDIA H100 NVL,dna_r10.4.1_e8.2_400bps_fast@v4.3.0,7296,3.24645e+08,17838156288
NVIDIA H100 NVL,dna_r10.4.1_e8.2_400bps_fast@v4.3.0,7360,3.29963e+08,17982862848
NVIDIA H100 NVL,dna_r10.4.1_e8.2_400bps_fast@v4.3.0,7424,3.16327e+08,18127569408
NVIDIA H100 NVL,dna_r10.4.1_e8.2_400bps_fast@v4.3.0,7488,3.2054e+08,18274373120
NVIDIA H100 NVL,dna_r10.4.1_e8.2_400bps_fast@v4.3.0,7552,3.23132e+08,18421176832
NVIDIA H100 NVL,dna_r10.4.1_e8.2_400bps_fast@v4.3.0,7616,3.24018e+08,18572174848
NVIDIA H100 NVL,dna_r10.4.1_e8.2_400bps_fast@v4.3.0,7680,3.26691e+08,18721075712
NVIDIA H100 NVL,dna_r10.4.1_e8.2_400bps_fast@v4.3.0,7744,3.15086e+08,18861587968
NVIDIA H100 NVL,dna_r10.4.1_e8.2_400bps_fast@v4.3.0,7808,3.18391e+08,19010488832
NVIDIA H100 NVL,dna_r10.4.1_e8.2_400bps_fast@v4.3.0,7872,3.20338e+08,19159389696
NVIDIA H100 NVL,dna_r10.4.1_e8.2_400bps_fast@v4.3.0,7936,3.25046e+08,19304096256
NVIDIA H100 NVL,dna_r10.4.1_e8.2_400bps_fast@v4.3.0,8000,3.26617e+08,19455094272
NVIDIA H100 NVL,dna_r10.4.1_e8.2_400bps_fast@v4.3.0,8064,3.15282e+08,19597703680
NVIDIA H100 NVL,dna_r10.4.1_e8.2_400bps_fast@v4.3.0,8128,3.13626e+08,19744507392
NVIDIA H100 NVL,dna_r10.4.1_e8.2_400bps_fast@v4.3.0,8192,3.17888e+08,19895505408
NVIDIA H100 NVL,dna_r10.4.1_e8.2_400bps_fast@v4.3.0,8256,3.20499e+08,20040211968
NVIDIA H100 NVL,dna_r10.4.1_e8.2_400bps_fast@v4.3.0,8320,3.23863e+08,20153461248
NVIDIA H100 NVL,dna_r10.4.1_e8.2_400bps_fast@v4.3.0,8384,3.25852e+08,20262516224
NVIDIA H100 NVL,dna_r10.4.1_e8.2_400bps_fast@v4.3.0,8448,3.25887e+08,20379959808
NVIDIA H100 NVL,dna_r10.4.1_e8.2_400bps_fast@v4.3.0,8512,3.12322e+08,20497403392
NVIDIA H100 NVL,dna_r10.4.1_e8.2_400bps_fast@v4.3.0,8576,3.17181e+08,20606458368
NVIDIA H100 NVL,dna_r10.4.1_e8.2_400bps_fast@v4.3.0,8640,3.17821e+08,20721804800
NVIDIA H100 NVL,dna_r10.4.1_e8.2_400bps_fast@v4.3.0,8704,3.21023e+08,20828762624
NVIDIA H100 NVL,dna_r10.4.1_e8.2_400bps_fast@v4.3.0,8768,3.18455e+08,20944109056
NVIDIA H100 NVL,dna_r10.4.1_e8.2_400bps_fast@v4.3.0,8832,3.26106e+08,21063649792
NVIDIA H100 NVL,dna_r10.4.1_e8.2_400bps_fast@v4.3.0,8896,3.26815e+08,21174801920
NVIDIA H100 NVL,dna_r10.4.1_e8.2_400bps_fast@v4.3.0,8960,3.30102e+08,21288051200
NVIDIA H100 NVL,dna_r10.4.1_e8.2_400bps_fast@v4.3.0,9024,3.16369e+08,21403397632
NVIDIA H100 NVL,dna_r10.4.1_e8.2_400bps_fast@v4.3.0,9088,3.17507e+08,21510355456
NVIDIA H100 NVL,dna_r10.4.1_e8.2_400bps_fast@v4.3.0,9152,3.1726e+08,21627799040
NVIDIA H100 NVL,dna_r10.4.1_e8.2_400bps_fast@v4.3.0,9216,3.19042e+08,21738951168
NVIDIA H100 NVL,dna_r10.4.1_e8.2_400bps_fast@v4.3.0,9280,3.21878e+08,21856394752
NVIDIA H100 NVL,dna_r10.4.1_e8.2_400bps_fast@v4.3.0,9344,3.23308e+08,21971741184
NVIDIA H100 NVL,dna_r10.4.1_e8.2_400bps_fast@v4.3.0,9408,3.2585e+08,22078699008
NVIDIA H100 NVL,dna_r10.4.1_e8.2_400bps_fast@v4.3.0,9472,3.31671e+08,22196142592
NVIDIA H100 NVL,dna_r10.4.1_e8.2_400bps_fast@v4.3.0,9536,3.1362e+08,22305197568
NVIDIA H100 NVL,dna_r10.4.1_e8.2_400bps_fast@v4.3.0,9600,3.18023e+08,22420544000
NVIDIA H100 NVL,dna_r10.4.1_e8.2_400bps_fast@v4.3.0,9664,3.18418e+08,22537987584
NVIDIA H100 NVL,dna_r10.4.1_e8.2_400bps_fast@v4.3.0,9728,3.18132e+08,22647042560
NVIDIA H100 NVL,dna_r10.4.1_e8.2_400bps_fast@v4.3.0,9792,3.19914e+08,22762388992
NVIDIA H100 NVL,dna_r10.4.1_e8.2_400bps_fast@v4.3.0,9856,3.2614e+08,22873541120
NVIDIA H100 NVL,dna_r10.4.1_e8.2_400bps_fast@v4.3.0,9920,3.2707e+08,22986790400
NVIDIA H100 NVL,dna_r10.4.1_e8.2_400bps_fast@v4.3.0,9984,3.27146e+08,23102136832
NVIDIA H100 NVL,dna_r10.4.1_e8.2_400bps_fast@v4.3.0,10048,3.11239e+08,23211191808
NVIDIA H100 NVL,dna_r10.4.1_e8.2_400bps_fast@v4.3.0,10112,3.12594e+08,23330732544
NVIDIA H100 NVL,dna_r10.4.1_e8.2_400bps_fast@v4.3.0,10176,3.09484e+08,23446078976
NVIDIA H100 NVL,dna_r10.4.1_e8.2_400bps_fast@v4.3.0,10240,3.16917e+08,23555133952
NVIDIA H100 NVL,dna_r10.4.1_e8.2_400bps_fast@v5.0.0,64,2.77114e+07,1223602688
NVIDIA H100 NVL,dna_r10.4.1_e8.2_400bps_fast@v5.0.0,128,5.33315e+07,1371934720
NVIDIA H100 NVL,dna_r10.4.1_e8.2_400bps_fast@v5.0.0,192,7.76607e+07,1518170112
NVIDIA H100 NVL,dna_r10.4.1_e8.2_400bps_fast@v5.0.0,256,1.00477e+08,1666501120
NVIDIA H100 NVL,dna_r10.4.1_e8.2_400bps_fast@v5.0.0,320,1.21291e+08,1812736512
NVIDIA H100 NVL,dna_r10.4.1_e8.2_400bps_fast@v5.0.0,384,1.43391e+08,1958971392
NVIDIA H100 NVL,dna_r10.4.1_e8.2_400bps_fast@v5.0.0,448,1.63604e+08,2105206784
NVIDIA H100 NVL,dna_r10.4.1_e8.2_400bps_fast@v5.0.0,512,1.80098e+08,2253537792
NVIDIA H100 NVL,dna_r10.4.1_e8.2_400bps_fast@v5.0.0,576,1.77162e+08,2399773184
NVIDIA H100 NVL,dna_r10.4.1_e8.2_400bps_fast@v5.0.0,640,1.91753e+08,2548105216
NVIDIA H100 NVL,dna_r10.4.1_e8.2_400bps_fast@v5.0.0,704,2.05185e+08,2693454848
NVIDIA H100 NVL,dna_r10.4.1_e8.2_400bps_fast@v5.0.0,768,2.20567e+08,2840574464
NVIDIA H100 NVL,dna_r10.4.1_e8.2_400bps_fast@v5.0.0,832,2.27447e+08,2987097600
NVIDIA H100 NVL,dna_r10.4.1_e8.2_400bps_fast@v5.0.0,896,2.39277e+08,3137064960
NVIDIA H100 NVL,dna_r10.4.1_e8.2_400bps_fast@v5.0.0,960,2.42988e+08,3302667264
NVIDIA H100 NVL,dna_r10.4.1_e8.2_400bps_fast@v5.0.0,1024,2.48551e+08,3428610560
NVIDIA H100 NVL,dna_r10.4.1_e8.2_400bps_fast@v5.0.0,1088,2.41417e+08,3575943680
NVIDIA H100 NVL,dna_r10.4.1_e8.2_400bps_fast@v5.0.0,1152,2.50695e+08,3722254336
NVIDIA H100 NVL,dna_r10.4.1_e8.2_400bps_fast@v5.0.0,1216,2.54965e+08,3872929280
NVIDIA H100 NVL,dna_r10.4.1_e8.2_400bps_fast@v5.0.0,1280,2.58454e+08,4016744960
NVIDIA H100 NVL,dna_r10.4.1_e8.2_400bps_fast@v5.0.0,1344,2.6322e+08,4163767808
NVIDIA H100 NVL,dna_r10.4.1_e8.2_400bps_fast@v5.0.0,1408,2.72092e+08,4311638016
NVIDIA H100 NVL,dna_r10.4.1_e8.2_400bps_fast@v5.0.0,1472,2.69983e+08,4461605888
NVIDIA H100 NVL,dna_r10.4.1_e8.2_400bps_fast@v5.0.0,1536,2.82148e+08,4605280768
NVIDIA H100 NVL,dna_r10.4.1_e8.2_400bps_fast@v5.0.0,1600,2.71439e+08,4755248640
NVIDIA H100 NVL,dna_r10.4.1_e8.2_400bps_fast@v5.0.0,1664,2.71602e+08,4898924544
NVIDIA H100 NVL,dna_r10.4.1_e8.2_400bps_fast@v5.0.0,1728,2.79857e+08,5059750400
NVIDIA H100 NVL,dna_r10.4.1_e8.2_400bps_fast@v5.0.0,1792,2.7903e+08,5194730496
NVIDIA H100 NVL,dna_r10.4.1_e8.2_400bps_fast@v5.0.0,1856,2.85034e+08,5340644864
NVIDIA H100 NVL,dna_r10.4.1_e8.2_400bps_fast@v5.0.0,1920,2.91783e+08,5490405376
NVIDIA H100 NVL,dna_r10.4.1_e8.2_400bps_fast@v5.0.0,1984,2.9448e+08,5634081792
NVIDIA H100 NVL,dna_r10.4.1_e8.2_400bps_fast@v5.0.0,2048,2.97238e+08,5783474688
NVIDIA H100 NVL,dna_r10.4.1_e8.2_400bps_fast@v5.0.0,2112,3.04009e+08,5930418688
NVIDIA H100 NVL,dna_r10.4.1_e8.2_400bps_fast@v5.0.0,2176,2.82921e+08,6075765248
NVIDIA H100 NVL,dna_r10.4.1_e8.2_400bps_fast@v5.0.0,2240,2.95016e+08,6224142336
NVIDIA H100 NVL,dna_r10.4.1_e8.2_400bps_fast@v5.0.0,2304,2.99029e+08,6369275392
NVIDIA H100 NVL,dna_r10.4.1_e8.2_400bps_fast@v5.0.0,2368,2.98943e+08,6516745728
NVIDIA H100 NVL,dna_r10.4.1_e8.2_400bps_fast@v5.0.0,2432,3.02825e+08,6716298240
NVIDIA H100 NVL,dna_r10.4.1_e8.2_400bps_fast@v5.0.0,2496,3.05079e+08,6808896000
NVIDIA H100 NVL,dna_r10.4.1_e8.2_400bps_fast@v5.0.0,2560,2.96815e+08,6958621184
NVIDIA H100 NVL,dna_r10.4.1_e8.2_400bps_fast@v5.0.0,2624,3.1415e+08,7106491904
NVIDIA H100 NVL,dna_r10.4.1_e8.2_400bps_fast@v5.0.0,2688,3.0075e+08,7251118592
NVIDIA H100 NVL,dna_r10.4.1_e8.2_400bps_fast@v5.0.0,2752,3.02612e+08,7461230080
NVIDIA H100 NVL,dna_r10.4.1_e8.2_400bps_fast@v5.0.0,2816,3.04795e+08,7545119232
NVIDIA H100 NVL,dna_r10.4.1_e8.2_400bps_fast@v5.0.0,2880,3.00048e+08,7753070080
NVIDIA H100 NVL,dna_r10.4.1_e8.2_400bps_fast@v5.0.0,2944,3.06078e+08,7841648640
NVIDIA H100 NVL,dna_r10.4.1_e8.2_400bps_fast@v5.0.0,3008,3.12026e+08,7988336128
NVIDIA H100 NVL,dna_r10.4.1_e8.2_400bps_fast@v5.0.0,3072,3.131e+08,8133681664
NVIDIA H100 NVL,dna_r10.4.1_e8.2_400bps_fast@v5.0.0,3136,3.13054e+08,8279028224
NVIDIA H100 NVL,dna_r10.4.1_e8.2_400bps_fast@v5.0.0,3200,3.00334e+08,8428404736
NVIDIA H100 NVL,dna_r10.4.1_e8.2_400bps_fast@v5.0.0,3264,3.09374e+08,8577732608
NVIDIA H100 NVL,dna_r10.4.1_e8.2_400bps_fast@v5.0.0,3328,3.00212e+08,8721646080
NVIDIA H100 NVL,dna_r10.4.1_e8.2_400bps_fast@v5.0.0,3392,3.12734e+08,8868802048
NVIDIA H100 NVL,dna_r10.4.1_e8.2_400bps_fast@v5.0.0,3456,3.10901e+08,9012051456
NVIDIA H100 NVL,dna_r10.4.1_e8.2_400bps_fast@v5.0.0,3520,3.1763e+08,9161995264
NVIDIA H100 NVL,dna_r10.4.1_e8.2_400bps_fast@v5.0.0,3584,3.17331e+08,9311787520
NVIDIA H100 NVL,dna_r10.4.1_e8.2_400bps_fast@v5.0.0,3648,3.16643e+08,9457761792
NVIDIA H100 NVL,dna_r10.4.1_e8.2_400bps_fast@v5.0.0,3712,3.0679e+08,9604565504
NVIDIA H100 NVL,dna_r10.4.1_e8.2_400bps_fast@v5.0.0,3776,3.09891e+08,9747186176
NVIDIA H100 NVL,dna_r10.4.1_e8.2_400bps_fast@v5.0.0,3840,3.0723e+08,9897150976
NVIDIA H100 NVL,dna_r10.4.1_e8.2_400bps_fast@v5.0.0,3904,3.14721e+08,10045021696
NVIDIA H100 NVL,dna_r10.4.1_e8.2_400bps_fast@v5.0.0,3968,3.10485e+08,10191599104
NVIDIA H100 NVL,dna_r10.4.1_e8.2_400bps_fast@v5.0.0,4032,3.14909e+08,10338584064
NVIDIA H100 NVL,dna_r10.4.1_e8.2_400bps_fast@v5.0.0,4096,3.11833e+08,10489582080
NVIDIA H100 NVL,dna_r10.4.1_e8.2_400bps_fast@v5.0.0,4160,3.16248e+08,10632191488
NVIDIA H100 NVL,dna_r10.4.1_e8.2_400bps_fast@v5.0.0,4224,3.23379e+08,10781372928
NVIDIA H100 NVL,dna_r10.4.1_e8.2_400bps_fast@v5.0.0,4288,2.9438e+08,10924622336
NVIDIA H100 NVL,dna_r10.4.1_e8.2_400bps_fast@v5.0.0,4352,3.05538e+08,11072065024
NVIDIA H100 NVL,dna_r10.4.1_e8.2_400bps_fast@v5.0.0,4416,3.12035e+08,11223600640
NVIDIA H100 NVL,dna_r10.4.1_e8.2_400bps_fast@v5.0.0,4480,3.08097e+08,11368307200
NVIDIA H100 NVL,dna_r10.4.1_e8.2_400bps_fast@v5.0.0,4544,3.09936e+08,11515110912
NVIDIA H100 NVL,dna_r10.4.1_e8.2_400bps_fast@v5.0.0,4608,3.13826e+08,11659817472
NVIDIA H100 NVL,dna_r10.4.1_e8.2_400bps_fast@v5.0.0,4672,3.08361e+08,11809282560
NVIDIA H100 NVL,dna_r10.4.1_e8.2_400bps_fast@v5.0.0,4736,3.15665e+08,11956726272
NVIDIA H100 NVL,dna_r10.4.1_e8.2_400bps_fast@v5.0.0,4800,3.10965e+08,12102072832
NVIDIA H100 NVL,dna_r10.4.1_e8.2_400bps_fast@v5.0.0,4864,3.12216e+08,12251226624
NVIDIA H100 NVL,dna_r10.4.1_e8.2_400bps_fast@v5.0.0,4928,3.08109e+08,12395933184
NVIDIA H100 NVL,dna_r10.4.1_e8.2_400bps_fast@v5.0.0,4992,3.1313e+08,12542736896
NVIDIA H100 NVL,dna_r10.4.1_e8.2_400bps_fast@v5.0.0,5056,3.05582e+08,12691846656
NVIDIA H100 NVL,dna_r10.4.1_e8.2_400bps_fast@v5.0.0,5120,3.09611e+08,12835095040
NVIDIA H100 NVL,dna_r10.4.1_e8.2_400bps_fast@v5.0.0,5184,3.14469e+08,12984635904
NVIDIA H100 NVL,dna_r10.4.1_e8.2_400bps_fast@v5.0.0,5248,2.97292e+08,13134146048
NVIDIA H100 NVL,dna_r10.4.1_e8.2_400bps_fast@v5.0.0,5312,3.10137e+08,13278852608
NVIDIA H100 NVL,dna_r10.4.1_e8.2_400bps_fast@v5.0.0,5376,3.159e+08,13425656320
NVIDIA H100 NVL,dna_r10.4.1_e8.2_400bps_fast@v5.0.0,5440,3.09044e+08,13570362880
NVIDIA H100 NVL,dna_r10.4.1_e8.2_400bps_fast@v5.0.0,5504,3.08998e+08,13723458048
NVIDIA H100 NVL,dna_r10.4.1_e8.2_400bps_fast@v5.0.0,5568,3.15902e+08,13870261760
NVIDIA H100 NVL,dna_r10.4.1_e8.2_400bps_fast@v5.0.0,5632,3.16756e+08,14014968320
NVIDIA H100 NVL,dna_r10.4.1_e8.2_400bps_fast@v5.0.0,5696,3.0983e+08,14161772032
NVIDIA H100 NVL,dna_r10.4.1_e8.2_400bps_fast@v5.0.0,5760,3.13714e+08,14306478592
NVIDIA H100 NVL,dna_r10.4.1_e8.2_400bps_fast@v5.0.0,5824,3.06355e+08,14453282304
NVIDIA H100 NVL,dna_r10.4.1_e8.2_400bps_fast@v5.0.0,5888,3.11544e+08,14606377472
NVIDIA H100 NVL,dna_r10.4.1_e8.2_400bps_fast@v5.0.0,5952,3.14622e+08,14748986880
NVIDIA H100 NVL,dna_r10.4.1_e8.2_400bps_fast@v5.0.0,6016,3.06731e+08,14899984896
NVIDIA H100 NVL,dna_r10.4.1_e8.2_400bps_fast@v5.0.0,6080,3.08197e+08,15040497152
NVIDIA H100 NVL,dna_r10.4.1_e8.2_400bps_fast@v5.0.0,6144,3.11152e+08,15189398016
NVIDIA H100 NVL,dna_r10.4.1_e8.2_400bps_fast@v5.0.0,6208,3.16532e+08,15336201728
NVIDIA H100 NVL,dna_r10.4.1_e8.2_400bps_fast@v5.0.0,6272,3.17099e+08,15480908288
NVIDIA H100 NVL,dna_r10.4.1_e8.2_400bps_fast@v5.0.0,6336,3.18867e+08,15634003456
NVIDIA H100 NVL,dna_r10.4.1_e8.2_400bps_fast@v5.0.0,6400,3.11231e+08,15780807168
NVIDIA H100 NVL,dna_r10.4.1_e8.2_400bps_fast@v5.0.0,6464,3.11484e+08,15925513728
NVIDIA H100 NVL,dna_r10.4.1_e8.2_400bps_fast@v5.0.0,6528,3.1333e+08,16072317440
NVIDIA H100 NVL,dna_r10.4.1_e8.2_400bps_fast@v5.0.0,6592,3.19879e+08,16217024000
NVIDIA H100 NVL,dna_r10.4.1_e8.2_400bps_fast@v5.0.0,6656,3.1099e+08,16365924864
NVIDIA H100 NVL,dna_r10.4.1_e8.2_400bps_fast@v5.0.0,6720,3.14192e+08,16516922880
NVIDIA H100 NVL,dna_r10.4.1_e8.2_400bps_fast@v5.0.0,6784,3.15457e+08,16659532288
NVIDIA H100 NVL,dna_r10.4.1_e8.2_400bps_fast@v5.0.0,6848,3.21199e+08,16808433152
NVIDIA H100 NVL,dna_r10.4.1_e8.2_400bps_fast@v5.0.0,6912,3.07972e+08,16951042560
NVIDIA H100 NVL,dna_r10.4.1_e8.2_400bps_fast@v5.0.0,6976,3.08004e+08,17102040576
NVIDIA H100 NVL,dna_r10.4.1_e8.2_400bps_fast@v5.0.0,7040,3.16624e+08,17246747136
NVIDIA H100 NVL,dna_r10.4.1_e8.2_400bps_fast@v5.0.0,7104,3.16601e+08,17391453696
NVIDIA H100 NVL,dna_r10.4.1_e8.2_400bps_fast@v5.0.0,7168,3.19752e+08,17542451712
NVIDIA H100 NVL,dna_r10.4.1_e8.2_400bps_fast@v5.0.0,7232,3.07853e+08,17687158272
NVIDIA H100 NVL,dna_r10.4.1_e8.2_400bps_fast@v5.0.0,7296,3.12232e+08,17838156288
NVIDIA H100 NVL,dna_r10.4.1_e8.2_400bps_fast@v5.0.0,7360,3.14401e+08,17982862848
NVIDIA H100 NVL,dna_r10.4.1_e8.2_400bps_fast@v5.0.0,7424,3.18849e+08,18127569408
NVIDIA H100 NVL,dna_r10.4.1_e8.2_400bps_fast@v5.0.0,7488,3.05764e+08,18274373120
NVIDIA H100 NVL,dna_r10.4.1_e8.2_400bps_fast@v5.0.0,7552,3.09583e+08,18421176832
NVIDIA H100 NVL,dna_r10.4.1_e8.2_400bps_fast@v5.0.0,7616,3.10517e+08,18572174848
NVIDIA H100 NVL,dna_r10.4.1_e8.2_400bps_fast@v5.0.0,7680,3.11275e+08,18721075712
NVIDIA H100 NVL,dna_r10.4.1_e8.2_400bps_fast@v5.0.0,7744,3.17546e+08,18861587968
NVIDIA H100 NVL,dna_r10.4.1_e8.2_400bps_fast@v5.0.0,7808,3.18254e+08,19010488832
NVIDIA H100 NVL,dna_r10.4.1_e8.2_400bps_fast@v5.0.0,7872,3.23568e+08,19159389696
NVIDIA H100 NVL,dna_r10.4.1_e8.2_400bps_fast@v5.0.0,7936,3.08697e+08,19304096256
NVIDIA H100 NVL,dna_r10.4.1_e8.2_400bps_fast@v5.0.0,8000,3.12764e+08,19455094272
NVIDIA H100 NVL,dna_r10.4.1_e8.2_400bps_fast@v5.0.0,8064,3.12032e+08,19597703680
NVIDIA H100 NVL,dna_r10.4.1_e8.2_400bps_fast@v5.0.0,8128,3.1304e+08,19744507392
NVIDIA H100 NVL,dna_r10.4.1_e8.2_400bps_fast@v5.0.0,8192,3.1452e+08,19895505408
NVIDIA H100 NVL,dna_r10.4.1_e8.2_400bps_fast@v5.0.0,8256,3.12092e+08,20040211968
NVIDIA H100 NVL,dna_r10.4.1_e8.2_400bps_fast@v5.0.0,8320,3.04679e+08,20153461248
NVIDIA H100 NVL,dna_r10.4.1_e8.2_400bps_fast@v5.0.0,8384,3.07224e+08,20262516224
NVIDIA H100 NVL,dna_r10.4.1_e8.2_400bps_fast@v5.0.0,8448,3.12872e+08,20379959808
NVIDIA H100 NVL,dna_r10.4.1_e8.2_400bps_fast@v5.0.0,8512,3.12554e+08,20497403392
NVIDIA H100 NVL,dna_r10.4.1_e8.2_400bps_fast@v5.0.0,8576,3.14609e+08,20606458368
NVIDIA H100 NVL,dna_r10.4.1_e8.2_400bps_fast@v5.0.0,8640,3.01487e+08,20721804800
NVIDIA H100 NVL,dna_r10.4.1_e8.2_400bps_fast@v5.0.0,8704,3.04577e+08,20828762624
NVIDIA H100 NVL,dna_r10.4.1_e8.2_400bps_fast@v5.0.0,8768,3.07997e+08,20944109056
NVIDIA H100 NVL,dna_r10.4.1_e8.2_400bps_fast@v5.0.0,8832,3.06821e+08,21063649792
NVIDIA H100 NVL,dna_r10.4.1_e8.2_400bps_fast@v5.0.0,8896,3.05268e+08,21174801920
NVIDIA H100 NVL,dna_r10.4.1_e8.2_400bps_fast@v5.0.0,8960,3.12911e+08,21288051200
NVIDIA H100 NVL,dna_r10.4.1_e8.2_400bps_fast@v5.0.0,9024,3.16981e+08,21403397632
NVIDIA H100 NVL,dna_r10.4.1_e8.2_400bps_fast@v5.0.0,9088,3.16658e+08,21510355456
NVIDIA H100 NVL,dna_r10.4.1_e8.2_400bps_fast@v5.0.0,9152,3.02141e+08,21627799040
NVIDIA H100 NVL,dna_r10.4.1_e8.2_400bps_fast@v5.0.0,9216,3.02568e+08,21738951168
NVIDIA H100 NVL,dna_r10.4.1_e8.2_400bps_fast@v5.0.0,9280,3.0784e+08,21856394752
NVIDIA H100 NVL,dna_r10.4.1_e8.2_400bps_fast@v5.0.0,9344,3.101e+08,21971741184
NVIDIA H100 NVL,dna_r10.4.1_e8.2_400bps_fast@v5.0.0,9408,3.1107e+08,22078699008
NVIDIA H100 NVL,dna_r10.4.1_e8.2_400bps_fast@v5.0.0,9472,3.11247e+08,22196142592
NVIDIA H100 NVL,dna_r10.4.1_e8.2_400bps_fast@v5.0.0,9536,3.12964e+08,22305197568
NVIDIA H100 NVL,dna_r10.4.1_e8.2_400bps_fast@v5.0.0,9600,3.1737e+08,22420544000
NVIDIA H100 NVL,dna_r10.4.1_e8.2_400bps_fast@v5.0.0,9664,3.00812e+08,22537987584
NVIDIA H100 NVL,dna_r10.4.1_e8.2_400bps_fast@v5.0.0,9728,3.03231e+08,22647042560
NVIDIA H100 NVL,dna_r10.4.1_e8.2_400bps_fast@v5.0.0,9792,3.03574e+08,22762388992
NVIDIA H100 NVL,dna_r10.4.1_e8.2_400bps_fast@v5.0.0,9856,3.09656e+08,22873541120
NVIDIA H100 NVL,dna_r10.4.1_e8.2_400bps_fast@v5.0.0,9920,3.07706e+08,22986790400
NVIDIA H100 NVL,dna_r10.4.1_e8.2_400bps_fast@v5.0.0,9984,3.08265e+08,23102136832
NVIDIA H100 NVL,dna_r10.4.1_e8.2_400bps_fast@v5.0.0,10048,3.08901e+08,23211191808
NVIDIA H100 NVL,dna_r10.4.1_e8.2_400bps_fast@v5.0.0,10112,2.91923e+08,23330732544
NVIDIA H100 NVL,dna_r10.4.1_e8.2_400bps_fast@v5.0.0,10176,3.10609e+08,23446078976
NVIDIA H100 NVL,dna_r10.4.1_e8.2_400bps_fast@v5.0.0,10240,2.94791e+08,23555133952
NVIDIA H100 NVL,dna_r10.4.1_e8.2_400bps_hac@v4.3.0,64,5.79927e+06,411260928
NVIDIA H100 NVL,dna_r10.4.1_e8.2_400bps_hac@v4.3.0,128,1.06873e+07,803182592
NVIDIA H100 NVL,dna_r10.4.1_e8.2_400bps_hac@v4.3.0,192,1.56695e+07,1194359296
NVIDIA H100 NVL,dna_r10.4.1_e8.2_400bps_hac@v4.3.0,256,2.06185e+07,1581302272
NVIDIA H100 NVL,dna_r10.4.1_e8.2_400bps_hac@v4.3.0,320,2.60568e+07,1972597760
NVIDIA H100 NVL,dna_r10.4.1_e8.2_400bps_hac@v4.3.0,384,3.05104e+07,2363722240
NVIDIA H100 NVL,dna_r10.4.1_e8.2_400bps_hac@v4.3.0,448,3.55373e+07,2761813504
NVIDIA H100 NVL,dna_r10.4.1_e8.2_400bps_hac@v4.3.0,512,3.96024e+07,3144509440
NVIDIA H100 NVL,dna_r10.4.1_e8.2_400bps_hac@v4.3.0,576,4.51265e+07,3547268096
NVIDIA H100 NVL,dna_r10.4.1_e8.2_400bps_hac@v4.3.0,640,4.88624e+07,3936728576
NVIDIA H100 NVL,dna_r10.4.1_e8.2_400bps_hac@v4.3.0,704,5.35332e+07,4327444992
NVIDIA H100 NVL,dna_r10.4.1_e8.2_400bps_hac@v4.3.0,768,5.69549e+07,4716725248
NVIDIA H100 NVL,dna_r10.4.1_e8.2_400bps_hac@v4.3.0,832,6.17571e+07,5097046016
NVIDIA H100 NVL,dna_r10.4.1_e8.2_400bps_hac@v4.3.0,896,6.53605e+07,5502154752
NVIDIA H100 NVL,dna_r10.4.1_e8.2_400bps_hac@v4.3.0,960,7.01557e+07,5894244352
NVIDIA H100 NVL,dna_r10.4.1_e8.2_400bps_hac@v4.3.0,1024,7.45835e+07,6286148096
NVIDIA H100 NVL,dna_r10.4.1_e8.2_400bps_hac@v4.3.0,1088,7.6225e+07,6674787840
NVIDIA H100 NVL,dna_r10.4.1_e8.2_400bps_hac@v4.3.0,1152,8.06475e+07,7067617792
NVIDIA H100 NVL,dna_r10.4.1_e8.2_400bps_hac@v4.3.0,1216,8.38469e+07,7458263040
NVIDIA H100 NVL,dna_r10.4.1_e8.2_400bps_hac@v4.3.0,1280,8.6961e+07,7847972864
NVIDIA H100 NVL,dna_r10.4.1_e8.2_400bps_hac@v4.3.0,1344,9.12675e+07,8242025472
NVIDIA H100 NVL,dna_r10.4.1_e8.2_400bps_hac@v4.3.0,1408,9.42012e+07,8634993152
NVIDIA H100 NVL,dna_r10.4.1_e8.2_400bps_hac@v4.3.0,1472,9.70019e+07,9024713728
NVIDIA H100 NVL,dna_r10.4.1_e8.2_400bps_hac@v4.3.0,1536,1.01081e+08,9423465984
NVIDIA H100 NVL,dna_r10.4.1_e8.2_400bps_hac@v4.3.0,1600,1.03841e+08,9809947136
NVIDIA H100 NVL,dna_r10.4.1_e8.2_400bps_hac@v4.3.0,1664,1.0786e+08,10196427776
NVIDIA H100 NVL,dna_r10.4.1_e8.2_400bps_hac@v4.3.0,1728,1.10206e+08,10594021888
NVIDIA H100 NVL,dna_r10.4.1_e8.2_400bps_hac@v4.3.0,1792,1.05608e+08,10990249984
NVIDIA H100 NVL,dna_r10.4.1_e8.2_400bps_hac@v4.3.0,1856,1.12953e+08,11382322176
NVIDIA H100 NVL,dna_r10.4.1_e8.2_400bps_hac@v4.3.0,1920,1.17006e+08,11773478400
NVIDIA H100 NVL,dna_r10.4.1_e8.2_400bps_hac@v4.3.0,1984,1.18749e+08,12163189248
NVIDIA H100 NVL,dna_r10.4.1_e8.2_400bps_hac@v4.3.0,2048,1.21914e+08,12553745408
NVIDIA H100 NVL,dna_r10.4.1_e8.2_400bps_hac@v4.3.0,2112,1.1996e+08,12942496768
NVIDIA H100 NVL,dna_r10.4.1_e8.2_400bps_hac@v4.3.0,2176,1.21489e+08,13326939136
NVIDIA H100 NVL,dna_r10.4.1_e8.2_400bps_hac@v4.3.0,2240,1.22776e+08,13720390656
NVIDIA H100 NVL,dna_r10.4.1_e8.2_400bps_hac@v4.3.0,2304,1.23725e+08,14122023424
NVIDIA H100 NVL,dna_r10.4.1_e8.2_400bps_hac@v4.3.0,2368,1.25245e+08,14508219392
NVIDIA H100 NVL,dna_r10.4.1_e8.2_400bps_hac@v4.3.0,2432,1.27955e+08,14904574976
NVIDIA H100 NVL,dna_r10.4.1_e8.2_400bps_hac@v4.3.0,2496,1.2906e+08,15284289024
NVIDIA H100 NVL,dna_r10.4.1_e8.2_400bps_hac@v4.3.0,2560,1.30093e+08,15682957312
NVIDIA H100 NVL,dna_r10.4.1_e8.2_400bps_hac@v4.3.0,2624,1.30489e+08,16082171392
NVIDIA H100 NVL,dna_r10.4.1_e8.2_400bps_hac@v4.3.0,2688,1.33796e+08,16469056512
NVIDIA H100 NVL,dna_r10.4.1_e8.2_400bps_hac@v4.3.0,2752,1.3418e+08,16857200128
NVIDIA H100 NVL,dna_r10.4.1_e8.2_400bps_hac@v4.3.0,2816,1.34316e+08,17256740864
NVIDIA H100 NVL,dna_r10.4.1_e8.2_400bps_hac@v4.3.0,2880,9.84906e+07,17630607360
NVIDIA H100 NVL,dna_r10.4.1_e8.2_400bps_hac@v4.3.0,2944,1.00327e+08,18029992448
NVIDIA H100 NVL,dna_r10.4.1_e8.2_400bps_hac@v4.3.0,3008,9.95333e+07,18422646272
NVIDIA H100 NVL,dna_r10.4.1_e8.2_400bps_hac@v4.3.0,3072,1.0107e+08,18814644736
NVIDIA H100 NVL,dna_r10.4.1_e8.2_400bps_hac@v4.3.0,3136,1.03619e+08,19201679360
NVIDIA H100 NVL,dna_r10.4.1_e8.2_400bps_hac@v4.3.0,3200,1.02398e+08,19591312896
NVIDIA H100 NVL,dna_r10.4.1_e8.2_400bps_hac@v4.3.0,3264,1.04981e+08,19999410688
NVIDIA H100 NVL,dna_r10.4.1_e8.2_400bps_hac@v4.3.0,3328,1.06556e+08,20371913728
NVIDIA H100 NVL,dna_r10.4.1_e8.2_400bps_hac@v4.3.0,3392,1.05608e+08,20766075904
NVIDIA H100 NVL,dna_r10.4.1_e8.2_400bps_hac@v4.3.0,3456,1.07479e+08,21160314368
NVIDIA H100 NVL,dna_r10.4.1_e8.2_400bps_hac@v4.3.0,3520,1.0901e+08,21552957440
NVIDIA H100 NVL,dna_r10.4.1_e8.2_400bps_hac@v4.3.0,3584,1.10966e+08,21866530304
NVIDIA H100 NVL,dna_r10.4.1_e8.2_400bps_hac@v4.3.0,3648,1.13502e+08,22349786112
NVIDIA H100 NVL,dna_r10.4.1_e8.2_400bps_hac@v4.3.0,3712,1.11902e+08,22722504192
NVIDIA H100 NVL,dna_r10.4.1_e8.2_400bps_hac@v4.3.0,3776,1.13687e+08,23089240064
NVIDIA H100 NVL,dna_r10.4.1_e8.2_400bps_hac@v4.3.0,3840,1.15218e+08,23422691328
NVIDIA H100 NVL,dna_r10.4.1_e8.2_400bps_hac@v4.3.0,3904,1.1743e+08,23902606336
NVIDIA H100 NVL,dna_r10.4.1_e8.2_400bps_hac@v4.3.0,3968,1.19262e+08,24207512064
NVIDIA H100 NVL,dna_r10.4.1_e8.2_400bps_hac@v4.3.0,4032,1.16722e+08,24682820096
NVIDIA H100 NVL,dna_r10.4.1_e8.2_400bps_hac@v4.3.0,4096,1.17757e+08,25086635520
NVIDIA H100 NVL,dna_r10.4.1_e8.2_400bps_hac@v4.3.0,4160,1.20556e+08,25495922176
NVIDIA H100 NVL,dna_r10.4.1_e8.2_400bps_hac@v4.3.0,4224,1.18199e+08,25861165056
NVIDIA H100 NVL,dna_r10.4.1_e8.2_400bps_hac@v4.3.0,4288,1.2015e+08,26242918400
NVIDIA H100 NVL,dna_r10.4.1_e8.2_400bps_hac@v4.3.0,4352,1.21485e+08,26631667200
NVIDIA H100 NVL,dna_r10.4.1_e8.2_400bps_hac@v4.3.0,4416,1.23361e+08,27047387648
NVIDIA H100 NVL,dna_r10.4.1_e8.2_400bps_hac@v4.3.0,4480,1.2062e+08,27433803264
NVIDIA H100 NVL,dna_r10.4.1_e8.2_400bps_hac@v4.3.0,4544,1.22633e+08,27811281920
NVIDIA H100 NVL,dna_r10.4.1_e8.2_400bps_hac@v4.3.0,4608,1.24015e+08,28196451840
NVIDIA H100 NVL,dna_r10.4.1_e8.2_400bps_hac@v4.3.0,4672,1.21337e+08,28589008384
NVIDIA H100 NVL,dna_r10.4.1_e8.2_400bps_hac@v4.3.0,4736,1.23493e+08,29011448320
NVIDIA H100 NVL,dna_r10.4.1_e8.2_400bps_hac@v4.3.0,4800,1.24827e+08,29380905984
NVIDIA H100 NVL,dna_r10.4.1_e8.2_400bps_hac@v4.3.0,4864,1.25964e+08,29774284288
NVIDIA H100 NVL,dna_r10.4.1_e8.2_400bps_hac@v4.3.0,4928,1.27634e+08,30170634240
NVIDIA H100 NVL,dna_r10.4.1_e8.2_400bps_hac@v4.3.0,4992,1.29532e+08,30543962112
NVIDIA H100 NVL,dna_r10.4.1_e8.2_400bps_hac@v4.3.0,5056,1.26078e+08,30959353856
NVIDIA H100 NVL,dna_r10.4.1_e8.2_400bps_hac@v4.3.0,5120,1.26776e+08,31336130560
NVIDIA H100 NVL,dna_r10.4.1_e8.2_400bps_hac@v4.3.0,5184,1.29511e+08,31722970112
NVIDIA H100 NVL,dna_r10.4.1_e8.2_400bps_hac@v4.3.0,5248,1.31575e+08,32043426816
NVIDIA H100 NVL,dna_r10.4.1_e8.2_400bps_hac@v4.3.0,5312,1.324e+08,32515067904
NVIDIA H100 NVL,dna_r10.4.1_e8.2_400bps_hac@v4.3.0,5376,1.24022e+08,32922362880
NVIDIA H100 NVL,dna_r10.4.1_e8.2_400bps_hac@v4.3.0,5440,1.3045e+08,33315683328
NVIDIA H100 NVL,dna_r10.4.1_e8.2_400bps_hac@v4.3.0,5504,1.27092e+08,33685325312
NVIDIA H100 NVL,dna_r10.4.1_e8.2_400bps_hac@v4.3.0,5568,1.33723e+08,34108669440
NVIDIA H100 NVL,dna_r10.4.1_e8.2_400bps_hac@v4.3.0,5632,1.28979e+08,34492383744
NVIDIA H100 NVL,dna_r10.4.1_e8.2_400bps_hac@v4.3.0,5696,1.14557e+08,34873002496
NVIDIA H100 NVL,dna_r10.4.1_e8.2_400bps_hac@v4.3.0,5760,1.1061e+08,35127894528
NVIDIA H100 NVL,dna_r10.4.1_e8.2_400bps_hac@v4.3.0,5824,1.11591e+08,35654736384
NVIDIA H100 NVL,dna_r10.4.1_e8.2_400bps_hac@v4.3.0,5888,1.12417e+08,36029064704
NVIDIA H100 NVL,dna_r10.4.1_e8.2_400bps_hac@v4.3.0,5952,1.13639e+08,36455843840
NVIDIA H100 NVL,dna_r10.4.1_e8.2_400bps_hac@v4.3.0,6016,1.14598e+08,36858351616
NVIDIA H100 NVL,dna_r10.4.1_e8.2_400bps_hac@v4.3.0,6080,1.15545e+08,37228165120
NVIDIA H100 NVL,dna_r10.4.1_e8.2_400bps_hac@v4.3.0,6144,1.10498e+08,37595154944
NVIDIA H100 NVL,dna_r10.4.1_e8.2_400bps_hac@v4.3.0,6208,1.1872e+08,37981997056
NVIDIA H100 NVL,dna_r10.4.1_e8.2_400bps_hac@v4.3.0,6272,1.13981e+08,38363420160
NVIDIA H100 NVL,dna_r10.4.1_e8.2_400bps_hac@v4.3.0,6336,1.1464e+08,38775732736
NVIDIA H100 NVL,dna_r10.4.1_e8.2_400bps_hac@v4.3.0,6400,1.15326e+08,39163819520
NVIDIA H100 NVL,dna_r10.4.1_e8.2_400bps_hac@v4.3.0,6464,1.16922e+08,39544449024
NVIDIA H100 NVL,dna_r10.4.1_e8.2_400bps_hac@v4.3.0,6528,1.18558e+08,39938468352
NVIDIA H100 NVL,dna_r10.4.1_e8.2_400bps_hac@v4.3.0,6592,1.18786e+08,40329470464
NVIDIA H100 NVL,dna_r10.4.1_e8.2_400bps_hac@v4.3.0,6656,1.19134e+08,40728243712
NVIDIA H100 NVL,dna_r10.4.1_e8.2_400bps_hac@v4.3.0,6720,1.19508e+08,41167945728
NVIDIA H100 NVL,dna_r10.4.1_e8.2_400bps_hac@v4.3.0,6784,1.23172e+08,41551618048
NVIDIA H100 NVL,dna_r10.4.1_e8.2_400bps_hac@v4.3.0,6848,1.23492e+08,41768117760
NVIDIA H100 NVL,dna_r10.4.1_e8.2_400bps_hac@v4.3.0,6912,1.18846e+08,42289418752
NVIDIA H100 NVL,dna_r10.4.1_e8.2_400bps_hac@v4.3.0,6976,1.20171e+08,42698776064
NVIDIA H100 NVL,dna_r10.4.1_e8.2_400bps_hac@v4.3.0,7040,1.20634e+08,43072409088
NVIDIA H100 NVL,dna_r10.4.1_e8.2_400bps_hac@v4.3.0,7104,1.21949e+08,43455455744
NVIDIA H100 NVL,dna_r10.4.1_e8.2_400bps_hac@v4.3.0,7168,1.2182e+08,43897544704
NVIDIA H100 NVL,dna_r10.4.1_e8.2_400bps_hac@v4.3.0,7232,1.24373e+08,44255878144
NVIDIA H100 NVL,dna_r10.4.1_e8.2_400bps_hac@v4.3.0,7296,1.21921e+08,44643091456
NVIDIA H100 NVL,dna_r10.4.1_e8.2_400bps_hac@v4.3.0,7360,1.25947e+08,45033232384
NVIDIA H100 NVL,dna_r10.4.1_e8.2_400bps_hac@v4.3.0,7424,1.26569e+08,45464918528
NVIDIA H100 NVL,dna_r10.4.1_e8.2_400bps_hac@v4.3.0,7488,1.28354e+08,45825841152
NVIDIA H100 NVL,dna_r10.4.1_e8.2_400bps_hac@v4.3.0,7552,1.2875e+08,46216769536
NVIDIA H100 NVL,dna_r10.4.1_e8.2_400bps_hac@v4.3.0,7616,1.29945e+08,46595549696
NVIDIA H100 NVL,dna_r10.4.1_e8.2_400bps_hac@v4.3.0,7680,1.23043e+08,46983997952
NVIDIA H100 NVL,dna_r10.4.1_e8.2_400bps_hac@v4.3.0,7744,1.25778e+08,47368907776
NVIDIA H100 NVL,dna_r10.4.1_e8.2_400bps_hac@v4.3.0,7808,1.26111e+08,47760194048
NVIDIA H100 NVL,dna_r10.4.1_e8.2_400bps_hac@v4.3.0,7872,1.27352e+08,48167622656
NVIDIA H100 NVL,dna_r10.4.1_e8.2_400bps_hac@v4.3.0,7936,1.2738e+08,48551598080
NVIDIA H100 NVL,dna_r10.4.1_e8.2_400bps_hac@v4.3.0,8000,1.28909e+08,48945187328
NVIDIA H100 NVL,dna_r10.4.1_e8.2_400bps_hac@v4.3.0,8064,1.28724e+08,49328782336
NVIDIA H100 NVL,dna_r10.4.1_e8.2_400bps_hac@v4.3.0,8128,1.29308e+08,49768527360
NVIDIA H100 NVL,dna_r10.4.1_e8.2_400bps_hac@v4.3.0,8192,1.27171e+08,50133237760
NVIDIA H100 NVL,dna_r10.4.1_e8.2_400bps_hac@v4.3.0,8256,1.32478e+08,50546490880
NVIDIA H100 NVL,dna_r10.4.1_e8.2_400bps_hac@v4.3.0,8320,1.33068e+08,50926408704
NVIDIA H100 NVL,dna_r10.4.1_e8.2_400bps_hac@v4.3.0,8384,1.34085e+08,51289868800
NVIDIA H100 NVL,dna_r10.4.1_e8.2_400bps_hac@v4.3.0,8448,1.27433e+08,51678718976
NVIDIA H100 NVL,dna_r10.4.1_e8.2_400bps_hac@v4.3.0,8512,1.20177e+08,52085875712
NVIDIA H100 NVL,dna_r10.4.1_e8.2_400bps_hac@v4.3.0,8576,1.13406e+08,52462721024
NVIDIA H100 NVL,dna_r10.4.1_e8.2_400bps_hac@v4.3.0,8640,1.1459e+08,52852999168
NVIDIA H100 NVL,dna_r10.4.1_e8.2_400bps_hac@v4.3.0,8704,1.14769e+08,53236654592
NVIDIA H100 NVL,dna_r10.4.1_e8.2_400bps_hac@v4.3.0,8768,1.15007e+08,53624765440
NVIDIA H100 NVL,dna_r10.4.1_e8.2_400bps_hac@v4.3.0,8832,1.1679e+08,54045281792
NVIDIA H100 NVL,dna_r10.4.1_e8.2_400bps_hac@v4.3.0,8896,1.17377e+08,54426969088
NVIDIA H100 NVL,dna_r10.4.1_e8.2_400bps_hac@v4.3.0,8960,1.17932e+08,54814950912
NVIDIA H100 NVL,dna_r10.4.1_e8.2_400bps_hac@v4.3.0,9024,1.18812e+08,55205150720
NVIDIA H100 NVL,dna_r10.4.1_e8.2_400bps_hac@v4.3.0,9088,1.19626e+08,55586601472
NVIDIA H100 NVL,dna_r10.4.1_e8.2_400bps_hac@v4.3.0,9152,1.20618e+08,55989577728
NVIDIA H100 NVL,dna_r10.4.1_e8.2_400bps_hac@v4.3.0,9216,1.1854e+08,56373424128
NVIDIA H100 NVL,dna_r10.4.1_e8.2_400bps_hac@v4.3.0,9280,1.21932e+08,56828567040
NVIDIA H100 NVL,dna_r10.4.1_e8.2_400bps_hac@v4.3.0,9344,1.2285e+08,57214498304
NVIDIA H100 NVL,dna_r10.4.1_e8.2_400bps_hac@v4.3.0,9408,1.23838e+08,57577315840
NVIDIA H100 NVL,dna_r10.4.1_e8.2_400bps_hac@v4.3.0,9472,1.23642e+08,57973829632
NVIDIA H100 NVL,dna_r10.4.1_e8.2_400bps_hac@v4.3.0,9536,1.25461e+08,58336177152
NVIDIA H100 NVL,dna_r10.4.1_e8.2_400bps_hac@v4.3.0,9600,1.26254e+08,58724353536
NVIDIA H100 NVL,dna_r10.4.1_e8.2_400bps_hac@v4.3.0,9664,1.18703e+08,59118532096
NVIDIA H100 NVL,dna_r10.4.1_e8.2_400bps_hac@v4.3.0,9728,1.18118e+08,59502156288
NVIDIA H100 NVL,dna_r10.4.1_e8.2_400bps_hac@v4.3.0,9792,1.19482e+08,59900686848
NVIDIA H100 NVL,dna_r10.4.1_e8.2_400bps_hac@v4.3.0,9856,1.20512e+08,60284777472
NVIDIA H100 NVL,dna_r10.4.1_e8.2_400bps_hac@v4.3.0,9920,1.2136e+08,60676823040
NVIDIA H100 NVL,dna_r10.4.1_e8.2_400bps_hac@v4.3.0,9984,1.2189e+08,61060531712
NVIDIA H100 NVL,dna_r10.4.1_e8.2_400bps_hac@v4.3.0,10048,1.19922e+08,61459154432
NVIDIA H100 NVL,dna_r10.4.1_e8.2_400bps_hac@v4.3.0,10112,1.21972e+08,61866963456
NVIDIA H100 NVL,dna_r10.4.1_e8.2_400bps_hac@v4.3.0,10176,1.2422e+08,62254538752
NVIDIA H100 NVL,dna_r10.4.1_e8.2_400bps_hac@v4.3.0,10240,1.20087e+08,62634387968
NVIDIA H100 NVL,dna_r10.4.1_e8.2_400bps_hac@v5.0.0,64,5.73942e+06,411427840
NVIDIA H100 NVL,dna_r10.4.1_e8.2_400bps_hac@v5.0.0,128,1.05765e+07,803244032
NVIDIA H100 NVL,dna_r10.4.1_e8.2_400bps_hac@v5.0.0,192,1.56586e+07,1194551296
NVIDIA H100 NVL,dna_r10.4.1_e8.2_400bps_hac@v5.0.0,256,2.06101e+07,1581250560
NVIDIA H100 NVL,dna_r10.4.1_e8.2_400bps_hac@v5.0.0,320,2.57838e+07,1976697344
NVIDIA H100 NVL,dna_r10.4.1_e8.2_400bps_hac@v5.0.0,384,3.01312e+07,2367955456
NVIDIA H100 NVL,dna_r10.4.1_e8.2_400bps_hac@v5.0.0,448,3.55577e+07,2753037824
NVIDIA H100 NVL,dna_r10.4.1_e8.2_400bps_hac@v5.0.0,512,3.96091e+07,3145797120
NVIDIA H100 NVL,dna_r10.4.1_e8.2_400bps_hac@v5.0.0,576,4.44969e+07,3534147072
NVIDIA H100 NVL,dna_r10.4.1_e8.2_400bps_hac@v5.0.0,640,4.87847e+07,3924549120
NVIDIA H100 NVL,dna_r10.4.1_e8.2_400bps_hac@v5.0.0,704,5.37003e+07,4332402176
NVIDIA H100 NVL,dna_r10.4.1_e8.2_400bps_hac@v5.0.0,768,5.70304e+07,4716673024
NVIDIA H100 NVL,dna_r10.4.1_e8.2_400bps_hac@v5.0.0,832,6.17145e+07,5114699264
NVIDIA H100 NVL,dna_r10.4.1_e8.2_400bps_hac@v5.0.0,896,6.55576e+07,5486766080
NVIDIA H100 NVL,dna_r10.4.1_e8.2_400bps_hac@v5.0.0,960,7.02325e+07,5895477760
NVIDIA H100 NVL,dna_r10.4.1_e8.2_400bps_hac@v5.0.0,1024,7.368e+07,6285544448
NVIDIA H100 NVL,dna_r10.4.1_e8.2_400bps_hac@v5.0.0,1088,7.62329e+07,6674982400
NVIDIA H100 NVL,dna_r10.4.1_e8.2_400bps_hac@v5.0.0,1152,7.95401e+07,7065819648
NVIDIA H100 NVL,dna_r10.4.1_e8.2_400bps_hac@v5.0.0,1216,8.39343e+07,7458834944
NVIDIA H100 NVL,dna_r10.4.1_e8.2_400bps_hac@v5.0.0,1280,8.69942e+07,7851893760
NVIDIA H100 NVL,dna_r10.4.1_e8.2_400bps_hac@v5.0.0,1344,9.00614e+07,8239302144
NVIDIA H100 NVL,dna_r10.4.1_e8.2_400bps_hac@v5.0.0,1408,9.41327e+07,8642604544
NVIDIA H100 NVL,dna_r10.4.1_e8.2_400bps_hac@v5.0.0,1472,9.71029e+07,9024838656
NVIDIA H100 NVL,dna_r10.4.1_e8.2_400bps_hac@v5.0.0,1536,9.95036e+07,9415912960
NVIDIA H100 NVL,dna_r10.4.1_e8.2_400bps_hac@v5.0.0,1600,1.02315e+08,9809896960
NVIDIA H100 NVL,dna_r10.4.1_e8.2_400bps_hac@v5.0.0,1664,1.06358e+08,10205622784
NVIDIA H100 NVL,dna_r10.4.1_e8.2_400bps_hac@v5.0.0,1728,1.08746e+08,10597269504
NVIDIA H100 NVL,dna_r10.4.1_e8.2_400bps_hac@v5.0.0,1792,1.09049e+08,10986644480
NVIDIA H100 NVL,dna_r10.4.1_e8.2_400bps_hac@v5.0.0,1856,1.12827e+08,11382772736
NVIDIA H100 NVL,dna_r10.4.1_e8.2_400bps_hac@v5.0.0,1920,1.16634e+08,11770697216
NVIDIA H100 NVL,dna_r10.4.1_e8.2_400bps_hac@v5.0.0,1984,1.16736e+08,12153053696
NVIDIA H100 NVL,dna_r10.4.1_e8.2_400bps_hac@v5.0.0,2048,1.18005e+08,12553314304
NVIDIA H100 NVL,dna_r10.4.1_e8.2_400bps_hac@v5.0.0,2112,1.18007e+08,12942447616
NVIDIA H100 NVL,dna_r10.4.1_e8.2_400bps_hac@v5.0.0,2176,1.21524e+08,13331791360
NVIDIA H100 NVL,dna_r10.4.1_e8.2_400bps_hac@v5.0.0,2240,1.20592e+08,13729646080
NVIDIA H100 NVL,dna_r10.4.1_e8.2_400bps_hac@v5.0.0,2304,1.24244e+08,14122187776
NVIDIA H100 NVL,dna_r10.4.1_e8.2_400bps_hac@v5.0.0,2368,1.21113e+08,14508362752
NVIDIA H100 NVL,dna_r10.4.1_e8.2_400bps_hac@v5.0.0,2432,1.25858e+08,14910680064
NVIDIA H100 NVL,dna_r10.4.1_e8.2_400bps_hac@v5.0.0,2496,1.26628e+08,15291342848
NVIDIA H100 NVL,dna_r10.4.1_e8.2_400bps_hac@v5.0.0,2560,1.27339e+08,15676784640
NVIDIA H100 NVL,dna_r10.4.1_e8.2_400bps_hac@v5.0.0,2624,1.28039e+08,16079340032
NVIDIA H100 NVL,dna_r10.4.1_e8.2_400bps_hac@v5.0.0,2688,1.31262e+08,16467176448
NVIDIA H100 NVL,dna_r10.4.1_e8.2_400bps_hac@v5.0.0,2752,1.31456e+08,16867807744
NVIDIA H100 NVL,dna_r10.4.1_e8.2_400bps_hac@v5.0.0,2816,1.31494e+08,17260473344
NVIDIA H100 NVL,dna_r10.4.1_e8.2_400bps_hac@v5.0.0,2880,9.82907e+07,17630900224
NVIDIA H100 NVL,dna_r10.4.1_e8.2_400bps_hac@v5.0.0,2944,9.75395e+07,18033714688
NVIDIA H100 NVL,dna_r10.4.1_e8.2_400bps_hac@v5.0.0,3008,9.95339e+07,18424859648
NVIDIA H100 NVL,dna_r10.4.1_e8.2_400bps_hac@v5.0.0,3072,1.01152e+08,18816386560
NVIDIA H100 NVL,dna_r10.4.1_e8.2_400bps_hac@v5.0.0,3136,1.00907e+08,19197878784
NVIDIA H100 NVL,dna_r10.4.1_e8.2_400bps_hac@v5.0.0,3200,1.02907e+08,19590607360
NVIDIA H100 NVL,dna_r10.4.1_e8.2_400bps_hac@v5.0.0,3264,1.04698e+08,20002411008
NVIDIA H100 NVL,dna_r10.4.1_e8.2_400bps_hac@v5.0.0,3328,1.06487e+08,20375849984
NVIDIA H100 NVL,dna_r10.4.1_e8.2_400bps_hac@v5.0.0,3392,1.05413e+08,20774482432
NVIDIA H100 NVL,dna_r10.4.1_e8.2_400bps_hac@v5.0.0,3456,1.07261e+08,21159950336
NVIDIA H100 NVL,dna_r10.4.1_e8.2_400bps_hac@v5.0.0,3520,1.09274e+08,21558052352
NVIDIA H100 NVL,dna_r10.4.1_e8.2_400bps_hac@v5.0.0,3584,1.11158e+08,21944054272
NVIDIA H100 NVL,dna_r10.4.1_e8.2_400bps_hac@v5.0.0,3648,1.09832e+08,22341945856
NVIDIA H100 NVL,dna_r10.4.1_e8.2_400bps_hac@v5.0.0,3712,1.11456e+08,22742958080
NVIDIA H100 NVL,dna_r10.4.1_e8.2_400bps_hac@v5.0.0,3776,1.13332e+08,23123969536
NVIDIA H100 NVL,dna_r10.4.1_e8.2_400bps_hac@v5.0.0,3840,1.11525e+08,23500908544
NVIDIA H100 NVL,dna_r10.4.1_e8.2_400bps_hac@v5.0.0,3904,1.13048e+08,23899199488
NVIDIA H100 NVL,dna_r10.4.1_e8.2_400bps_hac@v5.0.0,3968,1.14995e+08,24286670848
NVIDIA H100 NVL,dna_r10.4.1_e8.2_400bps_hac@v5.0.0,4032,1.1338e+08,24679121408
NVIDIA H100 NVL,dna_r10.4.1_e8.2_400bps_hac@v5.0.0,4096,1.17849e+08,25090525696
NVIDIA H100 NVL,dna_r10.4.1_e8.2_400bps_hac@v5.0.0,4160,1.16962e+08,25475122176
NVIDIA H100 NVL,dna_r10.4.1_e8.2_400bps_hac@v5.0.0,4224,1.18561e+08,25861174784
NVIDIA H100 NVL,dna_r10.4.1_e8.2_400bps_hac@v5.0.0,4288,1.16363e+08,26243272704
NVIDIA H100 NVL,dna_r10.4.1_e8.2_400bps_hac@v5.0.0,4352,1.17699e+08,26637216768
NVIDIA H100 NVL,dna_r10.4.1_e8.2_400bps_hac@v5.0.0,4416,1.19307e+08,27040865792
NVIDIA H100 NVL,dna_r10.4.1_e8.2_400bps_hac@v5.0.0,4480,1.21259e+08,27423694336
NVIDIA H100 NVL,dna_r10.4.1_e8.2_400bps_hac@v5.0.0,4544,1.18249e+08,27811019264
NVIDIA H100 NVL,dna_r10.4.1_e8.2_400bps_hac@v5.0.0,4608,1.19388e+08,28206830592
NVIDIA H100 NVL,dna_r10.4.1_e8.2_400bps_hac@v5.0.0,4672,1.21361e+08,28588765184
NVIDIA H100 NVL,dna_r10.4.1_e8.2_400bps_hac@v5.0.0,4736,1.23026e+08,29029660160
NVIDIA H100 NVL,dna_r10.4.1_e8.2_400bps_hac@v5.0.0,4800,1.24733e+08,29388157952
NVIDIA H100 NVL,dna_r10.4.1_e8.2_400bps_hac@v5.0.0,4864,1.21304e+08,29773867008
NVIDIA H100 NVL,dna_r10.4.1_e8.2_400bps_hac@v5.0.0,4928,1.23265e+08,30160790528
NVIDIA H100 NVL,dna_r10.4.1_e8.2_400bps_hac@v5.0.0,4992,1.25285e+08,30541835264
NVIDIA H100 NVL,dna_r10.4.1_e8.2_400bps_hac@v5.0.0,5056,1.26701e+08,30982509056
NVIDIA H100 NVL,dna_r10.4.1_e8.2_400bps_hac@v5.0.0,5120,1.26778e+08,31353393152
NVIDIA H100 NVL,dna_r10.4.1_e8.2_400bps_hac@v5.0.0,5184,1.28603e+08,31728918016
NVIDIA H100 NVL,dna_r10.4.1_e8.2_400bps_hac@v5.0.0,5248,1.26133e+08,32129814528
NVIDIA H100 NVL,dna_r10.4.1_e8.2_400bps_hac@v5.0.0,5312,1.27286e+08,32500637184
NVIDIA H100 NVL,dna_r10.4.1_e8.2_400bps_hac@v5.0.0,5376,1.29092e+08,32908120064
NVIDIA H100 NVL,dna_r10.4.1_e8.2_400bps_hac@v5.0.0,5440,1.30725e+08,33296888832
NVIDIA H100 NVL,dna_r10.4.1_e8.2_400bps_hac@v5.0.0,5504,1.31655e+08,33710075904
NVIDIA H100 NVL,dna_r10.4.1_e8.2_400bps_hac@v5.0.0,5568,1.2615e+08,34076730880
NVIDIA H100 NVL,dna_r10.4.1_e8.2_400bps_hac@v5.0.0,5632,1.28433e+08,34455120384
NVIDIA H100 NVL,dna_r10.4.1_e8.2_400bps_hac@v5.0.0,5696,1.08927e+08,34869747200
NVIDIA H100 NVL,dna_r10.4.1_e8.2_400bps_hac@v5.0.0,5760,1.09776e+08,35243960320
NVIDIA H100 NVL,dna_r10.4.1_e8.2_400bps_hac@v5.0.0,5824,1.11591e+08,35655602688
NVIDIA H100 NVL,dna_r10.4.1_e8.2_400bps_hac@v5.0.0,5888,1.12517e+08,36053867520
NVIDIA H100 NVL,dna_r10.4.1_e8.2_400bps_hac@v5.0.0,5952,1.13845e+08,36419269120
NVIDIA H100 NVL,dna_r10.4.1_e8.2_400bps_hac@v5.0.0,6016,1.14796e+08,36819909120
NVIDIA H100 NVL,dna_r10.4.1_e8.2_400bps_hac@v5.0.0,6080,1.10199e+08,37212816384
NVIDIA H100 NVL,dna_r10.4.1_e8.2_400bps_hac@v5.0.0,6144,1.10723e+08,37603933696
NVIDIA H100 NVL,dna_r10.4.1_e8.2_400bps_hac@v5.0.0,6208,1.12674e+08,37979589120
NVIDIA H100 NVL,dna_r10.4.1_e8.2_400bps_hac@v5.0.0,6272,1.13672e+08,38404727808
NVIDIA H100 NVL,dna_r10.4.1_e8.2_400bps_hac@v5.0.0,6336,1.1484e+08,38774867456
NVIDIA H100 NVL,dna_r10.4.1_e8.2_400bps_hac@v5.0.0,6400,1.15751e+08,39163437056
NVIDIA H100 NVL,dna_r10.4.1_e8.2_400bps_hac@v5.0.0,6464,1.17168e+08,39587821056
NVIDIA H100 NVL,dna_r10.4.1_e8.2_400bps_hac@v5.0.0,6528,1.18039e+08,39982013952
NVIDIA H100 NVL,dna_r10.4.1_e8.2_400bps_hac@v5.0.0,6592,1.19065e+08,40336574976
NVIDIA H100 NVL,dna_r10.4.1_e8.2_400bps_hac@v5.0.0,6656,1.13159e+08,40735068672
NVIDIA H100 NVL,dna_r10.4.1_e8.2_400bps_hac@v5.0.0,6720,1.15316e+08,41122157056
NVIDIA H100 NVL,dna_r10.4.1_e8.2_400bps_hac@v5.0.0,6784,1.1647e+08,41513894912
NVIDIA H100 NVL,dna_r10.4.1_e8.2_400bps_hac@v5.0.0,6848,1.17239e+08,41895081472
NVIDIA H100 NVL,dna_r10.4.1_e8.2_400bps_hac@v5.0.0,6912,1.18613e+08,42284648960
NVIDIA H100 NVL,dna_r10.4.1_e8.2_400bps_hac@v5.0.0,6976,1.15576e+08,42682846208
NVIDIA H100 NVL,dna_r10.4.1_e8.2_400bps_hac@v5.0.0,7040,1.1977e+08,43072321536
NVIDIA H100 NVL,dna_r10.4.1_e8.2_400bps_hac@v5.0.0,7104,1.21933e+08,43455455744
NVIDIA H100 NVL,dna_r10.4.1_e8.2_400bps_hac@v5.0.0,7168,1.21224e+08,43849878528
NVIDIA H100 NVL,dna_r10.4.1_e8.2_400bps_hac@v5.0.0,7232,1.23383e+08,44302995456
NVIDIA H100 NVL,dna_r10.4.1_e8.2_400bps_hac@v5.0.0,7296,1.2466e+08,44661981184
NVIDIA H100 NVL,dna_r10.4.1_e8.2_400bps_hac@v5.0.0,7360,1.2548e+08,45034852352
NVIDIA H100 NVL,dna_r10.4.1_e8.2_400bps_hac@v5.0.0,7424,1.20148e+08,45415438848
NVIDIA H100 NVL,dna_r10.4.1_e8.2_400bps_hac@v5.0.0,7488,1.15627e+08,45803420672
NVIDIA H100 NVL,dna_r10.4.1_e8.2_400bps_hac@v5.0.0,7552,1.21586e+08,46200113664
NVIDIA H100 NVL,dna_r10.4.1_e8.2_400bps_hac@v5.0.0,7616,1.2261e+08,46594009600
NVIDIA H100 NVL,dna_r10.4.1_e8.2_400bps_hac@v5.0.0,7680,1.23477e+08,46983260672
NVIDIA H100 NVL,dna_r10.4.1_e8.2_400bps_hac@v5.0.0,7744,1.25335e+08,47368668160
NVIDIA H100 NVL,dna_r10.4.1_e8.2_400bps_hac@v5.0.0,7808,1.26074e+08,47760061952
NVIDIA H100 NVL,dna_r10.4.1_e8.2_400bps_hac@v5.0.0,7872,1.26864e+08,48167752192
NVIDIA H100 NVL,dna_r10.4.1_e8.2_400bps_hac@v5.0.0,7936,1.27234e+08,48603453440
NVIDIA H100 NVL,dna_r10.4.1_e8.2_400bps_hac@v5.0.0,8000,1.29035e+08,48975800832
NVIDIA H100 NVL,dna_r10.4.1_e8.2_400bps_hac@v5.0.0,8064,1.29469e+08,49345237504
NVIDIA H100 NVL,dna_r10.4.1_e8.2_400bps_hac@v5.0.0,8128,1.22673e+08,49714867712
NVIDIA H100 NVL,dna_r10.4.1_e8.2_400bps_hac@v5.0.0,8192,1.20541e+08,50131770368
NVIDIA H100 NVL,dna_r10.4.1_e8.2_400bps_hac@v5.0.0,8256,1.24963e+08,50515631616
NVIDIA H100 NVL,dna_r10.4.1_e8.2_400bps_hac@v5.0.0,8320,1.24447e+08,50901614592
NVIDIA H100 NVL,dna_r10.4.1_e8.2_400bps_hac@v5.0.0,8384,1.26303e+08,51285613568
NVIDIA H100 NVL,dna_r10.4.1_e8.2_400bps_hac@v5.0.0,8448,1.26933e+08,51678785024
NVIDIA H100 NVL,dna_r10.4.1_e8.2_400bps_hac@v5.0.0,8512,1.12662e+08,51906954752
NVIDIA H100 NVL,dna_r10.4.1_e8.2_400bps_hac@v5.0.0,8576,1.1357e+08,52462618624
NVIDIA H100 NVL,dna_r10.4.1_e8.2_400bps_hac@v5.0.0,8640,1.1447e+08,52853352448
NVIDIA H100 NVL,dna_r10.4.1_e8.2_400bps_hac@v5.0.0,8704,1.14466e+08,53236697088
NVIDIA H100 NVL,dna_r10.4.1_e8.2_400bps_hac@v5.0.0,8768,1.15943e+08,53624978944
NVIDIA H100 NVL,dna_r10.4.1_e8.2_400bps_hac@v5.0.0,8832,1.16835e+08,54045122048
NVIDIA H100 NVL,dna_r10.4.1_e8.2_400bps_hac@v5.0.0,8896,1.17856e+08,54427280896
NVIDIA H100 NVL,dna_r10.4.1_e8.2_400bps_hac@v5.0.0,8960,1.17614e+08,54854258688
NVIDIA H100 NVL,dna_r10.4.1_e8.2_400bps_hac@v5.0.0,9024,1.18943e+08,55242314752
NVIDIA H100 NVL,dna_r10.4.1_e8.2_400bps_hac@v5.0.0,9088,1.19812e+08,55613511680
NVIDIA H100 NVL,dna_r10.4.1_e8.2_400bps_hac@v5.0.0,9152,1.20859e+08,55996575232
NVIDIA H100 NVL,dna_r10.4.1_e8.2_400bps_hac@v5.0.0,9216,1.19032e+08,56376402432
NVIDIA H100 NVL,dna_r10.4.1_e8.2_400bps_hac@v5.0.0,9280,1.14319e+08,56766139392
NVIDIA H100 NVL,dna_r10.4.1_e8.2_400bps_hac@v5.0.0,9344,1.14545e+08,57151934464
NVIDIA H100 NVL,dna_r10.4.1_e8.2_400bps_hac@v5.0.0,9408,1.15484e+08,57548499456
NVIDIA H100 NVL,dna_r10.4.1_e8.2_400bps_hac@v5.0.0,9472,1.15396e+08,57955566592
NVIDIA H100 NVL,dna_r10.4.1_e8.2_400bps_hac@v5.0.0,9536,1.16978e+08,58335138816
NVIDIA H100 NVL,dna_r10.4.1_e8.2_400bps_hac@v5.0.0,9600,1.17586e+08,58722968064
NVIDIA H100 NVL,dna_r10.4.1_e8.2_400bps_hac@v5.0.0,9664,1.18127e+08,59118729728
NVIDIA H100 NVL,dna_r10.4.1_e8.2_400bps_hac@v5.0.0,9728,1.17886e+08,59502485504
NVIDIA H100 NVL,dna_r10.4.1_e8.2_400bps_hac@v5.0.0,9792,1.19826e+08,59900593152
NVIDIA H100 NVL,dna_r10.4.1_e8.2_400bps_hac@v5.0.0,9856,1.20362e+08,60284655104
NVIDIA H100 NVL,dna_r10.4.1_e8.2_400bps_hac@v5.0.0,9920,1.21014e+08,60676715008
NVIDIA H100 NVL,dna_r10.4.1_e8.2_400bps_hac@v5.0.0,9984,1.21438e+08,61061121024
NVIDIA H100 NVL,dna_r10.4.1_e8.2_400bps_hac@v5.0.0,10048,1.22452e+08,61459367424
NVIDIA H100 NVL,dna_r10.4.1_e8.2_400bps_hac@v5.0.0,10112,1.22657e+08,61866633728
NVIDIA H100 NVL,dna_r10.4.1_e8.2_400bps_hac@v5.0.0,10176,1.24527e+08,62254763008
NVIDIA H100 NVL,dna_r10.4.1_e8.2_400bps_hac@v5.0.0,10240,1.1993e+08,62634382336
NVIDIA H100 NVL,dna_r10.4.1_e8.2_400bps_hac@v5.2.0,64,4.39958e+06,419522560
NVIDIA H100 NVL,dna_r10.4.1_e8.2_400bps_hac@v5.2.0,128,7.89978e+06,810884096
NVIDIA H100 NVL,dna_r10.4.1_e8.2_400bps_hac@v5.2.0,192,1.18346e+07,1202159104
NVIDIA H100 NVL,dna_r10.4.1_e8.2_400bps_hac@v5.2.0,256,1.55317e+07,1588818432
NVIDIA H100 NVL,dna_r10.4.1_e8.2_400bps_hac@v5.2.0,320,1.94062e+07,1978054656
NVIDIA H100 NVL,dna_r10.4.1_e8.2_400bps_hac@v5.2.0,384,2.28837e+07,2371073024
NVIDIA H100 NVL,dna_r10.4.1_e8.2_400bps_hac@v5.2.0,448,2.67093e+07,2760092672
NVIDIA H100 NVL,dna_r10.4.1_e8.2_400bps_hac@v5.2.0,512,2.99495e+07,3167710208
NVIDIA H100 NVL,dna_r10.4.1_e8.2_400bps_hac@v5.2.0,576,3.37298e+07,3549285888
NVIDIA H100 NVL,dna_r10.4.1_e8.2_400bps_hac@v5.2.0,640,3.68102e+07,3943498240
NVIDIA H100 NVL,dna_r10.4.1_e8.2_400bps_hac@v5.2.0,704,4.04776e+07,4334922752
NVIDIA H100 NVL,dna_r10.4.1_e8.2_400bps_hac@v5.2.0,768,4.33505e+07,4723809792
NVIDIA H100 NVL,dna_r10.4.1_e8.2_400bps_hac@v5.2.0,832,4.69225e+07,5117218304
NVIDIA H100 NVL,dna_r10.4.1_e8.2_400bps_hac@v5.2.0,896,5.04793e+07,5512553984
NVIDIA H100 NVL,dna_r10.4.1_e8.2_400bps_hac@v5.2.0,960,5.40785e+07,5899372032
NVIDIA H100 NVL,dna_r10.4.1_e8.2_400bps_hac@v5.2.0,1024,5.64418e+07,6273455104
NVIDIA H100 NVL,dna_r10.4.1_e8.2_400bps_hac@v5.2.0,1088,5.89742e+07,6681913856
NVIDIA H100 NVL,dna_r10.4.1_e8.2_400bps_hac@v5.2.0,1152,6.14238e+07,7072920064
NVIDIA H100 NVL,dna_r10.4.1_e8.2_400bps_hac@v5.2.0,1216,6.47667e+07,7468486656
NVIDIA H100 NVL,dna_r10.4.1_e8.2_400bps_hac@v5.2.0,1280,6.67199e+07,7855220224
NVIDIA H100 NVL,dna_r10.4.1_e8.2_400bps_hac@v5.2.0,1344,7.00359e+07,8246621696
NVIDIA H100 NVL,dna_r10.4.1_e8.2_400bps_hac@v5.2.0,1408,7.35461e+07,8616694784
NVIDIA H100 NVL,dna_r10.4.1_e8.2_400bps_hac@v5.2.0,1472,7.53399e+07,9031681536
NVIDIA H100 NVL,dna_r10.4.1_e8.2_400bps_hac@v5.2.0,1536,7.86547e+07,9431499264
NVIDIA H100 NVL,dna_r10.4.1_e8.2_400bps_hac@v5.2.0,1600,8.02026e+07,9817190912
NVIDIA H100 NVL,dna_r10.4.1_e8.2_400bps_hac@v5.2.0,1664,8.34642e+07,10211442176
NVIDIA H100 NVL,dna_r10.4.1_e8.2_400bps_hac@v5.2.0,1728,8.4771e+07,10607278592
NVIDIA H100 NVL,dna_r10.4.1_e8.2_400bps_hac@v5.2.0,1792,8.7912e+07,10995593216
NVIDIA H100 NVL,dna_r10.4.1_e8.2_400bps_hac@v5.2.0,1856,8.91904e+07,11378930176
NVIDIA H100 NVL,dna_r10.4.1_e8.2_400bps_hac@v5.2.0,1920,9.17773e+07,11775012864
NVIDIA H100 NVL,dna_r10.4.1_e8.2_400bps_hac@v5.2.0,1984,9.3306e+07,12168098816
NVIDIA H100 NVL,dna_r10.4.1_e8.2_400bps_hac@v5.2.0,2048,9.37461e+07,12563641344
NVIDIA H100 NVL,dna_r10.4.1_e8.2_400bps_hac@v5.2.0,2112,9.3017e+07,12949241344
NVIDIA H100 NVL,dna_r10.4.1_e8.2_400bps_hac@v5.2.0,2176,9.59709e+07,13342232064
NVIDIA H100 NVL,dna_r10.4.1_e8.2_400bps_hac@v5.2.0,2240,9.65828e+07,13727788544
NVIDIA H100 NVL,dna_r10.4.1_e8.2_400bps_hac@v5.2.0,2304,9.91196e+07,14119964160
NVIDIA H100 NVL,dna_r10.4.1_e8.2_400bps_hac@v5.2.0,2368,9.9783e+07,14517670912
NVIDIA H100 NVL,dna_r10.4.1_e8.2_400bps_hac@v5.2.0,2432,9.97432e+07,14916810240
NVIDIA H100 NVL,dna_r10.4.1_e8.2_400bps_hac@v5.2.0,2496,9.99891e+07,15289143808
NVIDIA H100 NVL,dna_r10.4.1_e8.2_400bps_hac@v5.2.0,2560,1.02444e+08,15683778560
NVIDIA H100 NVL,dna_r10.4.1_e8.2_400bps_hac@v5.2.0,2624,1.02479e+08,16076796416
NVIDIA H100 NVL,dna_r10.4.1_e8.2_400bps_hac@v5.2.0,2688,1.04885e+08,16469880832
NVIDIA H100 NVL,dna_r10.4.1_e8.2_400bps_hac@v5.2.0,2752,1.04573e+08,16867596800
NVIDIA H100 NVL,dna_r10.4.1_e8.2_400bps_hac@v5.2.0,2816,1.06831e+08,17258505216
NVIDIA H100 NVL,dna_r10.4.1_e8.2_400bps_hac@v5.2.0,2880,7.59753e+07,17638765568
NVIDIA H100 NVL,dna_r10.4.1_e8.2_400bps_hac@v5.2.0,2944,7.74399e+07,18035598848
NVIDIA H100 NVL,dna_r10.4.1_e8.2_400bps_hac@v5.2.0,3008,7.60455e+07,18429839872
NVIDIA H100 NVL,dna_r10.4.1_e8.2_400bps_hac@v5.2.0,3072,7.75976e+07,18819478528
NVIDIA H100 NVL,dna_r10.4.1_e8.2_400bps_hac@v5.2.0,3136,7.91709e+07,19199554048
NVIDIA H100 NVL,dna_r10.4.1_e8.2_400bps_hac@v5.2.0,3200,8.08614e+07,19606091264
NVIDIA H100 NVL,dna_r10.4.1_e8.2_400bps_hac@v5.2.0,3264,7.95515e+07,19990537216
NVIDIA H100 NVL,dna_r10.4.1_e8.2_400bps_hac@v5.2.0,3328,8.08339e+07,20379070976
NVIDIA H100 NVL,dna_r10.4.1_e8.2_400bps_hac@v5.2.0,3392,8.21328e+07,20774648320
NVIDIA H100 NVL,dna_r10.4.1_e8.2_400bps_hac@v5.2.0,3456,8.39007e+07,21167771136
NVIDIA H100 NVL,dna_r10.4.1_e8.2_400bps_hac@v5.2.0,3520,8.51215e+07,21573511168
NVIDIA H100 NVL,dna_r10.4.1_e8.2_400bps_hac@v5.2.0,3584,8.6525e+07,21961996800
NVIDIA H100 NVL,dna_r10.4.1_e8.2_400bps_hac@v5.2.0,3648,8.81504e+07,22341407232
NVIDIA H100 NVL,dna_r10.4.1_e8.2_400bps_hac@v5.2.0,3712,8.49031e+07,22737625088
NVIDIA H100 NVL,dna_r10.4.1_e8.2_400bps_hac@v5.2.0,3776,8.75472e+07,23114149376
NVIDIA H100 NVL,dna_r10.4.1_e8.2_400bps_hac@v5.2.0,3840,8.936e+07,23508317184
NVIDIA H100 NVL,dna_r10.4.1_e8.2_400bps_hac@v5.2.0,3904,9.05037e+07,23899143168
NVIDIA H100 NVL,dna_r10.4.1_e8.2_400bps_hac@v5.2.0,3968,9.22867e+07,24305981440
NVIDIA H100 NVL,dna_r10.4.1_e8.2_400bps_hac@v5.2.0,4032,8.99888e+07,24685565440
NVIDIA H100 NVL,dna_r10.4.1_e8.2_400bps_hac@v5.2.0,4096,9.04321e+07,25093697536
NVIDIA H100 NVL,dna_r10.4.1_e8.2_400bps_hac@v5.2.0,4160,9.21816e+07,25477619200
NVIDIA H100 NVL,dna_r10.4.1_e8.2_400bps_hac@v5.2.0,4224,9.39084e+07,25867930112
NVIDIA H100 NVL,dna_r10.4.1_e8.2_400bps_hac@v5.2.0,4288,9.13162e+07,26250049024
NVIDIA H100 NVL,dna_r10.4.1_e8.2_400bps_hac@v5.2.0,4352,9.25065e+07,26638886912
NVIDIA H100 NVL,dna_r10.4.1_e8.2_400bps_hac@v5.2.0,4416,9.37779e+07,27047152640
NVIDIA H100 NVL,dna_r10.4.1_e8.2_400bps_hac@v5.2.0,4480,9.49246e+07,27431328768
NVIDIA H100 NVL,dna_r10.4.1_e8.2_400bps_hac@v5.2.0,4544,9.65791e+07,27848885760
NVIDIA H100 NVL,dna_r10.4.1_e8.2_400bps_hac@v5.2.0,4608,9.71553e+07,28225924608
NVIDIA H100 NVL,dna_r10.4.1_e8.2_400bps_hac@v5.2.0,4672,9.48197e+07,28595972096
NVIDIA H100 NVL,dna_r10.4.1_e8.2_400bps_hac@v5.2.0,4736,9.55583e+07,29014041600
NVIDIA H100 NVL,dna_r10.4.1_e8.2_400bps_hac@v5.2.0,4800,9.67814e+07,29387853824
NVIDIA H100 NVL,dna_r10.4.1_e8.2_400bps_hac@v5.2.0,4864,9.82758e+07,29781820416
NVIDIA H100 NVL,dna_r10.4.1_e8.2_400bps_hac@v5.2.0,4928,9.93016e+07,30163037184
NVIDIA H100 NVL,dna_r10.4.1_e8.2_400bps_hac@v5.2.0,4992,1.00737e+08,30581668864
NVIDIA H100 NVL,dna_r10.4.1_e8.2_400bps_hac@v5.2.0,5056,1.01868e+08,30962644992
NVIDIA H100 NVL,dna_r10.4.1_e8.2_400bps_hac@v5.2.0,5120,9.80835e+07,31340180992
NVIDIA H100 NVL,dna_r10.4.1_e8.2_400bps_hac@v5.2.0,5184,9.97979e+07,31736156672
NVIDIA H100 NVL,dna_r10.4.1_e8.2_400bps_hac@v5.2.0,5248,1.01015e+08,32122691072
NVIDIA H100 NVL,dna_r10.4.1_e8.2_400bps_hac@v5.2.0,5312,1.01815e+08,32508358144
NVIDIA H100 NVL,dna_r10.4.1_e8.2_400bps_hac@v5.2.0,5376,1.02976e+08,32915668480
NVIDIA H100 NVL,dna_r10.4.1_e8.2_400bps_hac@v5.2.0,5440,1.04345e+08,33299795456
NVIDIA H100 NVL,dna_r10.4.1_e8.2_400bps_hac@v5.2.0,5504,1.05644e+08,33694589440
NVIDIA H100 NVL,dna_r10.4.1_e8.2_400bps_hac@v5.2.0,5568,1.01367e+08,34078185984
NVIDIA H100 NVL,dna_r10.4.1_e8.2_400bps_hac@v5.2.0,5632,1.01971e+08,34475095552
NVIDIA H100 NVL,dna_r10.4.1_e8.2_400bps_hac@v5.2.0,5696,8.7485e+07,34870411776
NVIDIA H100 NVL,dna_r10.4.1_e8.2_400bps_hac@v5.2.0,5760,8.77658e+07,35255129088
NVIDIA H100 NVL,dna_r10.4.1_e8.2_400bps_hac@v5.2.0,5824,8.37479e+07,35640427008
NVIDIA H100 NVL,dna_r10.4.1_e8.2_400bps_hac@v5.2.0,5888,8.48902e+07,36050011648
NVIDIA H100 NVL,dna_r10.4.1_e8.2_400bps_hac@v5.2.0,5952,8.59448e+07,36428691456
NVIDIA H100 NVL,dna_r10.4.1_e8.2_400bps_hac@v5.2.0,6016,8.62986e+07,36826040832
NVIDIA H100 NVL,dna_r10.4.1_e8.2_400bps_hac@v5.2.0,6080,8.71432e+07,37209911296
NVIDIA H100 NVL,dna_r10.4.1_e8.2_400bps_hac@v5.2.0,6144,8.73526e+07,37476253696
NVIDIA H100 NVL,dna_r10.4.1_e8.2_400bps_hac@v5.2.0,6208,8.92123e+07,37986361344
NVIDIA H100 NVL,dna_r10.4.1_e8.2_400bps_hac@v5.2.0,6272,8.98081e+07,38244199936
NVIDIA H100 NVL,dna_r10.4.1_e8.2_400bps_hac@v5.2.0,6336,9.09491e+07,38782000128
NVIDIA H100 NVL,dna_r10.4.1_e8.2_400bps_hac@v5.2.0,6400,9.14136e+07,39171318784
NVIDIA H100 NVL,dna_r10.4.1_e8.2_400bps_hac@v5.2.0,6464,9.2393e+07,39552125952
NVIDIA H100 NVL,dna_r10.4.1_e8.2_400bps_hac@v5.2.0,6528,9.28621e+07,39988796416
NVIDIA H100 NVL,dna_r10.4.1_e8.2_400bps_hac@v5.2.0,6592,9.4314e+07,40357358080
NVIDIA H100 NVL,dna_r10.4.1_e8.2_400bps_hac@v5.2.0,6656,9.46129e+07,40750141952
NVIDIA H100 NVL,dna_r10.4.1_e8.2_400bps_hac@v5.2.0,6720,8.99127e+07,41129036800
NVIDIA H100 NVL,dna_r10.4.1_e8.2_400bps_hac@v5.2.0,6784,9.04444e+07,41513360896
NVIDIA H100 NVL,dna_r10.4.1_e8.2_400bps_hac@v5.2.0,6848,9.17116e+07,41909325824
NVIDIA H100 NVL,dna_r10.4.1_e8.2_400bps_hac@v5.2.0,6912,9.21e+07,42291939328
NVIDIA H100 NVL,dna_r10.4.1_e8.2_400bps_hac@v5.2.0,6976,9.22842e+07,42690139136
NVIDIA H100 NVL,dna_r10.4.1_e8.2_400bps_hac@v5.2.0,7040,9.37655e+07,43079057920
NVIDIA H100 NVL,dna_r10.4.1_e8.2_400bps_hac@v5.2.0,7104,9.46961e+07,43462531072
NVIDIA H100 NVL,dna_r10.4.1_e8.2_400bps_hac@v5.2.0,7168,9.46866e+07,43856871936
NVIDIA H100 NVL,dna_r10.4.1_e8.2_400bps_hac@v5.2.0,7232,9.59504e+07,44262863872
NVIDIA H100 NVL,dna_r10.4.1_e8.2_400bps_hac@v5.2.0,7296,9.67103e+07,44650457600
NVIDIA H100 NVL,dna_r10.4.1_e8.2_400bps_hac@v5.2.0,7360,9.80577e+07,45040259584
NVIDIA H100 NVL,dna_r10.4.1_e8.2_400bps_hac@v5.2.0,7424,9.86768e+07,45422301184
NVIDIA H100 NVL,dna_r10.4.1_e8.2_400bps_hac@v5.2.0,7488,9.94229e+07,45839193088
NVIDIA H100 NVL,dna_r10.4.1_e8.2_400bps_hac@v5.2.0,7552,1.00363e+08,46236079616
NVIDIA H100 NVL,dna_r10.4.1_e8.2_400bps_hac@v5.2.0,7616,1.01098e+08,46613080064
NVIDIA H100 NVL,dna_r10.4.1_e8.2_400bps_hac@v5.2.0,7680,1.01538e+08,47006740992
NVIDIA H100 NVL,dna_r10.4.1_e8.2_400bps_hac@v5.2.0,7744,9.60204e+07,47393716224
NVIDIA H100 NVL,dna_r10.4.1_e8.2_400bps_hac@v5.2.0,7808,9.6713e+07,47783094272
NVIDIA H100 NVL,dna_r10.4.1_e8.2_400bps_hac@v5.2.0,7872,9.73564e+07,48174846976
NVIDIA H100 NVL,dna_r10.4.1_e8.2_400bps_hac@v5.2.0,7936,9.76086e+07,48558652928
NVIDIA H100 NVL,dna_r10.4.1_e8.2_400bps_hac@v5.2.0,8000,9.87329e+07,48951920128
NVIDIA H100 NVL,dna_r10.4.1_e8.2_400bps_hac@v5.2.0,8064,9.85926e+07,49335800320
NVIDIA H100 NVL,dna_r10.4.1_e8.2_400bps_hac@v5.2.0,8128,9.97913e+07,49721380352
NVIDIA H100 NVL,dna_r10.4.1_e8.2_400bps_hac@v5.2.0,8192,9.83156e+07,50138592256
NVIDIA H100 NVL,dna_r10.4.1_e8.2_400bps_hac@v5.2.0,8256,1.01816e+08,50522871808
NVIDIA H100 NVL,dna_r10.4.1_e8.2_400bps_hac@v5.2.0,8320,1.01967e+08,50908540416
NVIDIA H100 NVL,dna_r10.4.1_e8.2_400bps_hac@v5.2.0,8384,1.02877e+08,51292615168
NVIDIA H100 NVL,dna_r10.4.1_e8.2_400bps_hac@v5.2.0,8448,1.03118e+08,51685811200
NVIDIA H100 NVL,dna_r10.4.1_e8.2_400bps_hac@v5.2.0,8512,8.87432e+07,52088175104
NVIDIA H100 NVL,dna_r10.4.1_e8.2_400bps_hac@v5.2.0,8576,8.93883e+07,52469773824
NVIDIA H100 NVL,dna_r10.4.1_e8.2_400bps_hac@v5.2.0,8640,9.02696e+07,52859977728
NVIDIA H100 NVL,dna_r10.4.1_e8.2_400bps_hac@v5.2.0,8704,9.00177e+07,53243913216
NVIDIA H100 NVL,dna_r10.4.1_e8.2_400bps_hac@v5.2.0,8768,9.07001e+07,53631877120
NVIDIA H100 NVL,dna_r10.4.1_e8.2_400bps_hac@v5.2.0,8832,9.1512e+07,54053571072
NVIDIA H100 NVL,dna_r10.4.1_e8.2_400bps_hac@v5.2.0,8896,9.21698e+07,54493308416
NVIDIA H100 NVL,dna_r10.4.1_e8.2_400bps_hac@v5.2.0,8960,9.26715e+07,54883480576
NVIDIA H100 NVL,dna_r10.4.1_e8.2_400bps_hac@v5.2.0,9024,9.33741e+07,55232358400
NVIDIA H100 NVL,dna_r10.4.1_e8.2_400bps_hac@v5.2.0,9088,9.39682e+07,55625623552
NVIDIA H100 NVL,dna_r10.4.1_e8.2_400bps_hac@v5.2.0,9152,9.38867e+07,56029344768
NVIDIA H100 NVL,dna_r10.4.1_e8.2_400bps_hac@v5.2.0,9216,9.34673e+07,56256821248
NVIDIA H100 NVL,dna_r10.4.1_e8.2_400bps_hac@v5.2.0,9280,9.54383e+07,56785495552
NVIDIA H100 NVL,dna_r10.4.1_e8.2_400bps_hac@v5.2.0,9344,9.59937e+07,57164390400
NVIDIA H100 NVL,dna_r10.4.1_e8.2_400bps_hac@v5.2.0,9408,8.84652e+07,57555610112
NVIDIA H100 NVL,dna_r10.4.1_e8.2_400bps_hac@v5.2.0,9472,8.93184e+07,57962331648
NVIDIA H100 NVL,dna_r10.4.1_e8.2_400bps_hac@v5.2.0,9536,8.9978e+07,58351439872
NVIDIA H100 NVL,dna_r10.4.1_e8.2_400bps_hac@v5.2.0,9600,9.02609e+07,58745053184
NVIDIA H100 NVL,dna_r10.4.1_e8.2_400bps_hac@v5.2.0,9664,9.11202e+07,59127487488
NVIDIA H100 NVL,dna_r10.4.1_e8.2_400bps_hac@v5.2.0,9728,9.09052e+07,59512135680
NVIDIA H100 NVL,dna_r10.4.1_e8.2_400bps_hac@v5.2.0,9792,9.24529e+07,59908745728
NVIDIA H100 NVL,dna_r10.4.1_e8.2_400bps_hac@v5.2.0,9856,9.30336e+07,60294542336
NVIDIA H100 NVL,dna_r10.4.1_e8.2_400bps_hac@v5.2.0,9920,9.3272e+07,60684282368
NVIDIA H100 NVL,dna_r10.4.1_e8.2_400bps_hac@v5.2.0,9984,9.34062e+07,61068336640
NVIDIA H100 NVL,dna_r10.4.1_e8.2_400bps_hac@v5.2.0,10048,9.42045e+07,61466081280
NVIDIA H100 NVL,dna_r10.4.1_e8.2_400bps_hac@v5.2.0,10112,9.48731e+07,61874074112
NVIDIA H100 NVL,dna_r10.4.1_e8.2_400bps_hac@v5.2.0,10176,9.54288e+07,62261455872
NVIDIA H100 NVL,dna_r10.4.1_e8.2_400bps_hac@v5.2.0,10240,9.51491e+07,62641130496
NVIDIA H100 NVL,dna_r10.4.1_e8.2_400bps_sup@v4.3.0,64,2.17067e+06,1584885760
NVIDIA H100 NVL,dna_r10.4.1_e8.2_400bps_sup@v4.3.0,128,4.32472e+06,3026418176
NVIDIA H100 NVL,dna_r10.4.1_e8.2_400bps_sup@v4.3.0,192,6.30961e+06,4474821632
NVIDIA H100 NVL,dna_r10.4.1_e8.2_400bps_sup@v4.3.0,256,8.40378e+06,5913638400
NVIDIA H100 NVL,dna_r10.4.1_e8.2_400bps_sup@v4.3.0,320,9.86685e+06,7353368064
NVIDIA H100 NVL,dna_r10.4.1_e8.2_400bps_sup@v4.3.0,384,1.18326e+07,8796840448
NVIDIA H100 NVL,dna_r10.4.1_e8.2_400bps_sup@v4.3.0,448,1.33568e+07,10237219840
NVIDIA H100 NVL,dna_r10.4.1_e8.2_400bps_sup@v4.3.0,512,1.52431e+07,11682799104
NVIDIA H100 NVL,dna_r10.4.1_e8.2_400bps_sup@v4.3.0,576,1.59995e+07,13133947392
NVIDIA H100 NVL,dna_r10.4.1_e8.2_400bps_sup@v4.3.0,640,1.71286e+07,14568171520
NVIDIA H100 NVL,dna_r10.4.1_e8.2_400bps_sup@v4.3.0,704,1.74669e+07,16011539968
NVIDIA H100 NVL,dna_r10.4.1_e8.2_400bps_sup@v4.3.0,768,1.82703e+07,17474950656
NVIDIA H100 NVL,dna_r10.4.1_e8.2_400bps_sup@v4.3.0,832,1.89917e+07,18903764992
NVIDIA H100 NVL,dna_r10.4.1_e8.2_400bps_sup@v4.3.0,896,1.95332e+07,20350633472
NVIDIA H100 NVL,dna_r10.4.1_e8.2_400bps_sup@v4.3.0,960,1.99735e+07,21786648064
NVIDIA H100 NVL,dna_r10.4.1_e8.2_400bps_sup@v4.3.0,1024,2.11937e+07,23238315008
NVIDIA H100 NVL,dna_r10.4.1_e8.2_400bps_sup@v4.3.0,1088,1.83187e+07,24677596672
NVIDIA H100 NVL,dna_r10.4.1_e8.2_400bps_sup@v4.3.0,1152,1.9366e+07,26121435136
NVIDIA H100 NVL,dna_r10.4.1_e8.2_400bps_sup@v4.3.0,1216,1.92249e+07,27567079424
NVIDIA H100 NVL,dna_r10.4.1_e8.2_400bps_sup@v4.3.0,1280,2.02082e+07,29008038400
NVIDIA H100 NVL,dna_r10.4.1_e8.2_400bps_sup@v4.3.0,1344,2.12039e+07,30457362432
NVIDIA H100 NVL,dna_r10.4.1_e8.2_400bps_sup@v4.3.0,1408,2.09004e+07,31908193792
NVIDIA H100 NVL,dna_r10.4.1_e8.2_400bps_sup@v4.3.0,1472,2.0332e+07,33340613120
NVIDIA H100 NVL,dna_r10.4.1_e8.2_400bps_sup@v4.3.0,1536,2.12078e+07,34781551616
NVIDIA H100 NVL,dna_r10.4.1_e8.2_400bps_sup@v4.3.0,1600,2.05206e+07,36228204544
NVIDIA H100 NVL,dna_r10.4.1_e8.2_400bps_sup@v4.3.0,1664,2.13066e+07,37668067328
NVIDIA H100 NVL,dna_r10.4.1_e8.2_400bps_sup@v4.3.0,1728,2.05056e+07,39124391936
NVIDIA H100 NVL,dna_r10.4.1_e8.2_400bps_sup@v4.3.0,1792,2.1184e+07,40561275904
NVIDIA H100 NVL,dna_r10.4.1_e8.2_400bps_sup@v4.3.0,1856,2.0163e+07,41997510656
NVIDIA H100 NVL,dna_r10.4.1_e8.2_400bps_sup@v4.3.0,1920,2.07714e+07,43443015680
NVIDIA H100 NVL,dna_r10.4.1_e8.2_400bps_sup@v4.3.0,1984,2.14464e+07,44883762688
NVIDIA H100 NVL,dna_r10.4.1_e8.2_400bps_sup@v4.3.0,2048,2.00965e+07,46334356992
NVIDIA H100 NVL,dna_r10.4.1_e8.2_400bps_sup@v4.3.0,2112,2.07355e+07,47776150016
NVIDIA H100 NVL,dna_r10.4.1_e8.2_400bps_sup@v4.3.0,2176,2.12982e+07,49213944320
NVIDIA H100 NVL,dna_r10.4.1_e8.2_400bps_sup@v4.3.0,2240,1.99315e+07,50658585088
NVIDIA H100 NVL,dna_r10.4.1_e8.2_400bps_sup@v4.3.0,2304,2.02039e+07,52098828288
NVIDIA H100 NVL,dna_r10.4.1_e8.2_400bps_sup@v4.3.0,2368,2.08937e+07,53550476288
NVIDIA H100 NVL,dna_r10.4.1_e8.2_400bps_sup@v4.3.0,2432,2.08855e+07,54992801792
NVIDIA H100 NVL,dna_r10.4.1_e8.2_400bps_sup@v4.3.0,2496,1.97354e+07,56429228032
NVIDIA H100 NVL,dna_r10.4.1_e8.2_400bps_sup@v4.3.0,2560,2.01172e+07,57873893376
NVIDIA H100 NVL,dna_r10.4.1_e8.2_400bps_sup@v4.3.0,2624,2.06347e+07,59321346048
NVIDIA H100 NVL,dna_r10.4.1_e8.2_400bps_sup@v4.3.0,2688,2.10678e+07,60765060096
NVIDIA H100 NVL,dna_r10.4.1_e8.2_400bps_sup@v4.3.0,2752,2.1494e+07,62210250752
NVIDIA H100 NVL,dna_r10.4.1_e8.2_400bps_sup@v4.3.0,2816,1.94775e+07,63648328704
NVIDIA H100 NVL,dna_r10.4.1_e8.2_400bps_sup@v4.3.0,2880,1.98476e+07,65090851328
NVIDIA H100 NVL,dna_r10.4.1_e8.2_400bps_sup@v4.3.0,2944,2.01134e+07,66482598912
NVIDIA H100 NVL,dna_r10.4.1_e8.2_400bps_sup@v4.3.0,3008,2.05321e+07,67983527424
NVIDIA H100 NVL,dna_r10.4.1_e8.2_400bps_sup@v4.3.0,3072,2.07896e+07,69370148864
NVIDIA H100 NVL,dna_r10.4.1_e8.2_400bps_sup@v4.3.0,3136,2.12852e+07,70805294080
NVIDIA H100 NVL,dna_r10.4.1_e8.2_400bps_sup@v4.3.0,3200,2.15491e+07,72305569280
NVIDIA H100 NVL,dna_r10.4.1_e8.2_400bps_sup@v4.3.0,3264,1.92442e+07,73692188672
NVIDIA H100 NVL,dna_r10.4.1_e8.2_400bps_sup@v4.3.0,3328,2.08932e+07,75138281472
NVIDIA H100 NVL,dna_r10.4.1_e8.2_400bps_sup@v4.3.0,3392,2.11502e+07,76600670208
NVIDIA H100 NVL,dna_r10.4.1_e8.2_400bps_sup@v4.3.0,3456,2.09127e+07,78018895360
NVIDIA H100 NVL,dna_r10.4.1_e8.2_400bps_sup@v4.3.0,3520,2.12904e+07,79467059712
NVIDIA H100 NVL,dna_r10.4.1_e8.2_400bps_sup@v4.3.0,3584,2.0195e+07,80905267712
NVIDIA H100 NVL,dna_r10.4.1_e8.2_400bps_sup@v4.3.0,3648,2.11911e+07,82363800576
NVIDIA H100 NVL,dna_r10.4.1_e8.2_400bps_sup@v4.3.0,3712,2.10543e+07,83788137472
NVIDIA H100 NVL,dna_r10.4.1_e8.2_400bps_sup@v4.3.0,3776,2.0955e+07,85226070528
NVIDIA H100 NVL,dna_r10.4.1_e8.2_400bps_sup@v4.3.0,3840,1.87346e+07,86669019648
NVIDIA H100 NVL,dna_r10.4.1_e8.2_400bps_sup@v4.3.0,3904,2.10088e+07,88092518912
NVIDIA H100 NVL,dna_r10.4.1_e8.2_400bps_sup@v4.3.0,3968,2.12132e+07,89556311040
NVIDIA H100 NVL,dna_r10.4.1_e8.2_400bps_sup@v4.3.0,4032,2.13627e+07,91000611328
NVIDIA H100 NVL,dna_r10.4.1_e8.2_400bps_sup@v5.0.0,32,9.77546e+06,2271947776
NVIDIA H100 NVL,dna_r10.4.1_e8.2_400bps_sup@v5.0.0,64,1.29026e+07,3053072896
NVIDIA H100 NVL,dna_r10.4.1_e8.2_400bps_sup@v5.0.0,96,1.4879e+07,3835246592
NVIDIA H100 NVL,dna_r10.4.1_e8.2_400bps_sup@v5.0.0,128,1.61209e+07,4602477568
NVIDIA H100 NVL,dna_r10.4.1_e8.2_400bps_sup@v5.0.0,160,1.64115e+07,5383602688
NVIDIA H100 NVL,dna_r10.4.1_e8.2_400bps_sup@v5.0.0,192,1.71016e+07,6167218176
NVIDIA H100 NVL,dna_r10.4.1_e8.2_400bps_sup@v5.0.0,224,1.74761e+07,6948539904
NVIDIA H100 NVL,dna_r10.4.1_e8.2_400bps_sup@v5.0.0,256,1.81358e+07,7737202688
NVIDIA H100 NVL,dna_r10.4.1_e8.2_400bps_sup@v5.0.0,288,1.75718e+07,8520751616
NVIDIA H100 NVL,dna_r10.4.1_e8.2_400bps_sup@v5.0.0,320,1.79084e+07,9303909888
NVIDIA H100 NVL,dna_r10.4.1_e8.2_400bps_sup@v5.0.0,352,1.7985e+07,10078676480
NVIDIA H100 NVL,dna_r10.4.1_e8.2_400bps_sup@v5.0.0,384,1.82404e+07,10861702144
NVIDIA H100 NVL,dna_r10.4.1_e8.2_400bps_sup@v5.0.0,416,1.82482e+07,11653378560
NVIDIA H100 NVL,dna_r10.4.1_e8.2_400bps_sup@v5.0.0,448,1.80062e+07,12437452800
NVIDIA H100 NVL,dna_r10.4.1_e8.2_400bps_sup@v5.0.0,480,1.8183e+07,13222051328
NVIDIA H100 NVL,dna_r10.4.1_e8.2_400bps_sup@v5.0.0,512,1.87268e+07,13992496128
NVIDIA H100 NVL,dna_r10.4.1_e8.2_400bps_sup@v5.0.0,544,1.85364e+07,14776306176
NVIDIA H100 NVL,dna_r10.4.1_e8.2_400bps_sup@v5.0.0,576,1.827e+07,15557499392
NVIDIA H100 NVL,dna_r10.4.1_e8.2_400bps_sup@v5.0.0,608,1.85182e+07,16339542016
NVIDIA H100 NVL,dna_r10.4.1_e8.2_400bps_sup@v5.0.0,640,1.87484e+07,17124599296
NVIDIA H100 NVL,dna_r10.4.1_e8.2_400bps_sup@v5.0.0,672,1.88277e+07,17903955456
NVIDIA H100 NVL,dna_r10.4.1_e8.2_400bps_sup@v5.0.0,704,1.88991e+07,18686194688
NVIDIA H100 NVL,dna_r10.4.1_e8.2_400bps_sup@v5.0.0,736,1.79068e+07,19470400000
NVIDIA H100 NVL,dna_r10.4.1_e8.2_400bps_sup@v5.0.0,768,1.87597e+07,20250935296
NVIDIA H100 NVL,dna_r10.4.1_e8.2_400bps_sup@v5.0.0,800,1.85726e+07,21033175040
NVIDIA H100 NVL,dna_r10.4.1_e8.2_400bps_sup@v5.0.0,832,1.83032e+07,21816462848
NVIDIA H100 NVL,dna_r10.4.1_e8.2_400bps_sup@v5.0.0,864,1.89569e+07,22598308864
NVIDIA H100 NVL,dna_r10.4.1_e8.2_400bps_sup@v5.0.0,896,1.85917e+07,23384087040
NVIDIA H100 NVL,dna_r10.4.1_e8.2_400bps_sup@v5.0.0,928,1.813e+07,24164753920
NVIDIA H100 NVL,dna_r10.4.1_e8.2_400bps_sup@v5.0.0,960,1.86413e+07,24945944576
NVIDIA H100 NVL,dna_r10.4.1_e8.2_400bps_sup@v5.0.0,992,1.9347e+07,25730932224
NVIDIA H100 NVL,dna_r10.4.1_e8.2_400bps_sup@v5.0.0,1024,1.87021e+07,26513044480
NVIDIA H100 NVL,dna_r10.4.1_e8.2_400bps_sup@v5.2.0,32,9.7778e+06,2272734208
NVIDIA H100 NVL,dna_r10.4.1_e8.2_400bps_sup@v5.2.0,64,1.29905e+07,3053072896
NVIDIA H100 NVL,dna_r10.4.1_e8.2_400bps_sup@v5.2.0,96,1.49129e+07,3835246592
NVIDIA H100 NVL,dna_r10.4.1_e8.2_400bps_sup@v5.2.0,128,1.61154e+07,4601691136
NVIDIA H100 NVL,dna_r10.4.1_e8.2_400bps_sup@v5.2.0,160,1.64278e+07,5384585728
NVIDIA H100 NVL,dna_r10.4.1_e8.2_400bps_sup@v5.2.0,192,1.7144e+07,6167218176
NVIDIA H100 NVL,dna_r10.4.1_e8.2_400bps_sup@v5.2.0,224,1.75314e+07,6948539904
NVIDIA H100 NVL,dna_r10.4.1_e8.2_400bps_sup@v5.2.0,256,1.78101e+07,7731434496
NVIDIA H100 NVL,dna_r10.4.1_e8.2_400bps_sup@v5.2.0,288,1.75748e+07,8513673728
NVIDIA H100 NVL,dna_r10.4.1_e8.2_400bps_sup@v5.2.0,320,1.79611e+07,9296045568
NVIDIA H100 NVL,dna_r10.4.1_e8.2_400bps_sup@v5.2.0,352,1.80516e+07,10078676480
NVIDIA H100 NVL,dna_r10.4.1_e8.2_400bps_sup@v5.2.0,384,1.83007e+07,10871139328
NVIDIA H100 NVL,dna_r10.4.1_e8.2_400bps_sup@v5.2.0,416,1.82987e+07,11643154944
NVIDIA H100 NVL,dna_r10.4.1_e8.2_400bps_sup@v5.2.0,448,1.80602e+07,12426442752
NVIDIA H100 NVL,dna_r10.4.1_e8.2_400bps_sup@v5.2.0,480,1.81724e+07,13210254848
NVIDIA H100 NVL,dna_r10.4.1_e8.2_400bps_sup@v5.2.0,512,1.81465e+07,13992496128
NVIDIA H100 NVL,dna_r10.4.1_e8.2_400bps_sup@v5.2.0,544,1.79561e+07,14776306176
NVIDIA H100 NVL,dna_r10.4.1_e8.2_400bps_sup@v5.2.0,576,1.8295e+07,15557499392
NVIDIA H100 NVL,dna_r10.4.1_e8.2_400bps_sup@v5.2.0,608,1.85381e+07,16339542016
NVIDIA H100 NVL,dna_r10.4.1_e8.2_400bps_sup@v5.2.0,640,1.87569e+07,17124599296
NVIDIA H100 NVL,dna_r10.4.1_e8.2_400bps_sup@v5.2.0,672,1.88523e+07,17903955456
NVIDIA H100 NVL,dna_r10.4.1_e8.2_400bps_sup@v5.2.0,704,1.80646e+07,18686194688
NVIDIA H100 NVL,dna_r10.4.1_e8.2_400bps_sup@v5.2.0,736,1.79922e+07,19470400000
NVIDIA H100 NVL,dna_r10.4.1_e8.2_400bps_sup@v5.2.0,768,1.87496e+07,20250935296
NVIDIA H100 NVL,dna_r10.4.1_e8.2_400bps_sup@v5.2.0,800,1.8552e+07,21033175040
NVIDIA H100 NVL,dna_r10.4.1_e8.2_400bps_sup@v5.2.0,832,1.82895e+07,21816462848
NVIDIA H100 NVL,dna_r10.4.1_e8.2_400bps_sup@v5.2.0,864,1.79508e+07,22598308864
NVIDIA H100 NVL,dna_r10.4.1_e8.2_400bps_sup@v5.2.0,896,1.86052e+07,23384087040
NVIDIA H100 NVL,dna_r10.4.1_e8.2_400bps_sup@v5.2.0,928,1.81313e+07,24187560448
NVIDIA H100 NVL,dna_r10.4.1_e8.2_400bps_sup@v5.2.0,960,1.87219e+07,24945944576
NVIDIA H100 NVL,dna_r10.4.1_e8.2_400bps_sup@v5.2.0,992,1.81703e+07,25756098048
NVIDIA H100 NVL,dna_r10.4.1_e8.2_400bps_sup@v5.2.0,1024,1.87025e+07,26513044480
NVIDIA H100 NVL,rna004_130bps_fast@v5.1.0,64,2.33788e+07,1253125632
NVIDIA H100 NVL,rna004_130bps_fast@v5.1.0,128,4.54843e+07,1428935168
NVIDIA H100 NVL,rna004_130bps_fast@v5.1.0,192,6.64914e+07,1604745216
NVIDIA H100 NVL,rna004_130bps_fast@v5.1.0,256,8.34843e+07,1780554752
NVIDIA H100 NVL,rna004_130bps_fast@v5.1.0,320,1.06843e+08,1956364800
NVIDIA H100 NVL,rna004_130bps_fast@v5.1.0,384,1.23702e+08,2132174336
NVIDIA H100 NVL,rna004_130bps_fast@v5.1.0,448,1.4339e+08,2310081536
NVIDIA H100 NVL,rna004_130bps_fast@v5.1.0,512,1.61724e+08,2483793920
NVIDIA H100 NVL,rna004_130bps_fast@v5.1.0,576,1.58072e+08,2661701120
NVIDIA H100 NVL,rna004_130bps_fast@v5.1.0,640,1.71071e+08,2848213504
NVIDIA H100 NVL,rna004_130bps_fast@v5.1.0,704,1.70293e+08,3013020672
NVIDIA H100 NVL,rna004_130bps_fast@v5.1.0,768,1.63261e+08,3189130240
NVIDIA H100 NVL,rna004_130bps_fast@v5.1.0,832,1.96048e+08,3363251200
NVIDIA H100 NVL,rna004_130bps_fast@v5.1.0,896,2.10901e+08,3543609344
NVIDIA H100 NVL,rna004_130bps_fast@v5.1.0,960,2.32148e+08,3714462720
NVIDIA H100 NVL,rna004_130bps_fast@v5.1.0,1024,2.31094e+08,3893839872
NVIDIA H100 NVL,rna004_130bps_fast@v5.1.0,1088,2.15841e+08,4068179456
NVIDIA H100 NVL,rna004_130bps_fast@v5.1.0,1152,2.26124e+08,4244070400
NVIDIA H100 NVL,rna004_130bps_fast@v5.1.0,1216,2.31253e+08,4422331392
NVIDIA H100 NVL,rna004_130bps_fast@v5.1.0,1280,2.33271e+08,4593511424
NVIDIA H100 NVL,rna004_130bps_fast@v5.1.0,1344,2.3953e+08,4772184576
NVIDIA H100 NVL,rna004_130bps_fast@v5.1.0,1408,2.45207e+08,4949628416
NVIDIA H100 NVL,rna004_130bps_fast@v5.1.0,1472,2.47733e+08,5127430144
NVIDIA H100 NVL,rna004_130bps_fast@v5.1.0,1536,2.52175e+08,5300611072
NVIDIA H100 NVL,rna004_130bps_fast@v5.1.0,1600,2.47469e+08,5477766656
NVIDIA H100 NVL,rna004_130bps_fast@v5.1.0,1664,2.50394e+08,5652019712
NVIDIA H100 NVL,rna004_130bps_fast@v5.1.0,1728,2.50356e+08,5831642112
NVIDIA H100 NVL,rna004_130bps_fast@v5.1.0,1792,2.57671e+08,6006241280
NVIDIA H100 NVL,rna004_130bps_fast@v5.1.0,1856,2.6028e+08,6181251584
NVIDIA H100 NVL,rna004_130bps_fast@v5.1.0,1920,2.65443e+08,6394998272
NVIDIA H100 NVL,rna004_130bps_fast@v5.1.0,1984,2.66266e+08,6531424256
NVIDIA H100 NVL,rna004_130bps_fast@v5.1.0,2048,2.70857e+08,6707972096
NVIDIA H100 NVL,rna004_130bps_fast@v5.1.0,2112,2.75747e+08,6884736512
NVIDIA H100 NVL,rna004_130bps_fast@v5.1.0,2176,2.62391e+08,7060083200
NVIDIA H100 NVL,rna004_130bps_fast@v5.1.0,2240,2.65678e+08,7236375552
NVIDIA H100 NVL,rna004_130bps_fast@v5.1.0,2304,2.68236e+08,7412066304
NVIDIA H100 NVL,rna004_130bps_fast@v5.1.0,2368,2.70202e+08,7586596352
NVIDIA H100 NVL,rna004_130bps_fast@v5.1.0,2432,2.73179e+08,7765753344
NVIDIA H100 NVL,rna004_130bps_fast@v5.1.0,2496,2.80566e+08,7939908608
NVIDIA H100 NVL,rna004_130bps_fast@v5.1.0,2560,2.84244e+08,8114743296
NVIDIA H100 NVL,rna004_130bps_fast@v5.1.0,2624,2.83362e+08,8350395904
NVIDIA H100 NVL,rna004_130bps_fast@v5.1.0,2688,2.7641e+08,8466254336
NVIDIA H100 NVL,rna004_130bps_fast@v5.1.0,2752,2.77119e+08,8646069248
NVIDIA H100 NVL,rna004_130bps_fast@v5.1.0,2816,2.77775e+08,8818276352
NVIDIA H100 NVL,rna004_130bps_fast@v5.1.0,2880,2.77324e+08,8995208192
NVIDIA H100 NVL,rna004_130bps_fast@v5.1.0,2944,2.83525e+08,9172635136
NVIDIA H100 NVL,rna004_130bps_fast@v5.1.0,3008,2.84049e+08,9347537920
NVIDIA H100 NVL,rna004_130bps_fast@v5.1.0,3072,2.85785e+08,9524791296
NVIDIA H100 NVL,rna004_130bps_fast@v5.1.0,3136,2.8945e+08,9698857984
NVIDIA H100 NVL,rna004_130bps_fast@v5.1.0,3200,2.74935e+08,9874022912
NVIDIA H100 NVL,rna004_130bps_fast@v5.1.0,3264,2.81647e+08,10051467264
NVIDIA H100 NVL,rna004_130bps_fast@v5.1.0,3328,2.81234e+08,10227349504
NVIDIA H100 NVL,rna004_130bps_fast@v5.1.0,3392,2.86011e+08,10403513344
NVIDIA H100 NVL,rna004_130bps_fast@v5.1.0,3456,2.87124e+08,10579677184
NVIDIA H100 NVL,rna004_130bps_fast@v5.1.0,3520,2.8344e+08,10754040832
NVIDIA H100 NVL,rna004_130bps_fast@v5.1.0,3584,2.8812e+08,10933069824
NVIDIA H100 NVL,rna004_130bps_fast@v5.1.0,3648,2.88176e+08,11179207680
NVIDIA H100 NVL,rna004_130bps_fast@v5.1.0,3712,2.83182e+08,11286429696
NVIDIA H100 NVL,rna004_130bps_fast@v5.1.0,3776,2.81746e+08,11462593536
NVIDIA H100 NVL,rna004_130bps_fast@v5.1.0,3840,2.87631e+08,11632465920
NVIDIA H100 NVL,rna004_130bps_fast@v5.1.0,3904,2.84625e+08,11891129344
NVIDIA H100 NVL,rna004_130bps_fast@v5.1.0,3968,2.88e+08,11984175104
NVIDIA H100 NVL,rna004_130bps_fast@v5.1.0,4032,2.83968e+08,12165151744
NVIDIA H100 NVL,rna004_130bps_fast@v5.1.0,4096,2.90547e+08,12339218432
NVIDIA H100 NVL,rna004_130bps_fast@v5.1.0,4160,2.92613e+08,12513285120
NVIDIA H100 NVL,rna004_130bps_fast@v5.1.0,4224,2.99365e+08,12691902464
NVIDIA H100 NVL,rna004_130bps_fast@v5.1.0,4288,2.76858e+08,12952720384
NVIDIA H100 NVL,rna004_130bps_fast@v5.1.0,4352,2.80467e+08,13041571840
NVIDIA H100 NVL,rna004_130bps_fast@v5.1.0,4416,2.84157e+08,13236814848
NVIDIA H100 NVL,rna004_130bps_fast@v5.1.0,4480,2.80177e+08,13412978688
NVIDIA H100 NVL,rna004_130bps_fast@v5.1.0,4544,2.88718e+08,13591239680
NVIDIA H100 NVL,rna004_130bps_fast@v5.1.0,4608,2.87092e+08,13763209216
NVIDIA H100 NVL,rna004_130bps_fast@v5.1.0,4672,2.84518e+08,13941470208
NVIDIA H100 NVL,rna004_130bps_fast@v5.1.0,4736,2.88717e+08,14119731200
NVIDIA H100 NVL,rna004_130bps_fast@v5.1.0,4800,2.83505e+08,14291700736
NVIDIA H100 NVL,rna004_130bps_fast@v5.1.0,4864,2.82463e+08,14451087360
NVIDIA H100 NVL,rna004_130bps_fast@v5.1.0,4928,2.87373e+08,14644028416
NVIDIA H100 NVL,rna004_130bps_fast@v5.1.0,4992,2.92304e+08,14824386560
NVIDIA H100 NVL,rna004_130bps_fast@v5.1.0,5056,2.86805e+08,14979578880
NVIDIA H100 NVL,rna004_130bps_fast@v5.1.0,5120,2.90697e+08,15151548416
NVIDIA H100 NVL,rna004_130bps_fast@v5.1.0,5184,2.95609e+08,15329809408
NVIDIA H100 NVL,rna004_130bps_fast@v5.1.0,5248,2.96354e+08,15510167552
NVIDIA H100 NVL,rna004_130bps_fast@v5.1.0,5312,2.90923e+08,15684234240
NVIDIA H100 NVL,rna004_130bps_fast@v5.1.0,5376,2.8118e+08,15858300928
NVIDIA H100 NVL,rna004_130bps_fast@v5.1.0,5440,2.85724e+08,16032367616
NVIDIA H100 NVL,rna004_130bps_fast@v5.1.0,5504,2.89787e+08,16210628608
NVIDIA H100 NVL,rna004_130bps_fast@v5.1.0,5568,2.92848e+08,16386792448
NVIDIA H100 NVL,rna004_130bps_fast@v5.1.0,5632,2.85461e+08,16562956288
NVIDIA H100 NVL,rna004_130bps_fast@v5.1.0,5696,2.87576e+08,16737022976
NVIDIA H100 NVL,rna004_130bps_fast@v5.1.0,5760,2.92139e+08,16911089664
NVIDIA H100 NVL,rna004_130bps_fast@v5.1.0,5824,2.84182e+08,17089350656
NVIDIA H100 NVL,rna004_130bps_fast@v5.1.0,5888,2.77393e+08,17265514496
NVIDIA H100 NVL,rna004_130bps_fast@v5.1.0,5952,2.90791e+08,17441678336
NVIDIA H100 NVL,rna004_130bps_fast@v5.1.0,6016,2.95176e+08,17617842176
NVIDIA H100 NVL,rna004_130bps_fast@v5.1.0,6080,2.87475e+08,17791908864
NVIDIA H100 NVL,rna004_130bps_fast@v5.1.0,6144,2.90877e+08,17968072704
NVIDIA H100 NVL,rna004_130bps_fast@v5.1.0,6208,2.91211e+08,18144236544
NVIDIA H100 NVL,rna004_130bps_fast@v5.1.0,6272,2.93906e+08,18318303232
NVIDIA H100 NVL,rna004_130bps_fast@v5.1.0,6336,2.98099e+08,18498661376
NVIDIA H100 NVL,rna004_130bps_fast@v5.1.0,6400,2.89177e+08,18674825216
NVIDIA H100 NVL,rna004_130bps_fast@v5.1.0,6464,2.92439e+08,18846794752
NVIDIA H100 NVL,rna004_130bps_fast@v5.1.0,6528,2.9185e+08,19022958592
NVIDIA H100 NVL,rna004_130bps_fast@v5.1.0,6592,2.95228e+08,19199122432
NVIDIA H100 NVL,rna004_130bps_fast@v5.1.0,6656,2.90803e+08,19377383424
NVIDIA H100 NVL,rna004_130bps_fast@v5.1.0,6720,2.91547e+08,19555644416
NVIDIA H100 NVL,rna004_130bps_fast@v5.1.0,6784,2.89399e+08,19725516800
NVIDIA H100 NVL,rna004_130bps_fast@v5.1.0,6848,2.93557e+08,19905874944
NVIDIA H100 NVL,rna004_130bps_fast@v5.1.0,6912,2.83664e+08,20077844480
NVIDIA H100 NVL,rna004_130bps_fast@v5.1.0,6976,2.85356e+08,20251911168
NVIDIA H100 NVL,rna004_130bps_fast@v5.1.0,7040,2.85329e+08,20434366464
NVIDIA H100 NVL,rna004_130bps_fast@v5.1.0,7104,2.91073e+08,20606336000
NVIDIA H100 NVL,rna004_130bps_fast@v5.1.0,7168,2.95286e+08,20784596992
NVIDIA H100 NVL,rna004_130bps_fast@v5.1.0,7232,2.9604e+08,20956566528
NVIDIA H100 NVL,rna004_130bps_fast@v5.1.0,7296,2.96281e+08,21132730368
NVIDIA H100 NVL,rna004_130bps_fast@v5.1.0,7360,2.85839e+08,21315185664
NVIDIA H100 NVL,rna004_130bps_fast@v5.1.0,7424,2.88111e+08,21487155200
NVIDIA H100 NVL,rna004_130bps_fast@v5.1.0,7488,2.90127e+08,21663319040
NVIDIA H100 NVL,rna004_130bps_fast@v5.1.0,7552,2.9551e+08,21841580032
NVIDIA H100 NVL,rna004_130bps_fast@v5.1.0,7616,2.85496e+08,22013549568
NVIDIA H100 NVL,rna004_130bps_fast@v5.1.0,7680,2.84968e+08,22189713408
NVIDIA H100 NVL,rna004_130bps_fast@v5.1.0,7744,2.88337e+08,22365877248
NVIDIA H100 NVL,rna004_130bps_fast@v5.1.0,7808,2.8694e+08,22542041088
NVIDIA H100 NVL,rna004_130bps_fast@v5.1.0,7872,2.93478e+08,22722399232
NVIDIA H100 NVL,rna004_130bps_fast@v5.1.0,7936,2.95556e+08,22892271616
NVIDIA H100 NVL,rna004_130bps_fast@v5.1.0,8000,2.96555e+08,23070532608
NVIDIA H100 NVL,rna004_130bps_fast@v5.1.0,8064,2.86648e+08,23244599296
NVIDIA H100 NVL,rna004_130bps_fast@v5.1.0,8128,2.87228e+08,23424957440
NVIDIA H100 NVL,rna004_130bps_fast@v5.1.0,8192,2.88683e+08,23599024128
NVIDIA H100 NVL,rna004_130bps_fast@v5.1.0,8256,2.89309e+08,23770993664
NVIDIA H100 NVL,rna004_130bps_fast@v5.1.0,8320,2.90334e+08,23915700224
NVIDIA H100 NVL,rna004_130bps_fast@v5.1.0,8384,2.92763e+08,24052018176
NVIDIA H100 NVL,rna004_130bps_fast@v5.1.0,8448,2.97747e+08,24203016192
NVIDIA H100 NVL,rna004_130bps_fast@v5.1.0,8512,2.84393e+08,24343528448
NVIDIA H100 NVL,rna004_130bps_fast@v5.1.0,8576,2.86571e+08,24484040704
NVIDIA H100 NVL,rna004_130bps_fast@v5.1.0,8640,2.86366e+08,24626650112
NVIDIA H100 NVL,rna004_130bps_fast@v5.1.0,8704,2.89546e+08,24771356672
NVIDIA H100 NVL,rna004_130bps_fast@v5.1.0,8768,2.90171e+08,24913966080
NVIDIA H100 NVL,rna004_130bps_fast@v5.1.0,8832,2.91808e+08,25054478336
NVIDIA H100 NVL,rna004_130bps_fast@v5.1.0,8896,2.93315e+08,25194990592
NVIDIA H100 NVL,rna004_130bps_fast@v5.1.0,8960,2.81868e+08,25339697152
NVIDIA H100 NVL,rna004_130bps_fast@v5.1.0,9024,2.82248e+08,25482306560
NVIDIA H100 NVL,rna004_130bps_fast@v5.1.0,9088,2.83484e+08,25624915968
NVIDIA H100 NVL,rna004_130bps_fast@v5.1.0,9152,2.85625e+08,25767525376
NVIDIA H100 NVL,rna004_130bps_fast@v5.1.0,9216,2.8716e+08,25908037632
NVIDIA H100 NVL,rna004_130bps_fast@v5.1.0,9280,2.90715e+08,26052744192
NVIDIA H100 NVL,rna004_130bps_fast@v5.1.0,9344,2.92e+08,26193256448
NVIDIA H100 NVL,rna004_130bps_fast@v5.1.0,9408,2.77817e+08,26333768704
NVIDIA H100 NVL,rna004_130bps_fast@v5.1.0,9472,2.96064e+08,26480572416
NVIDIA H100 NVL,rna004_130bps_fast@v5.1.0,9536,2.81217e+08,26618987520
NVIDIA H100 NVL,rna004_130bps_fast@v5.1.0,9600,2.83211e+08,26763694080
NVIDIA H100 NVL,rna004_130bps_fast@v5.1.0,9664,2.8237e+08,26904206336
NVIDIA H100 NVL,rna004_130bps_fast@v5.1.0,9728,2.86602e+08,27046815744
NVIDIA H100 NVL,rna004_130bps_fast@v5.1.0,9792,2.86248e+08,27191522304
NVIDIA H100 NVL,rna004_130bps_fast@v5.1.0,9856,2.87547e+08,27332034560
NVIDIA H100 NVL,rna004_130bps_fast@v5.1.0,9920,2.88378e+08,27474643968
NVIDIA H100 NVL,rna004_130bps_fast@v5.1.0,9984,2.92234e+08,27619350528
NVIDIA H100 NVL,rna004_130bps_fast@v5.1.0,10048,2.72896e+08,27757765632
NVIDIA H100 NVL,rna004_130bps_fast@v5.1.0,10112,2.78767e+08,27898277888
NVIDIA H100 NVL,rna004_130bps_fast@v5.1.0,10176,2.77855e+08,28047178752
NVIDIA H100 NVL,rna004_130bps_fast@v5.1.0,10240,2.61675e+08,28185593856
NVIDIA H100 NVL,rna004_130bps_fast@v5.2.0,64,2.17333e+07,1274210304
NVIDIA H100 NVL,rna004_130bps_fast@v5.2.0,128,4.21458e+07,1468894208
NVIDIA H100 NVL,rna004_130bps_fast@v5.2.0,192,6.17295e+07,1667772928
NVIDIA H100 NVL,rna004_130bps_fast@v5.2.0,256,8.09823e+07,1862456832
NVIDIA H100 NVL,rna004_130bps_fast@v5.2.0,320,9.64532e+07,2059238400
NVIDIA H100 NVL,rna004_130bps_fast@v5.2.0,384,1.1441e+08,2256019456
NVIDIA H100 NVL,rna004_130bps_fast@v5.2.0,448,1.2906e+08,2452801024
NVIDIA H100 NVL,rna004_130bps_fast@v5.2.0,512,1.45501e+08,2647484928
NVIDIA H100 NVL,rna004_130bps_fast@v5.2.0,576,1.43285e+08,2846363648
NVIDIA H100 NVL,rna004_130bps_fast@v5.2.0,640,1.57804e+08,3041047552
NVIDIA H100 NVL,rna004_130bps_fast@v5.2.0,704,1.67593e+08,3237529088
NVIDIA H100 NVL,rna004_130bps_fast@v5.2.0,768,1.76827e+08,3434610176
NVIDIA H100 NVL,rna004_130bps_fast@v5.2.0,832,1.81697e+08,3629702656
NVIDIA H100 NVL,rna004_130bps_fast@v5.2.0,896,1.90471e+08,3831032320
NVIDIA H100 NVL,rna004_130bps_fast@v5.2.0,960,1.95928e+08,4022857216
NVIDIA H100 NVL,rna004_130bps_fast@v5.2.0,1024,2.01336e+08,4221108736
NVIDIA H100 NVL,rna004_130bps_fast@v5.2.0,1088,1.93939e+08,4416419840
NVIDIA H100 NVL,rna004_130bps_fast@v5.2.0,1152,2.00862e+08,4613282304
NVIDIA H100 NVL,rna004_130bps_fast@v5.2.0,1216,2.02268e+08,4810417664
NVIDIA H100 NVL,rna004_130bps_fast@v5.2.0,1280,2.08152e+08,5004666368
NVIDIA H100 NVL,rna004_130bps_fast@v5.2.0,1344,2.13129e+08,5202213888
NVIDIA H100 NVL,rna004_130bps_fast@v5.2.0,1408,2.17583e+08,5398532096
NVIDIA H100 NVL,rna004_130bps_fast@v5.2.0,1472,2.22111e+08,5599402496
NVIDIA H100 NVL,rna004_130bps_fast@v5.2.0,1536,2.27551e+08,5791457792
NVIDIA H100 NVL,rna004_130bps_fast@v5.2.0,1600,2.15427e+08,5989584896
NVIDIA H100 NVL,rna004_130bps_fast@v5.2.0,1664,2.20448e+08,6184809472
NVIDIA H100 NVL,rna004_130bps_fast@v5.2.0,1728,2.25973e+08,6383306240
NVIDIA H100 NVL,rna004_130bps_fast@v5.2.0,1792,2.29582e+08,6580974080
NVIDIA H100 NVL,rna004_130bps_fast@v5.2.0,1856,2.3186e+08,6774858752
NVIDIA H100 NVL,rna004_130bps_fast@v5.2.0,1920,2.35694e+08,6971176960
NVIDIA H100 NVL,rna004_130bps_fast@v5.2.0,1984,2.38984e+08,7166974464
NVIDIA H100 NVL,rna004_130bps_fast@v5.2.0,2048,2.4408e+08,7364493824
NVIDIA H100 NVL,rna004_130bps_fast@v5.2.0,2112,2.46558e+08,7560132608
NVIDIA H100 NVL,rna004_130bps_fast@v5.2.0,2176,2.32082e+08,7756450816
NVIDIA H100 NVL,rna004_130bps_fast@v5.2.0,2240,2.38817e+08,7953714688
NVIDIA H100 NVL,rna004_130bps_fast@v5.2.0,2304,2.41313e+08,8148279808
NVIDIA H100 NVL,rna004_130bps_fast@v5.2.0,2368,2.4366e+08,8345878528
NVIDIA H100 NVL,rna004_130bps_fast@v5.2.0,2432,2.45033e+08,8543909888
NVIDIA H100 NVL,rna004_130bps_fast@v5.2.0,2496,2.46551e+08,8739036672
NVIDIA H100 NVL,rna004_130bps_fast@v5.2.0,2560,2.48121e+08,8986042880
NVIDIA H100 NVL,rna004_130bps_fast@v5.2.0,2624,2.49793e+08,9134843904
NVIDIA H100 NVL,rna004_130bps_fast@v5.2.0,2688,2.38406e+08,9328296960
NVIDIA H100 NVL,rna004_130bps_fast@v5.2.0,2752,2.45028e+08,9526986240
NVIDIA H100 NVL,rna004_130bps_fast@v5.2.0,2816,2.44368e+08,9718067712
NVIDIA H100 NVL,rna004_130bps_fast@v5.2.0,2880,2.50672e+08,9976788480
NVIDIA H100 NVL,rna004_130bps_fast@v5.2.0,2944,2.50096e+08,10114369536
NVIDIA H100 NVL,rna004_130bps_fast@v5.2.0,3008,2.49195e+08,10310243840
NVIDIA H100 NVL,rna004_130bps_fast@v5.2.0,3072,2.48861e+08,10508468736
NVIDIA H100 NVL,rna004_130bps_fast@v5.2.0,3136,2.52981e+08,10701409792
NVIDIA H100 NVL,rna004_130bps_fast@v5.2.0,3200,2.39755e+08,10897546240
NVIDIA H100 NVL,rna004_130bps_fast@v5.2.0,3264,2.45227e+08,11163070976
NVIDIA H100 NVL,rna004_130bps_fast@v5.2.0,3328,2.49108e+08,11292815872
NVIDIA H100 NVL,rna004_130bps_fast@v5.2.0,3392,2.48052e+08,11489951232
NVIDIA H100 NVL,rna004_130bps_fast@v5.2.0,3456,2.5269e+08,11684989440
NVIDIA H100 NVL,rna004_130bps_fast@v5.2.0,3520,2.49524e+08,11880324608
NVIDIA H100 NVL,rna004_130bps_fast@v5.2.0,3584,2.54885e+08,12080325120
NVIDIA H100 NVL,rna004_130bps_fast@v5.2.0,3648,2.52629e+08,12271937024
NVIDIA H100 NVL,rna004_130bps_fast@v5.2.0,3712,2.48316e+08,12473530880
NVIDIA H100 NVL,rna004_130bps_fast@v5.2.0,3776,2.45381e+08,12750358016
NVIDIA H100 NVL,rna004_130bps_fast@v5.2.0,3840,2.49807e+08,12861510144
NVIDIA H100 NVL,rna004_130bps_fast@v5.2.0,3904,2.53087e+08,13059356160
NVIDIA H100 NVL,rna004_130bps_fast@v5.2.0,3968,2.50255e+08,13255162368
NVIDIA H100 NVL,rna004_130bps_fast@v5.2.0,4032,2.54054e+08,13455013376
NVIDIA H100 NVL,rna004_130bps_fast@v5.2.0,4096,2.49512e+08,13650051584
NVIDIA H100 NVL,rna004_130bps_fast@v5.2.0,4160,2.53196e+08,13845089792
NVIDIA H100 NVL,rna004_130bps_fast@v5.2.0,4224,2.55959e+08,14042581504
NVIDIA H100 NVL,rna004_130bps_fast@v5.2.0,4288,2.43839e+08,14238387712
NVIDIA H100 NVL,rna004_130bps_fast@v5.2.0,4352,2.47287e+08,14434193920
NVIDIA H100 NVL,rna004_130bps_fast@v5.2.0,4416,2.44418e+08,14650408448
NVIDIA H100 NVL,rna004_130bps_fast@v5.2.0,4480,2.47281e+08,14847543808
NVIDIA H100 NVL,rna004_130bps_fast@v5.2.0,4544,2.49291e+08,15044679168
NVIDIA H100 NVL,rna004_130bps_fast@v5.2.0,4608,2.52063e+08,15237620224
NVIDIA H100 NVL,rna004_130bps_fast@v5.2.0,4672,2.46962e+08,15436852736
NVIDIA H100 NVL,rna004_130bps_fast@v5.2.0,4736,2.52505e+08,15636085248
NVIDIA H100 NVL,rna004_130bps_fast@v5.2.0,4800,2.45069e+08,15826929152
NVIDIA H100 NVL,rna004_130bps_fast@v5.2.0,4864,2.47608e+08,16007287296
NVIDIA H100 NVL,rna004_130bps_fast@v5.2.0,4928,2.50794e+08,16221199872
NVIDIA H100 NVL,rna004_130bps_fast@v5.2.0,4992,2.55361e+08,16422529536
NVIDIA H100 NVL,rna004_130bps_fast@v5.2.0,5056,2.47291e+08,16703550976
NVIDIA H100 NVL,rna004_130bps_fast@v5.2.0,5120,2.5262e+08,16789537280
NVIDIA H100 NVL,rna004_130bps_fast@v5.2.0,5184,2.53903e+08,16988769792
NVIDIA H100 NVL,rna004_130bps_fast@v5.2.0,5248,2.5835e+08,17190099456
NVIDIA H100 NVL,rna004_130bps_fast@v5.2.0,5312,2.49071e+08,17383040512
NVIDIA H100 NVL,rna004_130bps_fast@v5.2.0,5376,2.53296e+08,17580175872
NVIDIA H100 NVL,rna004_130bps_fast@v5.2.0,5440,2.54928e+08,17773116928
NVIDIA H100 NVL,rna004_130bps_fast@v5.2.0,5504,2.6e+08,17970252288
NVIDIA H100 NVL,rna004_130bps_fast@v5.2.0,5568,2.52708e+08,18169484800
NVIDIA H100 NVL,rna004_130bps_fast@v5.2.0,5632,2.55351e+08,18364523008
NVIDIA H100 NVL,rna004_130bps_fast@v5.2.0,5696,2.57017e+08,18559561216
NVIDIA H100 NVL,rna004_130bps_fast@v5.2.0,5760,2.60995e+08,18754599424
NVIDIA H100 NVL,rna004_130bps_fast@v5.2.0,5824,2.50856e+08,18951734784
NVIDIA H100 NVL,rna004_130bps_fast@v5.2.0,5888,2.49286e+08,19150967296
NVIDIA H100 NVL,rna004_130bps_fast@v5.2.0,5952,2.56294e+08,19346005504
NVIDIA H100 NVL,rna004_130bps_fast@v5.2.0,6016,2.58403e+08,19543140864
NVIDIA H100 NVL,rna004_130bps_fast@v5.2.0,6080,2.49435e+08,19738179072
NVIDIA H100 NVL,rna004_130bps_fast@v5.2.0,6144,2.51355e+08,19935314432
NVIDIA H100 NVL,rna004_130bps_fast@v5.2.0,6208,2.54392e+08,20130352640
NVIDIA H100 NVL,rna004_130bps_fast@v5.2.0,6272,2.56711e+08,20325390848
NVIDIA H100 NVL,rna004_130bps_fast@v5.2.0,6336,2.58893e+08,20526720512
NVIDIA H100 NVL,rna004_130bps_fast@v5.2.0,6400,2.51932e+08,20721758720
NVIDIA H100 NVL,rna004_130bps_fast@v5.2.0,6464,2.54969e+08,20916796928
NVIDIA H100 NVL,rna004_130bps_fast@v5.2.0,6528,2.57192e+08,21111835136
NVIDIA H100 NVL,rna004_130bps_fast@v5.2.0,6592,2.59379e+08,21308970496
NVIDIA H100 NVL,rna004_130bps_fast@v5.2.0,6656,2.59973e+08,21508203008
NVIDIA H100 NVL,rna004_130bps_fast@v5.2.0,6720,2.62015e+08,21705338368
NVIDIA H100 NVL,rna004_130bps_fast@v5.2.0,6784,2.52956e+08,21898279424
NVIDIA H100 NVL,rna004_130bps_fast@v5.2.0,6848,2.53022e+08,22097511936
NVIDIA H100 NVL,rna004_130bps_fast@v5.2.0,6912,2.57702e+08,22288355840
NVIDIA H100 NVL,rna004_130bps_fast@v5.2.0,6976,2.56982e+08,22485491200
NVIDIA H100 NVL,rna004_130bps_fast@v5.2.0,7040,2.60945e+08,22686820864
NVIDIA H100 NVL,rna004_130bps_fast@v5.2.0,7104,2.53254e+08,22879761920
NVIDIA H100 NVL,rna004_130bps_fast@v5.2.0,7168,2.50616e+08,23078994432
NVIDIA H100 NVL,rna004_130bps_fast@v5.2.0,7232,2.55829e+08,23269838336
NVIDIA H100 NVL,rna004_130bps_fast@v5.2.0,7296,2.56466e+08,23466973696
NVIDIA H100 NVL,rna004_130bps_fast@v5.2.0,7360,2.58045e+08,23670400512
NVIDIA H100 NVL,rna004_130bps_fast@v5.2.0,7424,2.4766e+08,23863341568
NVIDIA H100 NVL,rna004_130bps_fast@v5.2.0,7488,2.47389e+08,24060476928
NVIDIA H100 NVL,rna004_130bps_fast@v5.2.0,7552,2.51297e+08,24257612288
NVIDIA H100 NVL,rna004_130bps_fast@v5.2.0,7616,2.52533e+08,24450553344
NVIDIA H100 NVL,rna004_130bps_fast@v5.2.0,7680,2.56656e+08,24647688704
NVIDIA H100 NVL,rna004_130bps_fast@v5.2.0,7744,2.58641e+08,24844824064
NVIDIA H100 NVL,rna004_130bps_fast@v5.2.0,7808,2.57376e+08,25039862272
NVIDIA H100 NVL,rna004_130bps_fast@v5.2.0,7872,2.46614e+08,25241191936
NVIDIA H100 NVL,rna004_130bps_fast@v5.2.0,7936,2.48374e+08,25432035840
NVIDIA H100 NVL,rna004_130bps_fast@v5.2.0,8000,2.49171e+08,25629171200
NVIDIA H100 NVL,rna004_130bps_fast@v5.2.0,8064,2.52477e+08,25826306560
NVIDIA H100 NVL,rna004_130bps_fast@v5.2.0,8128,2.51814e+08,26025539072
NVIDIA H100 NVL,rna004_130bps_fast@v5.2.0,8192,2.54402e+08,26220577280
NVIDIA H100 NVL,rna004_130bps_fast@v5.2.0,8256,2.57479e+08,26413518336
NVIDIA H100 NVL,rna004_130bps_fast@v5.2.0,8320,2.43058e+08,26577099264
NVIDIA H100 NVL,rna004_130bps_fast@v5.2.0,8384,2.47419e+08,26736485888
NVIDIA H100 NVL,rna004_130bps_fast@v5.2.0,8448,2.50685e+08,26906358272
NVIDIA H100 NVL,rna004_130bps_fast@v5.2.0,8512,2.51451e+08,27067842048
NVIDIA H100 NVL,rna004_130bps_fast@v5.2.0,8576,2.52181e+08,27229325824
NVIDIA H100 NVL,rna004_130bps_fast@v5.2.0,8640,2.53575e+08,27390809600
NVIDIA H100 NVL,rna004_130bps_fast@v5.2.0,8704,2.53802e+08,27556487680
NVIDIA H100 NVL,rna004_130bps_fast@v5.2.0,8768,2.42588e+08,27720068608
NVIDIA H100 NVL,rna004_130bps_fast@v5.2.0,8832,2.39051e+08,27881552384
NVIDIA H100 NVL,rna004_130bps_fast@v5.2.0,8896,2.42971e+08,28040939008
NVIDIA H100 NVL,rna004_130bps_fast@v5.2.0,8960,2.43968e+08,28206617088
NVIDIA H100 NVL,rna004_130bps_fast@v5.2.0,9024,2.41294e+08,28370198016
NVIDIA H100 NVL,rna004_130bps_fast@v5.2.0,9088,2.48751e+08,28533778944
NVIDIA H100 NVL,rna004_130bps_fast@v5.2.0,9152,2.51573e+08,28697359872
NVIDIA H100 NVL,rna004_130bps_fast@v5.2.0,9216,2.49268e+08,28856746496
NVIDIA H100 NVL,rna004_130bps_fast@v5.2.0,9280,2.54205e+08,29022424576
NVIDIA H100 NVL,rna004_130bps_fast@v5.2.0,9344,2.56988e+08,29183908352
NVIDIA H100 NVL,rna004_130bps_fast@v5.2.0,9408,2.43252e+08,29343294976
NVIDIA H100 NVL,rna004_130bps_fast@v5.2.0,9472,2.42543e+08,29513167360
NVIDIA H100 NVL,rna004_130bps_fast@v5.2.0,9536,2.45469e+08,29670456832
NVIDIA H100 NVL,rna004_130bps_fast@v5.2.0,9600,2.44852e+08,29834037760
NVIDIA H100 NVL,rna004_130bps_fast@v5.2.0,9664,2.47929e+08,29997618688
NVIDIA H100 NVL,rna004_130bps_fast@v5.2.0,9728,2.46872e+08,30159102464
NVIDIA H100 NVL,rna004_130bps_fast@v5.2.0,9792,2.4194e+08,30324780544
NVIDIA H100 NVL,rna004_130bps_fast@v5.2.0,9856,2.48792e+08,30486264320
NVIDIA H100 NVL,rna004_130bps_fast@v5.2.0,9920,2.52449e+08,30647748096
NVIDIA H100 NVL,rna004_130bps_fast@v5.2.0,9984,2.53377e+08,30815523328
NVIDIA H100 NVL,rna004_130bps_fast@v5.2.0,10048,2.37937e+08,30972812800
NVIDIA H100 NVL,rna004_130bps_fast@v5.2.0,10112,2.41407e+08,31134296576
NVIDIA H100 NVL,rna004_130bps_fast@v5.2.0,10176,2.51878e+08,31304168960
NVIDIA H100 NVL,rna004_130bps_fast@v5.2.0,10240,2.47375e+08,31463555584
NVIDIA H100 NVL,rna004_130bps_hac@v5.1.0,64,4.9668e+06,490033664
NVIDIA H100 NVL,rna004_130bps_hac@v5.1.0,128,9.02288e+06,958135296
NVIDIA H100 NVL,rna004_130bps_hac@v5.1.0,192,1.33702e+07,1426147840
NVIDIA H100 NVL,rna004_130bps_hac@v5.1.0,256,1.75785e+07,1894331392
NVIDIA H100 NVL,rna004_130bps_hac@v5.1.0,320,2.19566e+07,2361454592
NVIDIA H100 NVL,rna004_130bps_hac@v5.1.0,384,2.55743e+07,2836215296
NVIDIA H100 NVL,rna004_130bps_hac@v5.1.0,448,2.9828e+07,3297442304
NVIDIA H100 NVL,rna004_130bps_hac@v5.1.0,512,3.35133e+07,3774123520
NVIDIA H100 NVL,rna004_130bps_hac@v5.1.0,576,3.76969e+07,4243659264
NVIDIA H100 NVL,rna004_130bps_hac@v5.1.0,640,4.12563e+07,4711619584
NVIDIA H100 NVL,rna004_130bps_hac@v5.1.0,704,4.53389e+07,5166635008
NVIDIA H100 NVL,rna004_130bps_hac@v5.1.0,768,4.8643e+07,5637910528
NVIDIA H100 NVL,rna004_130bps_hac@v5.1.0,832,5.18758e+07,6118943232
NVIDIA H100 NVL,rna004_130bps_hac@v5.1.0,896,5.57614e+07,6595776000
NVIDIA H100 NVL,rna004_130bps_hac@v5.1.0,960,5.88365e+07,7054804480
NVIDIA H100 NVL,rna004_130bps_hac@v5.1.0,1024,6.25518e+07,7526119424
NVIDIA H100 NVL,rna004_130bps_hac@v5.1.0,1088,6.43866e+07,7991556608
NVIDIA H100 NVL,rna004_130bps_hac@v5.1.0,1152,6.70818e+07,8463849984
NVIDIA H100 NVL,rna004_130bps_hac@v5.1.0,1216,7.07025e+07,8935308288
NVIDIA H100 NVL,rna004_130bps_hac@v5.1.0,1280,7.30903e+07,9400657408
NVIDIA H100 NVL,rna004_130bps_hac@v5.1.0,1344,7.67588e+07,9877334528
NVIDIA H100 NVL,rna004_130bps_hac@v5.1.0,1408,7.90014e+07,10339536896
NVIDIA H100 NVL,rna004_130bps_hac@v5.1.0,1472,8.09925e+07,10814243328
NVIDIA H100 NVL,rna004_130bps_hac@v5.1.0,1536,8.2801e+07,11277430784
NVIDIA H100 NVL,rna004_130bps_hac@v5.1.0,1600,8.6584e+07,11749214720
NVIDIA H100 NVL,rna004_130bps_hac@v5.1.0,1664,8.99515e+07,12214353408
NVIDIA H100 NVL,rna004_130bps_hac@v5.1.0,1728,9.14018e+07,12690774016
NVIDIA H100 NVL,rna004_130bps_hac@v5.1.0,1792,9.4815e+07,13159079936
NVIDIA H100 NVL,rna004_130bps_hac@v5.1.0,1856,9.47715e+07,13634711552
NVIDIA H100 NVL,rna004_130bps_hac@v5.1.0,1920,9.78727e+07,14098488320
NVIDIA H100 NVL,rna004_130bps_hac@v5.1.0,1984,9.71058e+07,14564754432
NVIDIA H100 NVL,rna004_130bps_hac@v5.1.0,2048,9.99782e+07,15043468800
NVIDIA H100 NVL,rna004_130bps_hac@v5.1.0,2112,1.01255e+08,15508624896
NVIDIA H100 NVL,rna004_130bps_hac@v5.1.0,2176,1.01384e+08,15966608896
NVIDIA H100 NVL,rna004_130bps_hac@v5.1.0,2240,1.02665e+08,16445337088
NVIDIA H100 NVL,rna004_130bps_hac@v5.1.0,2304,1.03552e+08,16903565824
NVIDIA H100 NVL,rna004_130bps_hac@v5.1.0,2368,1.0405e+08,17383889920
NVIDIA H100 NVL,rna004_130bps_hac@v5.1.0,2432,1.06714e+08,17845708288
NVIDIA H100 NVL,rna004_130bps_hac@v5.1.0,2496,1.05809e+08,18322958336
NVIDIA H100 NVL,rna004_130bps_hac@v5.1.0,2560,1.07094e+08,18782906368
NVIDIA H100 NVL,rna004_130bps_hac@v5.1.0,2624,1.09888e+08,19254065152
NVIDIA H100 NVL,rna004_130bps_hac@v5.1.0,2688,1.10074e+08,19716253184
NVIDIA H100 NVL,rna004_130bps_hac@v5.1.0,2752,1.10161e+08,20133542400
NVIDIA H100 NVL,rna004_130bps_hac@v5.1.0,2816,1.12261e+08,20663943680
NVIDIA H100 NVL,rna004_130bps_hac@v5.1.0,2880,8.42214e+07,21147788288
NVIDIA H100 NVL,rna004_130bps_hac@v5.1.0,2944,8.31033e+07,21622087680
NVIDIA H100 NVL,rna004_130bps_hac@v5.1.0,3008,8.20653e+07,22064860672
NVIDIA H100 NVL,rna004_130bps_hac@v5.1.0,3072,8.30798e+07,22534237184
NVIDIA H100 NVL,rna004_130bps_hac@v5.1.0,3136,8.52563e+07,23008747008
NVIDIA H100 NVL,rna004_130bps_hac@v5.1.0,3200,8.32709e+07,23467155968
NVIDIA H100 NVL,rna004_130bps_hac@v5.1.0,3264,8.57573e+07,23940147712
NVIDIA H100 NVL,rna004_130bps_hac@v5.1.0,3328,8.71151e+07,24408245760
NVIDIA H100 NVL,rna004_130bps_hac@v5.1.0,3392,8.81029e+07,24897241088
NVIDIA H100 NVL,rna004_130bps_hac@v5.1.0,3456,9.05063e+07,25363220480
NVIDIA H100 NVL,rna004_130bps_hac@v5.1.0,3520,9.21764e+07,25822652928
NVIDIA H100 NVL,rna004_130bps_hac@v5.1.0,3584,8.99882e+07,26290216960
NVIDIA H100 NVL,rna004_130bps_hac@v5.1.0,3648,9.18565e+07,26748614144
NVIDIA H100 NVL,rna004_130bps_hac@v5.1.0,3712,9.33421e+07,27230939648
NVIDIA H100 NVL,rna004_130bps_hac@v5.1.0,3776,9.47866e+07,27719215104
NVIDIA H100 NVL,rna004_130bps_hac@v5.1.0,3840,9.62035e+07,28167003136
NVIDIA H100 NVL,rna004_130bps_hac@v5.1.0,3904,9.39161e+07,28625441280
NVIDIA H100 NVL,rna004_130bps_hac@v5.1.0,3968,9.56456e+07,29117176832
NVIDIA H100 NVL,rna004_130bps_hac@v5.1.0,4032,9.71022e+07,29575322112
NVIDIA H100 NVL,rna004_130bps_hac@v5.1.0,4096,9.76502e+07,30038729728
NVIDIA H100 NVL,rna004_130bps_hac@v5.1.0,4160,1.00225e+08,30500670464
NVIDIA H100 NVL,rna004_130bps_hac@v5.1.0,4224,1.01588e+08,30984219648
NVIDIA H100 NVL,rna004_130bps_hac@v5.1.0,4288,9.90592e+07,31442726912
NVIDIA H100 NVL,rna004_130bps_hac@v5.1.0,4352,1.00705e+08,31909047808
NVIDIA H100 NVL,rna004_130bps_hac@v5.1.0,4416,1.02117e+08,32403665920
NVIDIA H100 NVL,rna004_130bps_hac@v5.1.0,4480,1.03221e+08,32863404544
NVIDIA H100 NVL,rna004_130bps_hac@v5.1.0,4544,1.00574e+08,33341307904
NVIDIA H100 NVL,rna004_130bps_hac@v5.1.0,4608,1.01229e+08,33793788416
NVIDIA H100 NVL,rna004_130bps_hac@v5.1.0,4672,1.03028e+08,34253311488
NVIDIA H100 NVL,rna004_130bps_hac@v5.1.0,4736,1.04426e+08,34770443776
NVIDIA H100 NVL,rna004_130bps_hac@v5.1.0,4800,1.06232e+08,35194100224
NVIDIA H100 NVL,rna004_130bps_hac@v5.1.0,4864,1.02661e+08,35663496192
NVIDIA H100 NVL,rna004_130bps_hac@v5.1.0,4928,1.04073e+08,36129539072
NVIDIA H100 NVL,rna004_130bps_hac@v5.1.0,4992,1.05292e+08,36611616768
NVIDIA H100 NVL,rna004_130bps_hac@v5.1.0,5056,1.06826e+08,37079514624
NVIDIA H100 NVL,rna004_130bps_hac@v5.1.0,5120,1.0627e+08,37539126272
NVIDIA H100 NVL,rna004_130bps_hac@v5.1.0,5184,1.09673e+08,38025797120
NVIDIA H100 NVL,rna004_130bps_hac@v5.1.0,5248,1.10349e+08,38493874688
NVIDIA H100 NVL,rna004_130bps_hac@v5.1.0,5312,1.07148e+08,38958383104
NVIDIA H100 NVL,rna004_130bps_hac@v5.1.0,5376,1.07231e+08,39414282240
NVIDIA H100 NVL,rna004_130bps_hac@v5.1.0,5440,1.09162e+08,39893964800
NVIDIA H100 NVL,rna004_130bps_hac@v5.1.0,5504,1.05106e+08,40371898368
NVIDIA H100 NVL,rna004_130bps_hac@v5.1.0,5568,1.0981e+08,40833220608
NVIDIA H100 NVL,rna004_130bps_hac@v5.1.0,5632,1.06828e+08,41310844416
NVIDIA H100 NVL,rna004_130bps_hac@v5.1.0,5696,9.25722e+07,41758663680
NVIDIA H100 NVL,rna004_130bps_hac@v5.1.0,5760,9.31172e+07,42250908672
NVIDIA H100 NVL,rna004_130bps_hac@v5.1.0,5824,9.43531e+07,42743380992
NVIDIA H100 NVL,rna004_130bps_hac@v5.1.0,5888,9.52688e+07,43177236992
NVIDIA H100 NVL,rna004_130bps_hac@v5.1.0,5952,9.63574e+07,43634064384
NVIDIA H100 NVL,rna004_130bps_hac@v5.1.0,6016,9.17602e+07,44106142720
NVIDIA H100 NVL,rna004_130bps_hac@v5.1.0,6080,9.29734e+07,44578567680
NVIDIA H100 NVL,rna004_130bps_hac@v5.1.0,6144,9.26868e+07,45042709504
NVIDIA H100 NVL,rna004_130bps_hac@v5.1.0,6208,9.45857e+07,45505512448
NVIDIA H100 NVL,rna004_130bps_hac@v5.1.0,6272,9.57225e+07,45965336064
NVIDIA H100 NVL,rna004_130bps_hac@v5.1.0,6336,9.62907e+07,46450957824
NVIDIA H100 NVL,rna004_130bps_hac@v5.1.0,6400,9.7293e+07,46916358144
NVIDIA H100 NVL,rna004_130bps_hac@v5.1.0,6464,9.856e+07,47406093824
NVIDIA H100 NVL,rna004_130bps_hac@v5.1.0,6528,9.91514e+07,47898397184
NVIDIA H100 NVL,rna004_130bps_hac@v5.1.0,6592,1.00375e+08,48334200832
NVIDIA H100 NVL,rna004_130bps_hac@v5.1.0,6656,1.00058e+08,48821035008
NVIDIA H100 NVL,rna004_130bps_hac@v5.1.0,6720,1.01545e+08,49282896384
NVIDIA H100 NVL,rna004_130bps_hac@v5.1.0,6784,1.0083e+08,49730355200
NVIDIA H100 NVL,rna004_130bps_hac@v5.1.0,6848,9.7899e+07,50221874176
NVIDIA H100 NVL,rna004_130bps_hac@v5.1.0,6912,9.84348e+07,50671210496
NVIDIA H100 NVL,rna004_130bps_hac@v5.1.0,6976,9.92786e+07,51139006976
NVIDIA H100 NVL,rna004_130bps_hac@v5.1.0,7040,1.00494e+08,51604241408
NVIDIA H100 NVL,rna004_130bps_hac@v5.1.0,7104,1.00771e+08,52078958080
NVIDIA H100 NVL,rna004_130bps_hac@v5.1.0,7168,1.002e+08,52546200576
NVIDIA H100 NVL,rna004_130bps_hac@v5.1.0,7232,1.02779e+08,53006189568
NVIDIA H100 NVL,rna004_130bps_hac@v5.1.0,7296,1.03887e+08,53469782528
NVIDIA H100 NVL,rna004_130bps_hac@v5.1.0,7360,1.03693e+08,53968311296
NVIDIA H100 NVL,rna004_130bps_hac@v5.1.0,7424,1.04787e+08,54485525504
NVIDIA H100 NVL,rna004_130bps_hac@v5.1.0,7488,1.0578e+08,54921621504
NVIDIA H100 NVL,rna004_130bps_hac@v5.1.0,7552,1.05152e+08,55385061888
NVIDIA H100 NVL,rna004_130bps_hac@v5.1.0,7616,1.06981e+08,55832116736
NVIDIA H100 NVL,rna004_130bps_hac@v5.1.0,7680,1.00836e+08,56295614464
NVIDIA H100 NVL,rna004_130bps_hac@v5.1.0,7744,1.02425e+08,56758751744
NVIDIA H100 NVL,rna004_130bps_hac@v5.1.0,7808,1.02845e+08,57054458880
NVIDIA H100 NVL,rna004_130bps_hac@v5.1.0,7872,1.03878e+08,57714124800
NVIDIA H100 NVL,rna004_130bps_hac@v5.1.0,7936,1.03804e+08,58176192000
NVIDIA H100 NVL,rna004_130bps_hac@v5.1.0,8000,1.05527e+08,58641859072
NVIDIA H100 NVL,rna004_130bps_hac@v5.1.0,8064,1.06337e+08,59106268672
NVIDIA H100 NVL,rna004_130bps_hac@v5.1.0,8128,1.07458e+08,59582551552
NVIDIA H100 NVL,rna004_130bps_hac@v5.1.0,8192,1.02835e+08,60056397824
NVIDIA H100 NVL,rna004_130bps_hac@v5.1.0,8256,1.0907e+08,60511323648
NVIDIA H100 NVL,rna004_130bps_hac@v5.1.0,8320,1.09045e+08,61039131136
NVIDIA H100 NVL,rna004_130bps_hac@v5.1.0,8384,1.10189e+08,61527827456
NVIDIA H100 NVL,rna004_130bps_hac@v5.1.0,8448,1.10192e+08,61960621568
NVIDIA H100 NVL,rna004_130bps_hac@v5.1.0,8512,9.54383e+07,62395966464
NVIDIA H100 NVL,rna004_130bps_hac@v5.1.0,8576,9.67857e+07,62727905792
NVIDIA H100 NVL,rna004_130bps_hac@v5.1.0,8640,9.68331e+07,63332894720
NVIDIA H100 NVL,rna004_130bps_hac@v5.1.0,8704,9.74146e+07,63798962176
NVIDIA H100 NVL,rna004_130bps_hac@v5.1.0,8768,9.90518e+07,64302573056
NVIDIA H100 NVL,rna004_130bps_hac@v5.1.0,8832,9.94316e+07,64763498496
NVIDIA H100 NVL,rna004_130bps_hac@v5.1.0,8896,9.97546e+07,65216735744
NVIDIA H100 NVL,rna004_130bps_hac@v5.1.0,8960,9.9917e+07,65689059328
NVIDIA H100 NVL,rna004_130bps_hac@v5.1.0,9024,9.32617e+07,65925043200
NVIDIA H100 NVL,rna004_130bps_hac@v5.1.0,9088,9.24987e+07,66389624320
NVIDIA H100 NVL,rna004_130bps_hac@v5.1.0,9152,9.36877e+07,66911369216
NVIDIA H100 NVL,rna004_130bps_hac@v5.1.0,9216,9.30758e+07,67395150336
NVIDIA H100 NVL,rna004_130bps_hac@v5.1.0,9280,9.49782e+07,67853957120
NVIDIA H100 NVL,rna004_130bps_hac@v5.1.0,9344,9.54458e+07,68479080448
NVIDIA H100 NVL,rna004_130bps_hac@v5.1.0,9408,9.62379e+07,68775779328
NVIDIA H100 NVL,rna004_130bps_hac@v5.1.0,9472,9.71214e+07,69266664448
NVIDIA H100 NVL,rna004_130bps_hac@v5.1.0,9536,9.82001e+07,69726652416
NVIDIA H100 NVL,rna004_130bps_hac@v5.1.0,9600,9.79641e+07,70187849728
NVIDIA H100 NVL,rna004_130bps_hac@v5.1.0,9664,9.88111e+07,70655475200
NVIDIA H100 NVL,rna004_130bps_hac@v5.1.0,9728,9.79846e+07,71108188672
NVIDIA H100 NVL,rna004_130bps_hac@v5.1.0,9792,9.98414e+07,71596687872
NVIDIA H100 NVL,rna004_130bps_hac@v5.1.0,9856,9.98679e+07,72055954944
NVIDIA H100 NVL,rna004_130bps_hac@v5.1.0,9920,1.00466e+08,72521924608
NVIDIA H100 NVL,rna004_130bps_hac@v5.1.0,9984,1.01097e+08,72987369984
NVIDIA H100 NVL,rna004_130bps_hac@v5.1.0,10048,1.01252e+08,73446398976
NVIDIA H100 NVL,rna004_130bps_hac@v5.1.0,10112,1.0245e+08,73912264704
NVIDIA H100 NVL,rna004_130bps_hac@v5.1.0,10176,1.01929e+08,74479956480
NVIDIA H100 NVL,rna004_130bps_hac@v5.1.0,10240,9.75314e+07,74853803520
NVIDIA H100 NVL,rna004_130bps_hac@v5.2.0,64,4.84555e+06,492206592
NVIDIA H100 NVL,rna004_130bps_hac@v5.2.0,128,8.90241e+06,958350336
NVIDIA H100 NVL,rna004_130bps_hac@v5.2.0,192,1.29841e+07,1425973760
NVIDIA H100 NVL,rna004_130bps_hac@v5.2.0,256,1.70506e+07,1898136576
NVIDIA H100 NVL,rna004_130bps_hac@v5.2.0,320,2.16088e+07,2361961984
NVIDIA H100 NVL,rna004_130bps_hac@v5.2.0,384,2.51609e+07,2828532736
NVIDIA H100 NVL,rna004_130bps_hac@v5.2.0,448,2.92894e+07,3307679232
NVIDIA H100 NVL,rna004_130bps_hac@v5.2.0,512,3.24861e+07,3773732352
NVIDIA H100 NVL,rna004_130bps_hac@v5.2.0,576,3.70678e+07,4232098816
NVIDIA H100 NVL,rna004_130bps_hac@v5.2.0,640,4.05527e+07,4699482624
NVIDIA H100 NVL,rna004_130bps_hac@v5.2.0,704,4.38677e+07,5179571712
NVIDIA H100 NVL,rna004_130bps_hac@v5.2.0,768,4.70354e+07,5649374208
NVIDIA H100 NVL,rna004_130bps_hac@v5.2.0,832,5.09993e+07,6119477248
NVIDIA H100 NVL,rna004_130bps_hac@v5.2.0,896,5.39889e+07,6590223360
NVIDIA H100 NVL,rna004_130bps_hac@v5.2.0,960,5.74986e+07,7054893056
NVIDIA H100 NVL,rna004_130bps_hac@v5.2.0,1024,6.14292e+07,7530544128
NVIDIA H100 NVL,rna004_130bps_hac@v5.2.0,1088,6.32499e+07,7998437376
NVIDIA H100 NVL,rna004_130bps_hac@v5.2.0,1152,6.59127e+07,8462698496
NVIDIA H100 NVL,rna004_130bps_hac@v5.2.0,1216,6.80432e+07,8931890176
NVIDIA H100 NVL,rna004_130bps_hac@v5.2.0,1280,7.18204e+07,9401005056
NVIDIA H100 NVL,rna004_130bps_hac@v5.2.0,1344,7.53901e+07,9873566720
NVIDIA H100 NVL,rna004_130bps_hac@v5.2.0,1408,7.55954e+07,10344847872
NVIDIA H100 NVL,rna004_130bps_hac@v5.2.0,1472,7.95609e+07,10786140672
NVIDIA H100 NVL,rna004_130bps_hac@v5.2.0,1536,8.28371e+07,11277685760
NVIDIA H100 NVL,rna004_130bps_hac@v5.2.0,1600,8.45473e+07,11748775936
NVIDIA H100 NVL,rna004_130bps_hac@v5.2.0,1664,8.65527e+07,12216736768
NVIDIA H100 NVL,rna004_130bps_hac@v5.2.0,1728,8.98301e+07,12704117248
NVIDIA H100 NVL,rna004_130bps_hac@v5.2.0,1792,9.13282e+07,13156984832
NVIDIA H100 NVL,rna004_130bps_hac@v5.2.0,1856,9.23541e+07,13625333248
NVIDIA H100 NVL,rna004_130bps_hac@v5.2.0,1920,9.53279e+07,14098357760
NVIDIA H100 NVL,rna004_130bps_hac@v5.2.0,1984,9.71681e+07,14565774848
NVIDIA H100 NVL,rna004_130bps_hac@v5.2.0,2048,9.54217e+07,15034507776
NVIDIA H100 NVL,rna004_130bps_hac@v5.2.0,2112,9.89756e+07,15505408512
NVIDIA H100 NVL,rna004_130bps_hac@v5.2.0,2176,9.99414e+07,15963878912
NVIDIA H100 NVL,rna004_130bps_hac@v5.2.0,2240,9.63891e+07,16455412224
NVIDIA H100 NVL,rna004_130bps_hac@v5.2.0,2304,1.01064e+08,16921192448
NVIDIA H100 NVL,rna004_130bps_hac@v5.2.0,2368,1.01725e+08,17373519360
NVIDIA H100 NVL,rna004_130bps_hac@v5.2.0,2432,1.01675e+08,17861649408
NVIDIA H100 NVL,rna004_130bps_hac@v5.2.0,2496,1.02274e+08,18316586496
NVIDIA H100 NVL,rna004_130bps_hac@v5.2.0,2560,1.06999e+08,18787421696
NVIDIA H100 NVL,rna004_130bps_hac@v5.2.0,2624,1.07278e+08,19260013568
NVIDIA H100 NVL,rna004_130bps_hac@v5.2.0,2688,1.07343e+08,19736088576
NVIDIA H100 NVL,rna004_130bps_hac@v5.2.0,2752,1.05318e+08,20201047552
NVIDIA H100 NVL,rna004_130bps_hac@v5.2.0,2816,1.09078e+08,20666677248
NVIDIA H100 NVL,rna004_130bps_hac@v5.2.0,2880,8.11338e+07,21149755904
NVIDIA H100 NVL,rna004_130bps_hac@v5.2.0,2944,7.99175e+07,21616881664
NVIDIA H100 NVL,rna004_130bps_hac@v5.2.0,3008,8.17849e+07,22063749632
NVIDIA H100 NVL,rna004_130bps_hac@v5.2.0,3072,8.01836e+07,22533952000
NVIDIA H100 NVL,rna004_130bps_hac@v5.2.0,3136,8.21799e+07,22996003328
NVIDIA H100 NVL,rna004_130bps_hac@v5.2.0,3200,8.38088e+07,23453460992
NVIDIA H100 NVL,rna004_130bps_hac@v5.2.0,3264,8.48684e+07,23958778880
NVIDIA H100 NVL,rna004_130bps_hac@v5.2.0,3328,8.70952e+07,24410414080
NVIDIA H100 NVL,rna004_130bps_hac@v5.2.0,3392,8.53926e+07,24876978176
NVIDIA H100 NVL,rna004_130bps_hac@v5.2.0,3456,8.69489e+07,25367050240
NVIDIA H100 NVL,rna004_130bps_hac@v5.2.0,3520,8.83442e+07,25820628992
NVIDIA H100 NVL,rna004_130bps_hac@v5.2.0,3584,8.98902e+07,26290216960
NVIDIA H100 NVL,rna004_130bps_hac@v5.2.0,3648,9.17036e+07,26772585472
NVIDIA H100 NVL,rna004_130bps_hac@v5.2.0,3712,9.32497e+07,27234008576
NVIDIA H100 NVL,rna004_130bps_hac@v5.2.0,3776,9.11369e+07,27710625792
NVIDIA H100 NVL,rna004_130bps_hac@v5.2.0,3840,8.89572e+07,28161271808
NVIDIA H100 NVL,rna004_130bps_hac@v5.2.0,3904,9.42648e+07,28625493504
NVIDIA H100 NVL,rna004_130bps_hac@v5.2.0,3968,9.52261e+07,29131822080
NVIDIA H100 NVL,rna004_130bps_hac@v5.2.0,4032,9.53591e+07,29576240640
NVIDIA H100 NVL,rna004_130bps_hac@v5.2.0,4096,9.38779e+07,30071658496
NVIDIA H100 NVL,rna004_130bps_hac@v5.2.0,4160,9.62601e+07,30424505856
NVIDIA H100 NVL,rna004_130bps_hac@v5.2.0,4224,9.79423e+07,30982998016
NVIDIA H100 NVL,rna004_130bps_hac@v5.2.0,4288,9.50013e+07,31443005952
NVIDIA H100 NVL,rna004_130bps_hac@v5.2.0,4352,9.62755e+07,31908742144
NVIDIA H100 NVL,rna004_130bps_hac@v5.2.0,4416,9.80237e+07,32388349440
NVIDIA H100 NVL,rna004_130bps_hac@v5.2.0,4480,9.93179e+07,32860367360
NVIDIA H100 NVL,rna004_130bps_hac@v5.2.0,4544,1.00424e+08,33327305216
NVIDIA H100 NVL,rna004_130bps_hac@v5.2.0,4608,1.00545e+08,33806494208
NVIDIA H100 NVL,rna004_130bps_hac@v5.2.0,4672,9.85984e+07,34253559808
NVIDIA H100 NVL,rna004_130bps_hac@v5.2.0,4736,9.97611e+07,34743539200
NVIDIA H100 NVL,rna004_130bps_hac@v5.2.0,4800,1.01559e+08,35192364032
NVIDIA H100 NVL,rna004_130bps_hac@v5.2.0,4864,1.01711e+08,35663840256
NVIDIA H100 NVL,rna004_130bps_hac@v5.2.0,4928,1.04153e+08,36165665792
NVIDIA H100 NVL,rna004_130bps_hac@v5.2.0,4992,1.04623e+08,36650880000
NVIDIA H100 NVL,rna004_130bps_hac@v5.2.0,5056,1.06015e+08,37082368000
NVIDIA H100 NVL,rna004_130bps_hac@v5.2.0,5120,1.0204e+08,37553318400
NVIDIA H100 NVL,rna004_130bps_hac@v5.2.0,5184,1.04399e+08,38007061504
NVIDIA H100 NVL,rna004_130bps_hac@v5.2.0,5248,1.05525e+08,38488994304
NVIDIA H100 NVL,rna004_130bps_hac@v5.2.0,5312,1.06787e+08,38949651968
NVIDIA H100 NVL,rna004_130bps_hac@v5.2.0,5376,1.0811e+08,39458003456
NVIDIA H100 NVL,rna004_130bps_hac@v5.2.0,5440,1.04152e+08,39875785728
NVIDIA H100 NVL,rna004_130bps_hac@v5.2.0,5504,1.05012e+08,40375438848
NVIDIA H100 NVL,rna004_130bps_hac@v5.2.0,5568,1.06613e+08,40830431232
NVIDIA H100 NVL,rna004_130bps_hac@v5.2.0,5632,1.07406e+08,41288082944
NVIDIA H100 NVL,rna004_130bps_hac@v5.2.0,5696,9.27338e+07,41758695936
NVIDIA H100 NVL,rna004_130bps_hac@v5.2.0,5760,8.79743e+07,42226269184
NVIDIA H100 NVL,rna004_130bps_hac@v5.2.0,5824,8.91853e+07,42700389888
NVIDIA H100 NVL,rna004_130bps_hac@v5.2.0,5888,9.01669e+07,43166116864
NVIDIA H100 NVL,rna004_130bps_hac@v5.2.0,5952,9.07931e+07,43631627264
NVIDIA H100 NVL,rna004_130bps_hac@v5.2.0,6016,9.19961e+07,44098191872
NVIDIA H100 NVL,rna004_130bps_hac@v5.2.0,6080,9.25421e+07,44576384512
NVIDIA H100 NVL,rna004_130bps_hac@v5.2.0,6144,9.23522e+07,44903691776
NVIDIA H100 NVL,rna004_130bps_hac@v5.2.0,6208,9.48938e+07,45505790464
NVIDIA H100 NVL,rna004_130bps_hac@v5.2.0,6272,9.56401e+07,45965387776
NVIDIA H100 NVL,rna004_130bps_hac@v5.2.0,6336,9.64594e+07,46472089600
NVIDIA H100 NVL,rna004_130bps_hac@v5.2.0,6400,9.72778e+07,46940721152
NVIDIA H100 NVL,rna004_130bps_hac@v5.2.0,6464,9.81736e+07,47234423296
NVIDIA H100 NVL,rna004_130bps_hac@v5.2.0,6528,9.32148e+07,47846631424
NVIDIA H100 NVL,rna004_130bps_hac@v5.2.0,6592,9.41466e+07,48347613184
NVIDIA H100 NVL,rna004_130bps_hac@v5.2.0,6656,9.42425e+07,48810382336
NVIDIA H100 NVL,rna004_130bps_hac@v5.2.0,6720,9.57665e+07,49261876736
NVIDIA H100 NVL,rna004_130bps_hac@v5.2.0,6784,9.60433e+07,49723309568
NVIDIA H100 NVL,rna004_130bps_hac@v5.2.0,6848,9.7731e+07,50211915776
NVIDIA H100 NVL,rna004_130bps_hac@v5.2.0,6912,9.52e+07,50671084544
NVIDIA H100 NVL,rna004_130bps_hac@v5.2.0,6976,9.96062e+07,51139002880
NVIDIA H100 NVL,rna004_130bps_hac@v5.2.0,7040,9.98241e+07,51604239872
NVIDIA H100 NVL,rna004_130bps_hac@v5.2.0,7104,1.00712e+08,52078615552
NVIDIA H100 NVL,rna004_130bps_hac@v5.2.0,7168,9.94423e+07,52546988544
NVIDIA H100 NVL,rna004_130bps_hac@v5.2.0,7232,1.02216e+08,53039151104
NVIDIA H100 NVL,rna004_130bps_hac@v5.2.0,7296,1.03272e+08,53489999360
NVIDIA H100 NVL,rna004_130bps_hac@v5.2.0,7360,1.01092e+08,53970432000
NVIDIA H100 NVL,rna004_130bps_hac@v5.2.0,7424,9.69689e+07,54431714816
NVIDIA H100 NVL,rna004_130bps_hac@v5.2.0,7488,9.94351e+07,54891407360
NVIDIA H100 NVL,rna004_130bps_hac@v5.2.0,7552,1.00233e+08,55359155200
NVIDIA H100 NVL,rna004_130bps_hac@v5.2.0,7616,1.01329e+08,55829917696
NVIDIA H100 NVL,rna004_130bps_hac@v5.2.0,7680,1.01182e+08,56295889920
NVIDIA H100 NVL,rna004_130bps_hac@v5.2.0,7744,1.0221e+08,56755751424
NVIDIA H100 NVL,rna004_130bps_hac@v5.2.0,7808,1.03419e+08,57226274304
NVIDIA H100 NVL,rna004_130bps_hac@v5.2.0,7872,1.04353e+08,57713861632
NVIDIA H100 NVL,rna004_130bps_hac@v5.2.0,7936,1.04556e+08,58175764992
NVIDIA H100 NVL,rna004_130bps_hac@v5.2.0,8000,1.059e+08,58641886720
NVIDIA H100 NVL,rna004_130bps_hac@v5.2.0,8064,1.05006e+08,59170748928
NVIDIA H100 NVL,rna004_130bps_hac@v5.2.0,8128,1.06732e+08,59617147904
NVIDIA H100 NVL,rna004_130bps_hac@v5.2.0,8192,1.04158e+08,60080546816
NVIDIA H100 NVL,rna004_130bps_hac@v5.2.0,8256,1.08591e+08,60328213504
NVIDIA H100 NVL,rna004_130bps_hac@v5.2.0,8320,1.09363e+08,61009926656
NVIDIA H100 NVL,rna004_130bps_hac@v5.2.0,8384,1.02288e+08,61282047488
NVIDIA H100 NVL,rna004_130bps_hac@v5.2.0,8448,1.02721e+08,61935671296
NVIDIA H100 NVL,rna004_130bps_hac@v5.2.0,8512,9.58084e+07,62395520512
NVIDIA H100 NVL,rna004_130bps_hac@v5.2.0,8576,9.67769e+07,62881462272
NVIDIA H100 NVL,rna004_130bps_hac@v5.2.0,8640,9.65625e+07,63372082688
NVIDIA H100 NVL,rna004_130bps_hac@v5.2.0,8704,8.92946e+07,63798885888
NVIDIA H100 NVL,rna004_130bps_hac@v5.2.0,8768,9.0775e+07,64288262656
NVIDIA H100 NVL,rna004_130bps_hac@v5.2.0,8832,9.02672e+07,64737390080
NVIDIA H100 NVL,rna004_130bps_hac@v5.2.0,8896,9.19024e+07,65203507200
NVIDIA H100 NVL,rna004_130bps_hac@v5.2.0,8960,9.26795e+07,65678699520
NVIDIA H100 NVL,rna004_130bps_hac@v5.2.0,9024,9.32618e+07,65925043200
NVIDIA H100 NVL,rna004_130bps_hac@v5.2.0,9088,9.30089e+07,66375126016
NVIDIA H100 NVL,rna004_130bps_hac@v5.2.0,9152,9.35084e+07,66987548672
NVIDIA H100 NVL,rna004_130bps_hac@v5.2.0,9216,9.308e+07,67387828224
NVIDIA H100 NVL,rna004_130bps_hac@v5.2.0,9280,9.4909e+07,67853410816
NVIDIA H100 NVL,rna004_130bps_hac@v5.2.0,9344,9.53847e+07,68316998144
NVIDIA H100 NVL,rna004_130bps_hac@v5.2.0,9408,9.62905e+07,68775953408
NVIDIA H100 NVL,rna004_130bps_hac@v5.2.0,9472,9.61109e+07,69266770944
NVIDIA H100 NVL,rna004_130bps_hac@v5.2.0,9536,9.72758e+07,69726410752
NVIDIA H100 NVL,rna004_130bps_hac@v5.2.0,9600,9.69026e+07,70187731456
NVIDIA H100 NVL,rna004_130bps_hac@v5.2.0,9664,9.85515e+07,70591350272
NVIDIA H100 NVL,rna004_130bps_hac@v5.2.0,9728,9.81634e+07,71403950592
NVIDIA H100 NVL,rna004_130bps_hac@v5.2.0,9792,9.96998e+07,71597045248
NVIDIA H100 NVL,rna004_130bps_hac@v5.2.0,9856,9.98662e+07,72056075776
NVIDIA H100 NVL,rna004_130bps_hac@v5.2.0,9920,1.01259e+08,72521825280
NVIDIA H100 NVL,rna004_130bps_hac@v5.2.0,9984,1.01611e+08,73092666368
NVIDIA H100 NVL,rna004_130bps_hac@v5.2.0,10048,1.02203e+08,73525557760
NVIDIA H100 NVL,rna004_130bps_hac@v5.2.0,10112,9.53715e+07,73912627200
NVIDIA H100 NVL,rna004_130bps_hac@v5.2.0,10176,1.03326e+08,74479849984
NVIDIA H100 NVL,rna004_130bps_hac@v5.2.0,10240,1.01623e+08,74937367552
NVIDIA H100 NVL,rna004_130bps_sup@v5.1.0,32,9.14537e+06,2460658688
NVIDIA H100 NVL,rna004_130bps_sup@v5.1.0,64,1.24393e+07,3633918464
NVIDIA H100 NVL,rna004_130bps_sup@v5.1.0,96,1.46053e+07,4807702016
NVIDIA H100 NVL,rna004_130bps_sup@v5.1.0,128,1.57128e+07,5998263296
NVIDIA H100 NVL,rna004_130bps_sup@v5.1.0,160,1.61229e+07,7188333056
NVIDIA H100 NVL,rna004_130bps_sup@v5.1.0,192,1.68785e+07,8386529280
NVIDIA H100 NVL,rna004_130bps_sup@v5.1.0,224,1.72245e+07,9569423872
NVIDIA H100 NVL,rna004_130bps_sup@v5.1.0,256,1.78306e+07,10770469888
NVIDIA H100 NVL,rna004_130bps_sup@v5.1.0,288,1.73918e+07,11951757824
NVIDIA H100 NVL,rna004_130bps_sup@v5.1.0,320,1.75757e+07,13154934784
NVIDIA H100 NVL,rna004_130bps_sup@v5.1.0,352,1.80582e+07,14331046912
NVIDIA H100 NVL,rna004_130bps_sup@v5.1.0,384,1.82687e+07,15521837568
NVIDIA H100 NVL,rna004_130bps_sup@v5.1.0,416,1.82553e+07,16712397312
NVIDIA H100 NVL,rna004_130bps_sup@v5.1.0,448,1.80268e+07,17901846528
NVIDIA H100 NVL,rna004_130bps_sup@v5.1.0,480,1.7594e+07,19092440576
NVIDIA H100 NVL,rna004_130bps_sup@v5.1.0,512,1.78034e+07,20284476416
NVIDIA H100 NVL,rna004_130bps_sup@v5.1.0,544,1.78874e+07,21476447232
NVIDIA H100 NVL,rna004_130bps_sup@v5.1.0,576,1.79195e+07,22665402880
NVIDIA H100 NVL,rna004_130bps_sup@v5.1.0,608,1.78506e+07,23858290688
NVIDIA H100 NVL,rna004_130bps_sup@v5.1.0,640,1.86932e+07,25046590976
NVIDIA H100 NVL,rna004_130bps_sup@v5.1.0,672,1.84165e+07,26238362112
NVIDIA H100 NVL,rna004_130bps_sup@v5.1.0,704,1.80295e+07,27426206720
NVIDIA H100 NVL,rna004_130bps_sup@v5.1.0,736,1.8805e+07,28616538624
NVIDIA H100 NVL,rna004_130bps_sup@v5.1.0,768,1.82368e+07,29809754112
NVIDIA H100 NVL,rna004_130bps_sup@v5.1.0,800,1.8903e+07,31001724928
NVIDIA H100 NVL,rna004_130bps_sup@v5.2.0,32,9.2711e+06,2460658688
NVIDIA H100 NVL,rna004_130bps_sup@v5.2.0,64,1.25424e+07,3633918464
NVIDIA H100 NVL,rna004_130bps_sup@v5.2.0,96,1.46096e+07,4807702016
NVIDIA H100 NVL,rna004_130bps_sup@v5.2.0,128,1.59462e+07,5999442944
NVIDIA H100 NVL,rna004_130bps_sup@v5.2.0,160,1.61255e+07,7188333056
NVIDIA H100 NVL,rna004_130bps_sup@v5.2.0,192,1.72233e+07,8386529280
NVIDIA H100 NVL,rna004_130bps_sup@v5.2.0,224,1.76274e+07,9569423872
NVIDIA H100 NVL,rna004_130bps_sup@v5.2.0,256,1.78253e+07,10761032704
NVIDIA H100 NVL,rna004_130bps_sup@v5.2.0,288,1.73977e+07,11951757824
NVIDIA H100 NVL,rna004_130bps_sup@v5.2.0,320,1.81495e+07,13143138304
NVIDIA H100 NVL,rna004_130bps_sup@v5.2.0,352,1.80693e+07,14344023040
NVIDIA H100 NVL,rna004_130bps_sup@v5.2.0,384,1.82698e+07,15535993344
NVIDIA H100 NVL,rna004_130bps_sup@v5.2.0,416,1.82907e+07,16712397312
NVIDIA H100 NVL,rna004_130bps_sup@v5.2.0,448,1.88394e+07,17901846528
NVIDIA H100 NVL,rna004_130bps_sup@v5.2.0,480,1.84559e+07,19092440576
NVIDIA H100 NVL,rna004_130bps_sup@v5.2.0,512,1.78412e+07,20284476416
NVIDIA H100 NVL,rna004_130bps_sup@v5.2.0,544,1.79542e+07,21476447232
NVIDIA H100 NVL,rna004_130bps_sup@v5.2.0,576,1.79611e+07,22665402880
NVIDIA H100 NVL,rna004_130bps_sup@v5.2.0,608,1.88924e+07,23858290688
NVIDIA H100 NVL,rna004_130bps_sup@v5.2.0,640,1.87159e+07,25046590976
NVIDIA H100 NVL,rna004_130bps_sup@v5.2.0,672,1.84193e+07,26238362112
NVIDIA H100 NVL,rna004_130bps_sup@v5.2.0,704,1.80558e+07,27452158976
NVIDIA H100 NVL,rna004_130bps_sup@v5.2.0,736,1.87766e+07,28616538624
NVIDIA H100 NVL,rna004_130bps_sup@v5.2.0,768,1.82901e+07,29809754112
NVIDIA H100 NVL,rna004_130bps_sup@v5.2.0,800,1.88813e+07,31001724928
