NVIDIA L40S,dna_r10.4.1_e8.2_400bps_fast@v4.3.0,64,4.30708e+07,1223602688
NVIDIA L40S,dna_r10.4.1_e8.2_400bps_fast@v4.3.0,128,7.08418e+07,1371934720
NVIDIA L40S,dna_r10.4.1_e8.2_400bps_fast@v4.3.0,192,9.54796e+07,1518170112
NVIDIA L40S,dna_r10.4.1_e8.2_400bps_fast@v4.3.0,256,1.18166e+08,1666501120
NVIDIA L40S,dna_r10.4.1_e8.2_400bps_fast@v4.3.0,320,1.3226e+08,1812736512
NVIDIA L40S,dna_r10.4.1_e8.2_400bps_fast@v4.3.0,384,1.44741e+08,1958971392
NVIDIA L40S,dna_r10.4.1_e8.2_400bps_fast@v4.3.0,448,1.57288e+08,2105206784
NVIDIA L40S,dna_r10.4.1_e8.2_400bps_fast@v4.3.0,512,1.6669e+08,2253537792
NVIDIA L40S,dna_r10.4.1_e8.2_400bps_fast@v4.3.0,576,1.70829e+08,2399773184
NVIDIA L40S,dna_r10.4.1_e8.2_400bps_fast@v4.3.0,640,1.79045e+08,2548105216
NVIDIA L40S,dna_r10.4.1_e8.2_400bps_fast@v4.3.0,704,1.84119e+08,2693454848
NVIDIA L40S,dna_r10.4.1_e8.2_400bps_fast@v4.3.0,768,1.89986e+08,2840574464
NVIDIA L40S,dna_r10.4.1_e8.2_400bps_fast@v4.3.0,832,1.9451e+08,2987097600
NVIDIA L40S,dna_r10.4.1_e8.2_400bps_fast@v4.3.0,896,1.94527e+08,3137064960
NVIDIA L40S,dna_r10.4.1_e8.2_400bps_fast@v4.3.0,960,1.9866e+08,3283474432
NVIDIA L40S,dna_r10.4.1_e8.2_400bps_fast@v4.3.0,1024,2.00711e+08,3428610560
NVIDIA L40S,dna_r10.4.1_e8.2_400bps_fast@v4.3.0,1088,1.97414e+08,3575943680
NVIDIA L40S,dna_r10.4.1_e8.2_400bps_fast@v4.3.0,1152,1.90591e+08,3722254336
NVIDIA L40S,dna_r10.4.1_e8.2_400bps_fast@v4.3.0,1216,1.94452e+08,3872929280
NVIDIA L40S,dna_r10.4.1_e8.2_400bps_fast@v4.3.0,1280,1.93085e+08,4016744960
NVIDIA L40S,dna_r10.4.1_e8.2_400bps_fast@v4.3.0,1344,2.01103e+08,4163767808
NVIDIA L40S,dna_r10.4.1_e8.2_400bps_fast@v4.3.0,1408,2.0622e+08,4311638016
NVIDIA L40S,dna_r10.4.1_e8.2_400bps_fast@v4.3.0,1472,2.04296e+08,4461605888
NVIDIA L40S,dna_r10.4.1_e8.2_400bps_fast@v4.3.0,1536,2.06385e+08,4605280768
NVIDIA L40S,dna_r10.4.1_e8.2_400bps_fast@v4.3.0,1600,2.07291e+08,4755248640
NVIDIA L40S,dna_r10.4.1_e8.2_400bps_fast@v4.3.0,1664,2.10618e+08,4898924544
NVIDIA L40S,dna_r10.4.1_e8.2_400bps_fast@v4.3.0,1728,2.08663e+08,5047607296
NVIDIA L40S,dna_r10.4.1_e8.2_400bps_fast@v4.3.0,1792,2.12905e+08,5194730496
NVIDIA L40S,dna_r10.4.1_e8.2_400bps_fast@v4.3.0,1856,2.12498e+08,5340644864
NVIDIA L40S,dna_r10.4.1_e8.2_400bps_fast@v4.3.0,1920,2.10912e+08,5490405376
NVIDIA L40S,dna_r10.4.1_e8.2_400bps_fast@v4.3.0,1984,2.155e+08,5634081792
NVIDIA L40S,dna_r10.4.1_e8.2_400bps_fast@v4.3.0,2048,2.13982e+08,5783474688
NVIDIA L40S,dna_r10.4.1_e8.2_400bps_fast@v4.3.0,2112,2.13989e+08,5930418688
NVIDIA L40S,dna_r10.4.1_e8.2_400bps_fast@v4.3.0,2176,2.11451e+08,6075765248
NVIDIA L40S,dna_r10.4.1_e8.2_400bps_fast@v4.3.0,2240,2.15307e+08,6224142336
NVIDIA L40S,dna_r10.4.1_e8.2_400bps_fast@v4.3.0,2304,2.09239e+08,6415374848
NVIDIA L40S,dna_r10.4.1_e8.2_400bps_fast@v4.3.0,2368,2.0736e+08,6516745728
NVIDIA L40S,dna_r10.4.1_e8.2_400bps_fast@v4.3.0,2432,2.11385e+08,6665966592
NVIDIA L40S,dna_r10.4.1_e8.2_400bps_fast@v4.3.0,2496,2.12094e+08,6808896000
NVIDIA L40S,dna_r10.4.1_e8.2_400bps_fast@v4.3.0,2560,2.1136e+08,6958621184
NVIDIA L40S,dna_r10.4.1_e8.2_400bps_fast@v4.3.0,2624,2.08946e+08,7106491904
NVIDIA L40S,dna_r10.4.1_e8.2_400bps_fast@v4.3.0,2688,2.14671e+08,7251118592
NVIDIA L40S,dna_r10.4.1_e8.2_400bps_fast@v4.3.0,2752,2.14096e+08,7402509824
NVIDIA L40S,dna_r10.4.1_e8.2_400bps_fast@v4.3.0,2816,2.15464e+08,7545119232
NVIDIA L40S,dna_r10.4.1_e8.2_400bps_fast@v4.3.0,2880,2.12821e+08,7694349824
NVIDIA L40S,dna_r10.4.1_e8.2_400bps_fast@v4.3.0,2944,2.17059e+08,7841648640
NVIDIA L40S,dna_r10.4.1_e8.2_400bps_fast@v4.3.0,3008,2.11668e+08,7988336128
NVIDIA L40S,dna_r10.4.1_e8.2_400bps_fast@v4.3.0,3072,2.08687e+08,8133681664
NVIDIA L40S,dna_r10.4.1_e8.2_400bps_fast@v4.3.0,3136,2.12282e+08,8279028224
NVIDIA L40S,dna_r10.4.1_e8.2_400bps_fast@v4.3.0,3200,2.13466e+08,8495513600
NVIDIA L40S,dna_r10.4.1_e8.2_400bps_fast@v4.3.0,3264,2.12336e+08,8577732608
NVIDIA L40S,dna_r10.4.1_e8.2_400bps_fast@v4.3.0,3328,2.10941e+08,8721646080
NVIDIA L40S,dna_r10.4.1_e8.2_400bps_fast@v4.3.0,3392,2.12769e+08,8868802048
NVIDIA L40S,dna_r10.4.1_e8.2_400bps_fast@v4.3.0,3456,2.05324e+08,9012051456
NVIDIA L40S,dna_r10.4.1_e8.2_400bps_fast@v4.3.0,3520,2.00698e+08,9161995264
NVIDIA L40S,dna_r10.4.1_e8.2_400bps_fast@v4.3.0,3584,2.05365e+08,9311787520
NVIDIA L40S,dna_r10.4.1_e8.2_400bps_fast@v4.3.0,3648,2.03603e+08,9457761792
NVIDIA L40S,dna_r10.4.1_e8.2_400bps_fast@v4.3.0,3712,2.13311e+08,9604565504
NVIDIA L40S,dna_r10.4.1_e8.2_400bps_fast@v4.3.0,3776,2.043e+08,9747187712
NVIDIA L40S,dna_r10.4.1_e8.2_400bps_fast@v4.3.0,3840,2.11941e+08,9897150976
NVIDIA L40S,dna_r10.4.1_e8.2_400bps_fast@v4.3.0,3904,1.84691e+08,10045021696
NVIDIA L40S,dna_r10.4.1_e8.2_400bps_fast@v4.3.0,3968,2.06597e+08,10191599104
NVIDIA L40S,dna_r10.4.1_e8.2_400bps_fast@v4.3.0,4032,2.13756e+08,10338584064
NVIDIA L40S,dna_r10.4.1_e8.2_400bps_fast@v4.3.0,4096,2.1009e+08,10489582080
NVIDIA L40S,dna_r10.4.1_e8.2_400bps_fast@v4.3.0,4160,2.08962e+08,10632191488
NVIDIA L40S,dna_r10.4.1_e8.2_400bps_fast@v4.3.0,4224,2.04051e+08,10781372928
NVIDIA L40S,dna_r10.4.1_e8.2_400bps_fast@v4.3.0,4288,2.11367e+08,10924622336
NVIDIA L40S,dna_r10.4.1_e8.2_400bps_fast@v4.3.0,4352,2.09408e+08,11072065024
NVIDIA L40S,dna_r10.4.1_e8.2_400bps_fast@v4.3.0,4416,2.09264e+08,11223600640
NVIDIA L40S,dna_r10.4.1_e8.2_400bps_fast@v4.3.0,4480,2.05336e+08,11368307200
NVIDIA L40S,dna_r10.4.1_e8.2_400bps_fast@v4.3.0,4544,2.09442e+08,11515110912
NVIDIA L40S,dna_r10.4.1_e8.2_400bps_fast@v4.3.0,4608,2.04468e+08,11659817472
NVIDIA L40S,dna_r10.4.1_e8.2_400bps_fast@v4.3.0,4672,2.09152e+08,11809282560
NVIDIA L40S,dna_r10.4.1_e8.2_400bps_fast@v4.3.0,4736,2.15717e+08,11956726272
NVIDIA L40S,dna_r10.4.1_e8.2_400bps_fast@v4.3.0,4800,2.03636e+08,12102072832
NVIDIA L40S,dna_r10.4.1_e8.2_400bps_fast@v4.3.0,4864,2.08352e+08,12251226624
NVIDIA L40S,dna_r10.4.1_e8.2_400bps_fast@v4.3.0,4928,2.13085e+08,12395933184
NVIDIA L40S,dna_r10.4.1_e8.2_400bps_fast@v4.3.0,4992,2.15869e+08,12542736896
NVIDIA L40S,dna_r10.4.1_e8.2_400bps_fast@v4.3.0,5056,2.09373e+08,12691846656
NVIDIA L40S,dna_r10.4.1_e8.2_400bps_fast@v4.3.0,5120,2.11444e+08,12835095040
NVIDIA L40S,dna_r10.4.1_e8.2_400bps_fast@v4.3.0,5184,2.10089e+08,12984635904
NVIDIA L40S,dna_r10.4.1_e8.2_400bps_fast@v4.3.0,5248,2.17797e+08,13134146048
NVIDIA L40S,dna_r10.4.1_e8.2_400bps_fast@v4.3.0,5312,2.18083e+08,13278852608
NVIDIA L40S,dna_r10.4.1_e8.2_400bps_fast@v4.3.0,5376,2.10391e+08,13425656320
NVIDIA L40S,dna_r10.4.1_e8.2_400bps_fast@v4.3.0,5440,2.13162e+08,13570362880
NVIDIA L40S,dna_r10.4.1_e8.2_400bps_fast@v4.3.0,5504,2.12689e+08,13723458048
NVIDIA L40S,dna_r10.4.1_e8.2_400bps_fast@v4.3.0,5568,2.1233e+08,13870261760
NVIDIA L40S,dna_r10.4.1_e8.2_400bps_fast@v4.3.0,5632,2.11153e+08,14014968320
NVIDIA L40S,dna_r10.4.1_e8.2_400bps_fast@v4.3.0,5696,2.13297e+08,14161772032
NVIDIA L40S,dna_r10.4.1_e8.2_400bps_fast@v4.3.0,5760,2.00233e+08,14306478592
NVIDIA L40S,dna_r10.4.1_e8.2_400bps_fast@v4.3.0,5824,2.07052e+08,14453282304
NVIDIA L40S,dna_r10.4.1_e8.2_400bps_fast@v4.3.0,5888,2.03767e+08,14606377472
NVIDIA L40S,dna_r10.4.1_e8.2_400bps_fast@v4.3.0,5952,2.04406e+08,14748986880
NVIDIA L40S,dna_r10.4.1_e8.2_400bps_fast@v4.3.0,6016,2.13174e+08,14899984896
NVIDIA L40S,dna_r10.4.1_e8.2_400bps_fast@v4.3.0,6080,2.15236e+08,15040497152
NVIDIA L40S,dna_r10.4.1_e8.2_400bps_fast@v4.3.0,6144,2.04596e+08,15189398016
NVIDIA L40S,dna_r10.4.1_e8.2_400bps_fast@v4.3.0,6208,2.08775e+08,15336201728
NVIDIA L40S,dna_r10.4.1_e8.2_400bps_fast@v4.3.0,6272,2.05532e+08,15480908288
NVIDIA L40S,dna_r10.4.1_e8.2_400bps_fast@v4.3.0,6336,2.04291e+08,15634003456
NVIDIA L40S,dna_r10.4.1_e8.2_400bps_fast@v4.3.0,6400,2.0828e+08,15780807168
NVIDIA L40S,dna_r10.4.1_e8.2_400bps_fast@v4.3.0,6464,2.15252e+08,15925513728
NVIDIA L40S,dna_r10.4.1_e8.2_400bps_fast@v4.3.0,6528,1.99806e+08,16072317440
NVIDIA L40S,dna_r10.4.1_e8.2_400bps_fast@v4.3.0,6592,2.09801e+08,16217024000
NVIDIA L40S,dna_r10.4.1_e8.2_400bps_fast@v4.3.0,6656,1.97094e+08,16365924864
NVIDIA L40S,dna_r10.4.1_e8.2_400bps_fast@v4.3.0,6720,2.12422e+08,16516922880
NVIDIA L40S,dna_r10.4.1_e8.2_400bps_fast@v4.3.0,6784,2.08552e+08,16659532288
NVIDIA L40S,dna_r10.4.1_e8.2_400bps_fast@v4.3.0,6848,1.96672e+08,16808433152
NVIDIA L40S,dna_r10.4.1_e8.2_400bps_fast@v4.3.0,6912,2.04228e+08,16951042560
NVIDIA L40S,dna_r10.4.1_e8.2_400bps_fast@v4.3.0,6976,2.00346e+08,17102040576
NVIDIA L40S,dna_r10.4.1_e8.2_400bps_fast@v4.3.0,7040,1.95564e+08,17246747136
NVIDIA L40S,dna_r10.4.1_e8.2_400bps_fast@v4.3.0,7104,2.04198e+08,17391453696
NVIDIA L40S,dna_r10.4.1_e8.2_400bps_fast@v4.3.0,7168,1.97949e+08,17542451712
NVIDIA L40S,dna_r10.4.1_e8.2_400bps_fast@v4.3.0,7232,1.97892e+08,17687158272
NVIDIA L40S,dna_r10.4.1_e8.2_400bps_fast@v4.3.0,7296,1.97113e+08,17838156288
NVIDIA L40S,dna_r10.4.1_e8.2_400bps_fast@v4.3.0,7360,1.97045e+08,17982862848
NVIDIA L40S,dna_r10.4.1_e8.2_400bps_fast@v4.3.0,7424,2.02441e+08,18127569408
NVIDIA L40S,dna_r10.4.1_e8.2_400bps_fast@v4.3.0,7488,2.06999e+08,18274373120
NVIDIA L40S,dna_r10.4.1_e8.2_400bps_fast@v4.3.0,7552,2.09352e+08,18421176832
NVIDIA L40S,dna_r10.4.1_e8.2_400bps_fast@v4.3.0,7616,2.1101e+08,18572174848
NVIDIA L40S,dna_r10.4.1_e8.2_400bps_fast@v4.3.0,7680,1.98145e+08,18721075712
NVIDIA L40S,dna_r10.4.1_e8.2_400bps_fast@v4.3.0,7744,1.96438e+08,18861587968
NVIDIA L40S,dna_r10.4.1_e8.2_400bps_fast@v4.3.0,7808,1.95222e+08,19010488832
NVIDIA L40S,dna_r10.4.1_e8.2_400bps_fast@v4.3.0,7872,2.09245e+08,19159389696
NVIDIA L40S,dna_r10.4.1_e8.2_400bps_fast@v4.3.0,7936,1.99477e+08,19304096256
NVIDIA L40S,dna_r10.4.1_e8.2_400bps_fast@v4.3.0,8000,2.06496e+08,19455094272
NVIDIA L40S,dna_r10.4.1_e8.2_400bps_fast@v4.3.0,8064,2.06664e+08,19597703680
NVIDIA L40S,dna_r10.4.1_e8.2_400bps_fast@v4.3.0,8128,2.05226e+08,19744507392
NVIDIA L40S,dna_r10.4.1_e8.2_400bps_fast@v4.3.0,8192,2.11172e+08,19895505408
NVIDIA L40S,dna_r10.4.1_e8.2_400bps_fast@v4.3.0,8256,2.01967e+08,20040211968
NVIDIA L40S,dna_r10.4.1_e8.2_400bps_fast@v4.3.0,8320,2.12892e+08,20153461248
NVIDIA L40S,dna_r10.4.1_e8.2_400bps_fast@v4.3.0,8384,2.15252e+08,20262516224
NVIDIA L40S,dna_r10.4.1_e8.2_400bps_fast@v4.3.0,8448,1.87329e+08,20379959808
NVIDIA L40S,dna_r10.4.1_e8.2_400bps_fast@v4.3.0,8512,2.02516e+08,20497403392
NVIDIA L40S,dna_r10.4.1_e8.2_400bps_fast@v4.3.0,8576,1.88982e+08,20606458368
NVIDIA L40S,dna_r10.4.1_e8.2_400bps_fast@v4.3.0,8640,1.9199e+08,20721804800
NVIDIA L40S,dna_r10.4.1_e8.2_400bps_fast@v4.3.0,8704,1.87686e+08,20828762624
NVIDIA L40S,dna_r10.4.1_e8.2_400bps_fast@v4.3.0,8768,1.89546e+08,20944109056
NVIDIA L40S,dna_r10.4.1_e8.2_400bps_fast@v4.3.0,8832,2.10258e+08,21063649792
NVIDIA L40S,dna_r10.4.1_e8.2_400bps_fast@v4.3.0,8896,2.11345e+08,21174801920
NVIDIA L40S,dna_r10.4.1_e8.2_400bps_fast@v4.3.0,8960,1.9642e+08,21288051200
NVIDIA L40S,dna_r10.4.1_e8.2_400bps_fast@v4.3.0,9024,2.15839e+08,21403397632
NVIDIA L40S,dna_r10.4.1_e8.2_400bps_fast@v4.3.0,9088,2.14353e+08,21510355456
NVIDIA L40S,dna_r10.4.1_e8.2_400bps_fast@v4.3.0,9152,2.03031e+08,21627799040
NVIDIA L40S,dna_r10.4.1_e8.2_400bps_fast@v4.3.0,9216,2.04544e+08,21738951168
NVIDIA L40S,dna_r10.4.1_e8.2_400bps_fast@v4.3.0,9280,2.03784e+08,21856394752
NVIDIA L40S,dna_r10.4.1_e8.2_400bps_fast@v4.3.0,9344,2.06693e+08,21971741184
NVIDIA L40S,dna_r10.4.1_e8.2_400bps_fast@v4.3.0,9408,2.10332e+08,22078699008
NVIDIA L40S,dna_r10.4.1_e8.2_400bps_fast@v4.3.0,9472,1.98363e+08,22196142592
NVIDIA L40S,dna_r10.4.1_e8.2_400bps_fast@v4.3.0,9536,1.98777e+08,22305197568
NVIDIA L40S,dna_r10.4.1_e8.2_400bps_fast@v4.3.0,9600,1.85192e+08,22420544000
NVIDIA L40S,dna_r10.4.1_e8.2_400bps_fast@v4.3.0,9664,1.99319e+08,22537987584
NVIDIA L40S,dna_r10.4.1_e8.2_400bps_fast@v4.3.0,9728,1.96245e+08,22647042560
NVIDIA L40S,dna_r10.4.1_e8.2_400bps_fast@v4.3.0,9792,2.08411e+08,22762388992
NVIDIA L40S,dna_r10.4.1_e8.2_400bps_fast@v4.3.0,9856,1.99179e+08,22873541120
NVIDIA L40S,dna_r10.4.1_e8.2_400bps_fast@v4.3.0,9920,1.88979e+08,22986790400
NVIDIA L40S,dna_r10.4.1_e8.2_400bps_fast@v4.3.0,9984,2.01643e+08,23102136832
NVIDIA L40S,dna_r10.4.1_e8.2_400bps_fast@v4.3.0,10048,1.80672e+08,23211191808
NVIDIA L40S,dna_r10.4.1_e8.2_400bps_fast@v4.3.0,10112,1.8544e+08,23330732544
NVIDIA L40S,dna_r10.4.1_e8.2_400bps_fast@v4.3.0,10176,1.69661e+08,23446078976
NVIDIA L40S,dna_r10.4.1_e8.2_400bps_fast@v4.3.0,10240,1.9607e+08,23555133952
NVIDIA L40S,dna_r10.4.1_e8.2_400bps_fast@v5.0.0,64,4.34325e+07,1223602688
NVIDIA L40S,dna_r10.4.1_e8.2_400bps_fast@v5.0.0,128,7.0553e+07,1371934720
NVIDIA L40S,dna_r10.4.1_e8.2_400bps_fast@v5.0.0,192,9.5181e+07,1518170112
NVIDIA L40S,dna_r10.4.1_e8.2_400bps_fast@v5.0.0,256,1.17113e+08,1666501120
NVIDIA L40S,dna_r10.4.1_e8.2_400bps_fast@v5.0.0,320,1.31141e+08,1812736512
NVIDIA L40S,dna_r10.4.1_e8.2_400bps_fast@v5.0.0,384,1.46369e+08,1958971392
NVIDIA L40S,dna_r10.4.1_e8.2_400bps_fast@v5.0.0,448,1.54992e+08,2105206784
NVIDIA L40S,dna_r10.4.1_e8.2_400bps_fast@v5.0.0,512,1.67688e+08,2253537792
NVIDIA L40S,dna_r10.4.1_e8.2_400bps_fast@v5.0.0,576,1.70521e+08,2399773184
NVIDIA L40S,dna_r10.4.1_e8.2_400bps_fast@v5.0.0,640,1.78129e+08,2548105216
NVIDIA L40S,dna_r10.4.1_e8.2_400bps_fast@v5.0.0,704,1.8301e+08,2693454848
NVIDIA L40S,dna_r10.4.1_e8.2_400bps_fast@v5.0.0,768,1.88232e+08,2840574464
NVIDIA L40S,dna_r10.4.1_e8.2_400bps_fast@v5.0.0,832,1.91763e+08,2987097600
NVIDIA L40S,dna_r10.4.1_e8.2_400bps_fast@v5.0.0,896,1.96612e+08,3137064960
NVIDIA L40S,dna_r10.4.1_e8.2_400bps_fast@v5.0.0,960,1.96421e+08,3283474432
NVIDIA L40S,dna_r10.4.1_e8.2_400bps_fast@v5.0.0,1024,1.96643e+08,3428610560
NVIDIA L40S,dna_r10.4.1_e8.2_400bps_fast@v5.0.0,1088,2.01667e+08,3575943680
NVIDIA L40S,dna_r10.4.1_e8.2_400bps_fast@v5.0.0,1152,1.89542e+08,3722254336
NVIDIA L40S,dna_r10.4.1_e8.2_400bps_fast@v5.0.0,1216,1.93913e+08,3872929280
NVIDIA L40S,dna_r10.4.1_e8.2_400bps_fast@v5.0.0,1280,1.96572e+08,4016744960
NVIDIA L40S,dna_r10.4.1_e8.2_400bps_fast@v5.0.0,1344,2.0216e+08,4163767808
NVIDIA L40S,dna_r10.4.1_e8.2_400bps_fast@v5.0.0,1408,2.01971e+08,4311638016
NVIDIA L40S,dna_r10.4.1_e8.2_400bps_fast@v5.0.0,1472,2.04995e+08,4461605888
NVIDIA L40S,dna_r10.4.1_e8.2_400bps_fast@v5.0.0,1536,2.09186e+08,4605280768
NVIDIA L40S,dna_r10.4.1_e8.2_400bps_fast@v5.0.0,1600,2.0873e+08,4755248640
NVIDIA L40S,dna_r10.4.1_e8.2_400bps_fast@v5.0.0,1664,2.10885e+08,4898924544
NVIDIA L40S,dna_r10.4.1_e8.2_400bps_fast@v5.0.0,1728,2.08345e+08,5047607296
NVIDIA L40S,dna_r10.4.1_e8.2_400bps_fast@v5.0.0,1792,2.08974e+08,5194730496
NVIDIA L40S,dna_r10.4.1_e8.2_400bps_fast@v5.0.0,1856,2.09041e+08,5340644864
NVIDIA L40S,dna_r10.4.1_e8.2_400bps_fast@v5.0.0,1920,2.12222e+08,5490405376
NVIDIA L40S,dna_r10.4.1_e8.2_400bps_fast@v5.0.0,1984,2.11223e+08,5634081792
NVIDIA L40S,dna_r10.4.1_e8.2_400bps_fast@v5.0.0,2048,2.06094e+08,5783474688
NVIDIA L40S,dna_r10.4.1_e8.2_400bps_fast@v5.0.0,2112,2.16094e+08,5930418688
NVIDIA L40S,dna_r10.4.1_e8.2_400bps_fast@v5.0.0,2176,2.14339e+08,6075765248
NVIDIA L40S,dna_r10.4.1_e8.2_400bps_fast@v5.0.0,2240,2.14166e+08,6224142336
NVIDIA L40S,dna_r10.4.1_e8.2_400bps_fast@v5.0.0,2304,2.09743e+08,6369275392
NVIDIA L40S,dna_r10.4.1_e8.2_400bps_fast@v5.0.0,2368,2.09497e+08,6516745728
NVIDIA L40S,dna_r10.4.1_e8.2_400bps_fast@v5.0.0,2432,2.11124e+08,6666394112
NVIDIA L40S,dna_r10.4.1_e8.2_400bps_fast@v5.0.0,2496,2.09129e+08,6809003520
NVIDIA L40S,dna_r10.4.1_e8.2_400bps_fast@v5.0.0,2560,2.11778e+08,6958621184
NVIDIA L40S,dna_r10.4.1_e8.2_400bps_fast@v5.0.0,2624,2.17486e+08,7147902976
NVIDIA L40S,dna_r10.4.1_e8.2_400bps_fast@v5.0.0,2688,2.12346e+08,7251118592
NVIDIA L40S,dna_r10.4.1_e8.2_400bps_fast@v5.0.0,2752,2.13909e+08,7402509824
NVIDIA L40S,dna_r10.4.1_e8.2_400bps_fast@v5.0.0,2816,2.12933e+08,7545119232
NVIDIA L40S,dna_r10.4.1_e8.2_400bps_fast@v5.0.0,2880,2.16404e+08,7694349824
NVIDIA L40S,dna_r10.4.1_e8.2_400bps_fast@v5.0.0,2944,2.15339e+08,7841648640
NVIDIA L40S,dna_r10.4.1_e8.2_400bps_fast@v5.0.0,3008,2.07596e+08,7988336128
NVIDIA L40S,dna_r10.4.1_e8.2_400bps_fast@v5.0.0,3072,2.11825e+08,8133681664
NVIDIA L40S,dna_r10.4.1_e8.2_400bps_fast@v5.0.0,3136,2.08244e+08,8279028224
NVIDIA L40S,dna_r10.4.1_e8.2_400bps_fast@v5.0.0,3200,1.97932e+08,8428404736
NVIDIA L40S,dna_r10.4.1_e8.2_400bps_fast@v5.0.0,3264,2.09149e+08,8577732608
NVIDIA L40S,dna_r10.4.1_e8.2_400bps_fast@v5.0.0,3328,2.07002e+08,8721646080
NVIDIA L40S,dna_r10.4.1_e8.2_400bps_fast@v5.0.0,3392,2.07525e+08,8868802048
NVIDIA L40S,dna_r10.4.1_e8.2_400bps_fast@v5.0.0,3456,2.04973e+08,9012051456
NVIDIA L40S,dna_r10.4.1_e8.2_400bps_fast@v5.0.0,3520,1.98257e+08,9161995264
NVIDIA L40S,dna_r10.4.1_e8.2_400bps_fast@v5.0.0,3584,2.04767e+08,9311787520
NVIDIA L40S,dna_r10.4.1_e8.2_400bps_fast@v5.0.0,3648,2.08574e+08,9457761792
NVIDIA L40S,dna_r10.4.1_e8.2_400bps_fast@v5.0.0,3712,2.04319e+08,9604565504
NVIDIA L40S,dna_r10.4.1_e8.2_400bps_fast@v5.0.0,3776,2.04057e+08,9747186176
NVIDIA L40S,dna_r10.4.1_e8.2_400bps_fast@v5.0.0,3840,2.07597e+08,9897150976
NVIDIA L40S,dna_r10.4.1_e8.2_400bps_fast@v5.0.0,3904,2.08102e+08,10045021696
NVIDIA L40S,dna_r10.4.1_e8.2_400bps_fast@v5.0.0,3968,2.11282e+08,10191599104
NVIDIA L40S,dna_r10.4.1_e8.2_400bps_fast@v5.0.0,4032,2.04486e+08,10338584064
NVIDIA L40S,dna_r10.4.1_e8.2_400bps_fast@v5.0.0,4096,2.06677e+08,10489582080
NVIDIA L40S,dna_r10.4.1_e8.2_400bps_fast@v5.0.0,4160,2.13163e+08,10632191488
NVIDIA L40S,dna_r10.4.1_e8.2_400bps_fast@v5.0.0,4224,2.03713e+08,10781372928
NVIDIA L40S,dna_r10.4.1_e8.2_400bps_fast@v5.0.0,4288,2.11246e+08,10924622336
NVIDIA L40S,dna_r10.4.1_e8.2_400bps_fast@v5.0.0,4352,2.01853e+08,11072065024
NVIDIA L40S,dna_r10.4.1_e8.2_400bps_fast@v5.0.0,4416,2.04481e+08,11223600640
NVIDIA L40S,dna_r10.4.1_e8.2_400bps_fast@v5.0.0,4480,2.12232e+08,11368307200
NVIDIA L40S,dna_r10.4.1_e8.2_400bps_fast@v5.0.0,4544,2.06669e+08,11515110912
NVIDIA L40S,dna_r10.4.1_e8.2_400bps_fast@v5.0.0,4608,2.04733e+08,11659817472
NVIDIA L40S,dna_r10.4.1_e8.2_400bps_fast@v5.0.0,4672,2.072e+08,11905751552
NVIDIA L40S,dna_r10.4.1_e8.2_400bps_fast@v5.0.0,4736,2.10525e+08,11956726272
NVIDIA L40S,dna_r10.4.1_e8.2_400bps_fast@v5.0.0,4800,2.08504e+08,12102072832
NVIDIA L40S,dna_r10.4.1_e8.2_400bps_fast@v5.0.0,4864,2.06117e+08,12251226624
NVIDIA L40S,dna_r10.4.1_e8.2_400bps_fast@v5.0.0,4928,2.13069e+08,12395933184
NVIDIA L40S,dna_r10.4.1_e8.2_400bps_fast@v5.0.0,4992,2.03975e+08,12542736896
NVIDIA L40S,dna_r10.4.1_e8.2_400bps_fast@v5.0.0,5056,2.02947e+08,12691846656
NVIDIA L40S,dna_r10.4.1_e8.2_400bps_fast@v5.0.0,5120,2.06689e+08,12835095040
NVIDIA L40S,dna_r10.4.1_e8.2_400bps_fast@v5.0.0,5184,2.00205e+08,12984635904
NVIDIA L40S,dna_r10.4.1_e8.2_400bps_fast@v5.0.0,5248,2.07103e+08,13134146048
NVIDIA L40S,dna_r10.4.1_e8.2_400bps_fast@v5.0.0,5312,2.04056e+08,13278852608
NVIDIA L40S,dna_r10.4.1_e8.2_400bps_fast@v5.0.0,5376,2.08526e+08,13425656320
NVIDIA L40S,dna_r10.4.1_e8.2_400bps_fast@v5.0.0,5440,2.13762e+08,13570362880
NVIDIA L40S,dna_r10.4.1_e8.2_400bps_fast@v5.0.0,5504,2.0824e+08,13723458048
NVIDIA L40S,dna_r10.4.1_e8.2_400bps_fast@v5.0.0,5568,2.03449e+08,13870261760
NVIDIA L40S,dna_r10.4.1_e8.2_400bps_fast@v5.0.0,5632,2.11653e+08,14014968320
NVIDIA L40S,dna_r10.4.1_e8.2_400bps_fast@v5.0.0,5696,1.95204e+08,14161772032
NVIDIA L40S,dna_r10.4.1_e8.2_400bps_fast@v5.0.0,5760,1.93867e+08,14306478592
NVIDIA L40S,dna_r10.4.1_e8.2_400bps_fast@v5.0.0,5824,2.00739e+08,14453282304
NVIDIA L40S,dna_r10.4.1_e8.2_400bps_fast@v5.0.0,5888,1.95163e+08,14606377472
NVIDIA L40S,dna_r10.4.1_e8.2_400bps_fast@v5.0.0,5952,2.04827e+08,14748986880
NVIDIA L40S,dna_r10.4.1_e8.2_400bps_fast@v5.0.0,6016,2.00826e+08,14899984896
NVIDIA L40S,dna_r10.4.1_e8.2_400bps_fast@v5.0.0,6080,2.03738e+08,15040497152
NVIDIA L40S,dna_r10.4.1_e8.2_400bps_fast@v5.0.0,6144,2.01365e+08,15189398016
NVIDIA L40S,dna_r10.4.1_e8.2_400bps_fast@v5.0.0,6208,1.91665e+08,15336201728
NVIDIA L40S,dna_r10.4.1_e8.2_400bps_fast@v5.0.0,6272,2.04843e+08,15480908288
NVIDIA L40S,dna_r10.4.1_e8.2_400bps_fast@v5.0.0,6336,2.11984e+08,15634003456
NVIDIA L40S,dna_r10.4.1_e8.2_400bps_fast@v5.0.0,6400,2.14169e+08,15780807168
NVIDIA L40S,dna_r10.4.1_e8.2_400bps_fast@v5.0.0,6464,2.03909e+08,15925513728
NVIDIA L40S,dna_r10.4.1_e8.2_400bps_fast@v5.0.0,6528,2.05916e+08,16072317440
NVIDIA L40S,dna_r10.4.1_e8.2_400bps_fast@v5.0.0,6592,2.03043e+08,16217024000
NVIDIA L40S,dna_r10.4.1_e8.2_400bps_fast@v5.0.0,6656,2.04249e+08,16365924864
NVIDIA L40S,dna_r10.4.1_e8.2_400bps_fast@v5.0.0,6720,2.07668e+08,16516922880
NVIDIA L40S,dna_r10.4.1_e8.2_400bps_fast@v5.0.0,6784,2.12427e+08,16659532288
NVIDIA L40S,dna_r10.4.1_e8.2_400bps_fast@v5.0.0,6848,2.03131e+08,16808433152
NVIDIA L40S,dna_r10.4.1_e8.2_400bps_fast@v5.0.0,6912,2.05826e+08,16951042560
NVIDIA L40S,dna_r10.4.1_e8.2_400bps_fast@v5.0.0,6976,2.00852e+08,17102040576
NVIDIA L40S,dna_r10.4.1_e8.2_400bps_fast@v5.0.0,7040,2.08235e+08,17246747136
NVIDIA L40S,dna_r10.4.1_e8.2_400bps_fast@v5.0.0,7104,1.93337e+08,17391453696
NVIDIA L40S,dna_r10.4.1_e8.2_400bps_fast@v5.0.0,7168,1.94433e+08,17542451712
NVIDIA L40S,dna_r10.4.1_e8.2_400bps_fast@v5.0.0,7232,1.95329e+08,17687158272
NVIDIA L40S,dna_r10.4.1_e8.2_400bps_fast@v5.0.0,7296,1.96319e+08,17838156288
NVIDIA L40S,dna_r10.4.1_e8.2_400bps_fast@v5.0.0,7360,2.03748e+08,17982862848
NVIDIA L40S,dna_r10.4.1_e8.2_400bps_fast@v5.0.0,7424,2.01775e+08,18127569408
NVIDIA L40S,dna_r10.4.1_e8.2_400bps_fast@v5.0.0,7488,2.09083e+08,18274373120
NVIDIA L40S,dna_r10.4.1_e8.2_400bps_fast@v5.0.0,7552,1.99983e+08,18421176832
NVIDIA L40S,dna_r10.4.1_e8.2_400bps_fast@v5.0.0,7616,2.10249e+08,18572174848
NVIDIA L40S,dna_r10.4.1_e8.2_400bps_fast@v5.0.0,7680,1.93686e+08,18721075712
NVIDIA L40S,dna_r10.4.1_e8.2_400bps_fast@v5.0.0,7744,1.94488e+08,18861587968
NVIDIA L40S,dna_r10.4.1_e8.2_400bps_fast@v5.0.0,7808,1.95226e+08,19010488832
NVIDIA L40S,dna_r10.4.1_e8.2_400bps_fast@v5.0.0,7872,1.97382e+08,19159389696
NVIDIA L40S,dna_r10.4.1_e8.2_400bps_fast@v5.0.0,7936,2.03226e+08,19304096256
NVIDIA L40S,dna_r10.4.1_e8.2_400bps_fast@v5.0.0,8000,2.00637e+08,19455094272
NVIDIA L40S,dna_r10.4.1_e8.2_400bps_fast@v5.0.0,8064,2.05904e+08,19597703680
NVIDIA L40S,dna_r10.4.1_e8.2_400bps_fast@v5.0.0,8128,2.0842e+08,19744507392
NVIDIA L40S,dna_r10.4.1_e8.2_400bps_fast@v5.0.0,8192,1.98665e+08,19895505408
NVIDIA L40S,dna_r10.4.1_e8.2_400bps_fast@v5.0.0,8256,2.08025e+08,20040211968
NVIDIA L40S,dna_r10.4.1_e8.2_400bps_fast@v5.0.0,8320,2.13604e+08,20153461248
NVIDIA L40S,dna_r10.4.1_e8.2_400bps_fast@v5.0.0,8384,2.14272e+08,20262516224
NVIDIA L40S,dna_r10.4.1_e8.2_400bps_fast@v5.0.0,8448,2.02361e+08,20379959808
NVIDIA L40S,dna_r10.4.1_e8.2_400bps_fast@v5.0.0,8512,2.01949e+08,20497403392
NVIDIA L40S,dna_r10.4.1_e8.2_400bps_fast@v5.0.0,8576,1.88303e+08,20606458368
NVIDIA L40S,dna_r10.4.1_e8.2_400bps_fast@v5.0.0,8640,1.82621e+08,20721804800
NVIDIA L40S,dna_r10.4.1_e8.2_400bps_fast@v5.0.0,8704,2.07554e+08,20828762624
NVIDIA L40S,dna_r10.4.1_e8.2_400bps_fast@v5.0.0,8768,2.08793e+08,20944109056
NVIDIA L40S,dna_r10.4.1_e8.2_400bps_fast@v5.0.0,8832,1.7779e+08,21063649792
NVIDIA L40S,dna_r10.4.1_e8.2_400bps_fast@v5.0.0,8896,2.10572e+08,21174801920
NVIDIA L40S,dna_r10.4.1_e8.2_400bps_fast@v5.0.0,8960,2.12436e+08,21288051200
NVIDIA L40S,dna_r10.4.1_e8.2_400bps_fast@v5.0.0,9024,2.13793e+08,21403397632
NVIDIA L40S,dna_r10.4.1_e8.2_400bps_fast@v5.0.0,9088,1.99351e+08,21648767488
NVIDIA L40S,dna_r10.4.1_e8.2_400bps_fast@v5.0.0,9152,1.85202e+08,21627799040
NVIDIA L40S,dna_r10.4.1_e8.2_400bps_fast@v5.0.0,9216,1.85815e+08,21738951168
NVIDIA L40S,dna_r10.4.1_e8.2_400bps_fast@v5.0.0,9280,1.86191e+08,21856394752
NVIDIA L40S,dna_r10.4.1_e8.2_400bps_fast@v5.0.0,9344,1.88425e+08,21971741184
NVIDIA L40S,dna_r10.4.1_e8.2_400bps_fast@v5.0.0,9408,2.05379e+08,22078699008
NVIDIA L40S,dna_r10.4.1_e8.2_400bps_fast@v5.0.0,9472,1.75552e+08,22196142592
NVIDIA L40S,dna_r10.4.1_e8.2_400bps_fast@v5.0.0,9536,2.09447e+08,22305197568
NVIDIA L40S,dna_r10.4.1_e8.2_400bps_fast@v5.0.0,9600,1.93084e+08,22420544000
NVIDIA L40S,dna_r10.4.1_e8.2_400bps_fast@v5.0.0,9664,2.11212e+08,22537987584
NVIDIA L40S,dna_r10.4.1_e8.2_400bps_fast@v5.0.0,9728,1.99529e+08,22647042560
NVIDIA L40S,dna_r10.4.1_e8.2_400bps_fast@v5.0.0,9792,2.05805e+08,22762388992
NVIDIA L40S,dna_r10.4.1_e8.2_400bps_fast@v5.0.0,9856,1.96721e+08,22873541120
NVIDIA L40S,dna_r10.4.1_e8.2_400bps_fast@v5.0.0,9920,1.98879e+08,22986790400
NVIDIA L40S,dna_r10.4.1_e8.2_400bps_fast@v5.0.0,9984,1.99761e+08,23102136832
NVIDIA L40S,dna_r10.4.1_e8.2_400bps_fast@v5.0.0,10048,2.04529e+08,23211191808
NVIDIA L40S,dna_r10.4.1_e8.2_400bps_fast@v5.0.0,10112,2.03772e+08,23330732544
NVIDIA L40S,dna_r10.4.1_e8.2_400bps_fast@v5.0.0,10176,1.94432e+08,23446078976
NVIDIA L40S,dna_r10.4.1_e8.2_400bps_fast@v5.0.0,10240,1.80303e+08,23555133952
NVIDIA L40S,dna_r10.4.1_e8.2_400bps_fast@v5.2.0,64,4.0116e+07,1223602688
NVIDIA L40S,dna_r10.4.1_e8.2_400bps_fast@v5.2.0,128,6.62324e+07,1371934720
NVIDIA L40S,dna_r10.4.1_e8.2_400bps_fast@v5.2.0,192,8.9393e+07,1518170112
NVIDIA L40S,dna_r10.4.1_e8.2_400bps_fast@v5.2.0,256,1.10952e+08,1666501120
NVIDIA L40S,dna_r10.4.1_e8.2_400bps_fast@v5.2.0,320,1.2527e+08,1812736512
NVIDIA L40S,dna_r10.4.1_e8.2_400bps_fast@v5.2.0,384,1.3953e+08,1958971392
NVIDIA L40S,dna_r10.4.1_e8.2_400bps_fast@v5.2.0,448,1.51362e+08,2105206784
NVIDIA L40S,dna_r10.4.1_e8.2_400bps_fast@v5.2.0,512,1.60775e+08,2253537792
NVIDIA L40S,dna_r10.4.1_e8.2_400bps_fast@v5.2.0,576,1.65578e+08,2411289088
NVIDIA L40S,dna_r10.4.1_e8.2_400bps_fast@v5.2.0,640,1.65702e+08,2548105216
NVIDIA L40S,dna_r10.4.1_e8.2_400bps_fast@v5.2.0,704,1.80109e+08,2693454848
NVIDIA L40S,dna_r10.4.1_e8.2_400bps_fast@v5.2.0,768,1.84015e+08,2840574464
NVIDIA L40S,dna_r10.4.1_e8.2_400bps_fast@v5.2.0,832,1.87846e+08,2987097600
NVIDIA L40S,dna_r10.4.1_e8.2_400bps_fast@v5.2.0,896,1.88048e+08,3137130496
NVIDIA L40S,dna_r10.4.1_e8.2_400bps_fast@v5.2.0,960,1.92411e+08,3283474432
NVIDIA L40S,dna_r10.4.1_e8.2_400bps_fast@v5.2.0,1024,1.96912e+08,3428610560
NVIDIA L40S,dna_r10.4.1_e8.2_400bps_fast@v5.2.0,1088,1.9628e+08,3597695488
NVIDIA L40S,dna_r10.4.1_e8.2_400bps_fast@v5.2.0,1152,1.85032e+08,3722254336
NVIDIA L40S,dna_r10.4.1_e8.2_400bps_fast@v5.2.0,1216,1.92547e+08,3872929280
NVIDIA L40S,dna_r10.4.1_e8.2_400bps_fast@v5.2.0,1280,1.92708e+08,4016744960
NVIDIA L40S,dna_r10.4.1_e8.2_400bps_fast@v5.2.0,1344,1.95345e+08,4190637568
NVIDIA L40S,dna_r10.4.1_e8.2_400bps_fast@v5.2.0,1408,2.01285e+08,4311638016
NVIDIA L40S,dna_r10.4.1_e8.2_400bps_fast@v5.2.0,1472,2.00467e+08,4461605888
NVIDIA L40S,dna_r10.4.1_e8.2_400bps_fast@v5.2.0,1536,2.01779e+08,4605280768
NVIDIA L40S,dna_r10.4.1_e8.2_400bps_fast@v5.2.0,1600,2.05731e+08,4755248640
NVIDIA L40S,dna_r10.4.1_e8.2_400bps_fast@v5.2.0,1664,2.04005e+08,4932478976
NVIDIA L40S,dna_r10.4.1_e8.2_400bps_fast@v5.2.0,1728,2.03474e+08,5047607296
NVIDIA L40S,dna_r10.4.1_e8.2_400bps_fast@v5.2.0,1792,2.07e+08,5194730496
NVIDIA L40S,dna_r10.4.1_e8.2_400bps_fast@v5.2.0,1856,2.09207e+08,5340644864
NVIDIA L40S,dna_r10.4.1_e8.2_400bps_fast@v5.2.0,1920,2.05363e+08,5490405376
NVIDIA L40S,dna_r10.4.1_e8.2_400bps_fast@v5.2.0,1984,2.09253e+08,5634081792
NVIDIA L40S,dna_r10.4.1_e8.2_400bps_fast@v5.2.0,2048,2.09857e+08,5783474688
NVIDIA L40S,dna_r10.4.1_e8.2_400bps_fast@v5.2.0,2112,2.12819e+08,5930418688
NVIDIA L40S,dna_r10.4.1_e8.2_400bps_fast@v5.2.0,2176,2.1051e+08,6075765248
NVIDIA L40S,dna_r10.4.1_e8.2_400bps_fast@v5.2.0,2240,2.11235e+08,6224142336
NVIDIA L40S,dna_r10.4.1_e8.2_400bps_fast@v5.2.0,2304,1.95327e+08,6369275392
NVIDIA L40S,dna_r10.4.1_e8.2_400bps_fast@v5.2.0,2368,2.0311e+08,6517493248
NVIDIA L40S,dna_r10.4.1_e8.2_400bps_fast@v5.2.0,2432,2.09581e+08,6665966592
NVIDIA L40S,dna_r10.4.1_e8.2_400bps_fast@v5.2.0,2496,2.10399e+08,6808896000
NVIDIA L40S,dna_r10.4.1_e8.2_400bps_fast@v5.2.0,2560,2.12199e+08,6958621184
NVIDIA L40S,dna_r10.4.1_e8.2_400bps_fast@v5.2.0,2624,2.09654e+08,7106491904
NVIDIA L40S,dna_r10.4.1_e8.2_400bps_fast@v5.2.0,2688,2.12391e+08,7251118592
NVIDIA L40S,dna_r10.4.1_e8.2_400bps_fast@v5.2.0,2752,2.09073e+08,7461230080
NVIDIA L40S,dna_r10.4.1_e8.2_400bps_fast@v5.2.0,2816,2.16487e+08,7545119232
NVIDIA L40S,dna_r10.4.1_e8.2_400bps_fast@v5.2.0,2880,2.06328e+08,7694349824
NVIDIA L40S,dna_r10.4.1_e8.2_400bps_fast@v5.2.0,2944,2.14862e+08,7841648640
NVIDIA L40S,dna_r10.4.1_e8.2_400bps_fast@v5.2.0,3008,2.08248e+08,7988336128
NVIDIA L40S,dna_r10.4.1_e8.2_400bps_fast@v5.2.0,3072,2.03322e+08,8133681664
NVIDIA L40S,dna_r10.4.1_e8.2_400bps_fast@v5.2.0,3136,2.07911e+08,8279028224
NVIDIA L40S,dna_r10.4.1_e8.2_400bps_fast@v5.2.0,3200,2.08217e+08,8428404736
NVIDIA L40S,dna_r10.4.1_e8.2_400bps_fast@v5.2.0,3264,2.0629e+08,8577732608
NVIDIA L40S,dna_r10.4.1_e8.2_400bps_fast@v5.2.0,3328,2.00432e+08,8721646080
NVIDIA L40S,dna_r10.4.1_e8.2_400bps_fast@v5.2.0,3392,2.09441e+08,8868802048
NVIDIA L40S,dna_r10.4.1_e8.2_400bps_fast@v5.2.0,3456,2.05248e+08,9012051456
NVIDIA L40S,dna_r10.4.1_e8.2_400bps_fast@v5.2.0,3520,2.02214e+08,9161995264
NVIDIA L40S,dna_r10.4.1_e8.2_400bps_fast@v5.2.0,3584,2.00844e+08,9311787520
NVIDIA L40S,dna_r10.4.1_e8.2_400bps_fast@v5.2.0,3648,2.04588e+08,9457761792
NVIDIA L40S,dna_r10.4.1_e8.2_400bps_fast@v5.2.0,3712,2.05211e+08,9604565504
NVIDIA L40S,dna_r10.4.1_e8.2_400bps_fast@v5.2.0,3776,1.97367e+08,9747187712
NVIDIA L40S,dna_r10.4.1_e8.2_400bps_fast@v5.2.0,3840,2.04311e+08,9897150976
NVIDIA L40S,dna_r10.4.1_e8.2_400bps_fast@v5.2.0,3904,2.05714e+08,10045021696
NVIDIA L40S,dna_r10.4.1_e8.2_400bps_fast@v5.2.0,3968,2.10898e+08,10191599104
NVIDIA L40S,dna_r10.4.1_e8.2_400bps_fast@v5.2.0,4032,2.0648e+08,10338584064
NVIDIA L40S,dna_r10.4.1_e8.2_400bps_fast@v5.2.0,4096,2.10062e+08,10489582080
NVIDIA L40S,dna_r10.4.1_e8.2_400bps_fast@v5.2.0,4160,2.00822e+08,10632191488
NVIDIA L40S,dna_r10.4.1_e8.2_400bps_fast@v5.2.0,4224,2.0366e+08,10781372928
NVIDIA L40S,dna_r10.4.1_e8.2_400bps_fast@v5.2.0,4288,2.10963e+08,10924622336
NVIDIA L40S,dna_r10.4.1_e8.2_400bps_fast@v5.2.0,4352,2.05608e+08,11072065024
NVIDIA L40S,dna_r10.4.1_e8.2_400bps_fast@v5.2.0,4416,2.08851e+08,11223600640
NVIDIA L40S,dna_r10.4.1_e8.2_400bps_fast@v5.2.0,4480,2.08757e+08,11368307200
NVIDIA L40S,dna_r10.4.1_e8.2_400bps_fast@v5.2.0,4544,2.13828e+08,11515110912
NVIDIA L40S,dna_r10.4.1_e8.2_400bps_fast@v5.2.0,4608,2.09069e+08,11659817472
NVIDIA L40S,dna_r10.4.1_e8.2_400bps_fast@v5.2.0,4672,2.02941e+08,11809282560
NVIDIA L40S,dna_r10.4.1_e8.2_400bps_fast@v5.2.0,4736,2.05484e+08,11956726272
NVIDIA L40S,dna_r10.4.1_e8.2_400bps_fast@v5.2.0,4800,2.03229e+08,12102072832
NVIDIA L40S,dna_r10.4.1_e8.2_400bps_fast@v5.2.0,4864,2.00519e+08,12251226624
NVIDIA L40S,dna_r10.4.1_e8.2_400bps_fast@v5.2.0,4928,2.11791e+08,12395933184
NVIDIA L40S,dna_r10.4.1_e8.2_400bps_fast@v5.2.0,4992,2.06507e+08,12542736896
NVIDIA L40S,dna_r10.4.1_e8.2_400bps_fast@v5.2.0,5056,1.99471e+08,12691846656
NVIDIA L40S,dna_r10.4.1_e8.2_400bps_fast@v5.2.0,5120,2.06767e+08,12835095040
NVIDIA L40S,dna_r10.4.1_e8.2_400bps_fast@v5.2.0,5184,2.14469e+08,12984635904
NVIDIA L40S,dna_r10.4.1_e8.2_400bps_fast@v5.2.0,5248,2.06991e+08,13134146048
NVIDIA L40S,dna_r10.4.1_e8.2_400bps_fast@v5.2.0,5312,2.08402e+08,13278852608
NVIDIA L40S,dna_r10.4.1_e8.2_400bps_fast@v5.2.0,5376,2.0724e+08,13425656320
NVIDIA L40S,dna_r10.4.1_e8.2_400bps_fast@v5.2.0,5440,1.99766e+08,13570362880
NVIDIA L40S,dna_r10.4.1_e8.2_400bps_fast@v5.2.0,5504,2.02058e+08,13723458048
NVIDIA L40S,dna_r10.4.1_e8.2_400bps_fast@v5.2.0,5568,2.08822e+08,13870261760
NVIDIA L40S,dna_r10.4.1_e8.2_400bps_fast@v5.2.0,5632,2.09855e+08,14014968320
NVIDIA L40S,dna_r10.4.1_e8.2_400bps_fast@v5.2.0,5696,2.02748e+08,14161772032
NVIDIA L40S,dna_r10.4.1_e8.2_400bps_fast@v5.2.0,5760,2.00156e+08,14306478592
NVIDIA L40S,dna_r10.4.1_e8.2_400bps_fast@v5.2.0,5824,2.01412e+08,14453282304
NVIDIA L40S,dna_r10.4.1_e8.2_400bps_fast@v5.2.0,5888,2.03707e+08,14606377472
NVIDIA L40S,dna_r10.4.1_e8.2_400bps_fast@v5.2.0,5952,2.05715e+08,14748986880
NVIDIA L40S,dna_r10.4.1_e8.2_400bps_fast@v5.2.0,6016,2.03846e+08,14899984896
NVIDIA L40S,dna_r10.4.1_e8.2_400bps_fast@v5.2.0,6080,2.0419e+08,15040497152
NVIDIA L40S,dna_r10.4.1_e8.2_400bps_fast@v5.2.0,6144,1.97115e+08,15189398016
NVIDIA L40S,dna_r10.4.1_e8.2_400bps_fast@v5.2.0,6208,2.0277e+08,15336201728
NVIDIA L40S,dna_r10.4.1_e8.2_400bps_fast@v5.2.0,6272,2.05388e+08,15480908288
NVIDIA L40S,dna_r10.4.1_e8.2_400bps_fast@v5.2.0,6336,2.12441e+08,15634003456
NVIDIA L40S,dna_r10.4.1_e8.2_400bps_fast@v5.2.0,6400,2.02168e+08,15780807168
NVIDIA L40S,dna_r10.4.1_e8.2_400bps_fast@v5.2.0,6464,2.0629e+08,15925513728
NVIDIA L40S,dna_r10.4.1_e8.2_400bps_fast@v5.2.0,6528,2.05813e+08,16072317440
NVIDIA L40S,dna_r10.4.1_e8.2_400bps_fast@v5.2.0,6592,2.02797e+08,16217024000
NVIDIA L40S,dna_r10.4.1_e8.2_400bps_fast@v5.2.0,6656,1.93303e+08,16365924864
NVIDIA L40S,dna_r10.4.1_e8.2_400bps_fast@v5.2.0,6720,2.03634e+08,16516922880
NVIDIA L40S,dna_r10.4.1_e8.2_400bps_fast@v5.2.0,6784,2.08161e+08,16659532288
NVIDIA L40S,dna_r10.4.1_e8.2_400bps_fast@v5.2.0,6848,2.03047e+08,16808433152
NVIDIA L40S,dna_r10.4.1_e8.2_400bps_fast@v5.2.0,6912,2.05618e+08,16951042560
NVIDIA L40S,dna_r10.4.1_e8.2_400bps_fast@v5.2.0,6976,2.06272e+08,17102040576
NVIDIA L40S,dna_r10.4.1_e8.2_400bps_fast@v5.2.0,7040,1.97749e+08,17246747136
NVIDIA L40S,dna_r10.4.1_e8.2_400bps_fast@v5.2.0,7104,1.91538e+08,17391453696
NVIDIA L40S,dna_r10.4.1_e8.2_400bps_fast@v5.2.0,7168,1.95773e+08,17542451712
NVIDIA L40S,dna_r10.4.1_e8.2_400bps_fast@v5.2.0,7232,1.95121e+08,17687158272
NVIDIA L40S,dna_r10.4.1_e8.2_400bps_fast@v5.2.0,7296,1.99775e+08,17838156288
NVIDIA L40S,dna_r10.4.1_e8.2_400bps_fast@v5.2.0,7360,1.97086e+08,17982862848
NVIDIA L40S,dna_r10.4.1_e8.2_400bps_fast@v5.2.0,7424,2.06247e+08,18127569408
NVIDIA L40S,dna_r10.4.1_e8.2_400bps_fast@v5.2.0,7488,2.01637e+08,18274373120
NVIDIA L40S,dna_r10.4.1_e8.2_400bps_fast@v5.2.0,7552,1.9575e+08,18421176832
NVIDIA L40S,dna_r10.4.1_e8.2_400bps_fast@v5.2.0,7616,1.96749e+08,18572174848
NVIDIA L40S,dna_r10.4.1_e8.2_400bps_fast@v5.2.0,7680,1.92682e+08,18721075712
NVIDIA L40S,dna_r10.4.1_e8.2_400bps_fast@v5.2.0,7744,1.95572e+08,19016777216
NVIDIA L40S,dna_r10.4.1_e8.2_400bps_fast@v5.2.0,7808,1.95638e+08,19010488832
NVIDIA L40S,dna_r10.4.1_e8.2_400bps_fast@v5.2.0,7872,2.00191e+08,19159389696
NVIDIA L40S,dna_r10.4.1_e8.2_400bps_fast@v5.2.0,7936,2.04814e+08,19304096256
NVIDIA L40S,dna_r10.4.1_e8.2_400bps_fast@v5.2.0,8000,1.96669e+08,19455094272
NVIDIA L40S,dna_r10.4.1_e8.2_400bps_fast@v5.2.0,8064,2.07334e+08,19597703680
NVIDIA L40S,dna_r10.4.1_e8.2_400bps_fast@v5.2.0,8128,2.08926e+08,19744507392
NVIDIA L40S,dna_r10.4.1_e8.2_400bps_fast@v5.2.0,8192,2.10049e+08,19895505408
NVIDIA L40S,dna_r10.4.1_e8.2_400bps_fast@v5.2.0,8256,1.98436e+08,20040211968
NVIDIA L40S,dna_r10.4.1_e8.2_400bps_fast@v5.2.0,8320,1.98656e+08,20153461248
NVIDIA L40S,dna_r10.4.1_e8.2_400bps_fast@v5.2.0,8384,1.92853e+08,20262516224
NVIDIA L40S,dna_r10.4.1_e8.2_400bps_fast@v5.2.0,8448,2.02194e+08,20379959808
NVIDIA L40S,dna_r10.4.1_e8.2_400bps_fast@v5.2.0,8512,2.03789e+08,20497403392
NVIDIA L40S,dna_r10.4.1_e8.2_400bps_fast@v5.2.0,8576,1.95023e+08,20606458368
NVIDIA L40S,dna_r10.4.1_e8.2_400bps_fast@v5.2.0,8640,2.07544e+08,20721804800
NVIDIA L40S,dna_r10.4.1_e8.2_400bps_fast@v5.2.0,8704,2.05993e+08,20828762624
NVIDIA L40S,dna_r10.4.1_e8.2_400bps_fast@v5.2.0,8768,2.09498e+08,20944109056
NVIDIA L40S,dna_r10.4.1_e8.2_400bps_fast@v5.2.0,8832,2.11123e+08,21197867520
NVIDIA L40S,dna_r10.4.1_e8.2_400bps_fast@v5.2.0,8896,2.09285e+08,21174801920
NVIDIA L40S,dna_r10.4.1_e8.2_400bps_fast@v5.2.0,8960,1.81277e+08,21288051200
NVIDIA L40S,dna_r10.4.1_e8.2_400bps_fast@v5.2.0,9024,2.06023e+08,21403397632
NVIDIA L40S,dna_r10.4.1_e8.2_400bps_fast@v5.2.0,9088,1.96847e+08,21510355456
NVIDIA L40S,dna_r10.4.1_e8.2_400bps_fast@v5.2.0,9152,2.01367e+08,21627799040
NVIDIA L40S,dna_r10.4.1_e8.2_400bps_fast@v5.2.0,9216,1.74448e+08,21738951168
NVIDIA L40S,dna_r10.4.1_e8.2_400bps_fast@v5.2.0,9280,1.88055e+08,21856394752
NVIDIA L40S,dna_r10.4.1_e8.2_400bps_fast@v5.2.0,9344,2.04271e+08,21971741184
NVIDIA L40S,dna_r10.4.1_e8.2_400bps_fast@v5.2.0,9408,1.8988e+08,22078699008
NVIDIA L40S,dna_r10.4.1_e8.2_400bps_fast@v5.2.0,9472,2.07842e+08,22196142592
NVIDIA L40S,dna_r10.4.1_e8.2_400bps_fast@v5.2.0,9536,2.07769e+08,22305197568
NVIDIA L40S,dna_r10.4.1_e8.2_400bps_fast@v5.2.0,9600,1.96606e+08,22420544000
NVIDIA L40S,dna_r10.4.1_e8.2_400bps_fast@v5.2.0,9664,1.83855e+08,22537987584
NVIDIA L40S,dna_r10.4.1_e8.2_400bps_fast@v5.2.0,9728,1.94499e+08,22647042560
NVIDIA L40S,dna_r10.4.1_e8.2_400bps_fast@v5.2.0,9792,2.04372e+08,22762388992
NVIDIA L40S,dna_r10.4.1_e8.2_400bps_fast@v5.2.0,9856,1.82437e+08,22873541120
NVIDIA L40S,dna_r10.4.1_e8.2_400bps_fast@v5.2.0,9920,1.98539e+08,22986790400
NVIDIA L40S,dna_r10.4.1_e8.2_400bps_fast@v5.2.0,9984,2.08121e+08,23102136832
NVIDIA L40S,dna_r10.4.1_e8.2_400bps_fast@v5.2.0,10048,2.03487e+08,23211191808
NVIDIA L40S,dna_r10.4.1_e8.2_400bps_fast@v5.2.0,10112,1.75975e+08,23330732544
NVIDIA L40S,dna_r10.4.1_e8.2_400bps_fast@v5.2.0,10176,1.86561e+08,23446078976
NVIDIA L40S,dna_r10.4.1_e8.2_400bps_fast@v5.2.0,10240,1.72529e+08,23555133952
NVIDIA L40S,dna_r10.4.1_e8.2_400bps_hac@v4.3.0,64,1.52907e+07,411560448
NVIDIA L40S,dna_r10.4.1_e8.2_400bps_hac@v4.3.0,128,2.86718e+07,803190272
NVIDIA L40S,dna_r10.4.1_e8.2_400bps_hac@v4.3.0,192,3.9308e+07,1198087680
NVIDIA L40S,dna_r10.4.1_e8.2_400bps_hac@v4.3.0,256,5.16447e+07,1581611520
NVIDIA L40S,dna_r10.4.1_e8.2_400bps_hac@v4.3.0,320,6.00615e+07,1972641792
NVIDIA L40S,dna_r10.4.1_e8.2_400bps_hac@v4.3.0,384,6.85901e+07,2371031040
NVIDIA L40S,dna_r10.4.1_e8.2_400bps_hac@v4.3.0,448,7.4307e+07,2761530880
NVIDIA L40S,dna_r10.4.1_e8.2_400bps_hac@v4.3.0,512,8.02548e+07,3153813504
NVIDIA L40S,dna_r10.4.1_e8.2_400bps_hac@v4.3.0,576,8.55879e+07,3547271680
NVIDIA L40S,dna_r10.4.1_e8.2_400bps_hac@v4.3.0,640,8.92929e+07,3936215040
NVIDIA L40S,dna_r10.4.1_e8.2_400bps_hac@v4.3.0,704,9.33404e+07,4315342848
NVIDIA L40S,dna_r10.4.1_e8.2_400bps_hac@v4.3.0,768,7.81515e+07,4717676032
NVIDIA L40S,dna_r10.4.1_e8.2_400bps_hac@v4.3.0,832,8.21982e+07,5111523328
NVIDIA L40S,dna_r10.4.1_e8.2_400bps_hac@v4.3.0,896,8.21517e+07,5503219712
NVIDIA L40S,dna_r10.4.1_e8.2_400bps_hac@v4.3.0,960,8.60713e+07,5890866688
NVIDIA L40S,dna_r10.4.1_e8.2_400bps_hac@v4.3.0,1024,8.96235e+07,6285754880
NVIDIA L40S,dna_r10.4.1_e8.2_400bps_hac@v4.3.0,1088,9.33139e+07,6674746368
NVIDIA L40S,dna_r10.4.1_e8.2_400bps_hac@v4.3.0,1152,9.49583e+07,7070614016
NVIDIA L40S,dna_r10.4.1_e8.2_400bps_hac@v4.3.0,1216,9.94638e+07,7461197312
NVIDIA L40S,dna_r10.4.1_e8.2_400bps_hac@v4.3.0,1280,1.02028e+08,7851175936
NVIDIA L40S,dna_r10.4.1_e8.2_400bps_hac@v4.3.0,1344,1.044e+08,8244110848
NVIDIA L40S,dna_r10.4.1_e8.2_400bps_hac@v4.3.0,1408,1.06603e+08,8640281088
NVIDIA L40S,dna_r10.4.1_e8.2_400bps_hac@v4.3.0,1472,1.08477e+08,9033646592
NVIDIA L40S,dna_r10.4.1_e8.2_400bps_hac@v4.3.0,1536,9.48262e+07,9426165248
NVIDIA L40S,dna_r10.4.1_e8.2_400bps_hac@v4.3.0,1600,9.74708e+07,9810182656
NVIDIA L40S,dna_r10.4.1_e8.2_400bps_hac@v4.3.0,1664,9.79426e+07,10195354624
NVIDIA L40S,dna_r10.4.1_e8.2_400bps_hac@v4.3.0,1728,9.80433e+07,10593853440
NVIDIA L40S,dna_r10.4.1_e8.2_400bps_hac@v4.3.0,1792,1.05149e+08,10992573440
NVIDIA L40S,dna_r10.4.1_e8.2_400bps_hac@v4.3.0,1856,9.97986e+07,11372026368
NVIDIA L40S,dna_r10.4.1_e8.2_400bps_hac@v4.3.0,1920,1.08933e+08,11764018176
NVIDIA L40S,dna_r10.4.1_e8.2_400bps_hac@v4.3.0,1984,1.04833e+08,12154009088
NVIDIA L40S,dna_r10.4.1_e8.2_400bps_hac@v4.3.0,2048,1.11429e+08,12553022464
NVIDIA L40S,dna_r10.4.1_e8.2_400bps_hac@v4.3.0,2112,1.0914e+08,12954972160
NVIDIA L40S,dna_r10.4.1_e8.2_400bps_hac@v4.3.0,2176,1.14779e+08,13339040256
NVIDIA L40S,dna_r10.4.1_e8.2_400bps_hac@v4.3.0,2240,1.13158e+08,13722366464
NVIDIA L40S,dna_r10.4.1_e8.2_400bps_hac@v4.3.0,2304,1.19018e+08,14118005760
NVIDIA L40S,dna_r10.4.1_e8.2_400bps_hac@v4.3.0,2368,1.15381e+08,14518163968
NVIDIA L40S,dna_r10.4.1_e8.2_400bps_hac@v4.3.0,2432,1.2299e+08,14901612544
NVIDIA L40S,dna_r10.4.1_e8.2_400bps_hac@v4.3.0,2496,1.19066e+08,15288800256
NVIDIA L40S,dna_r10.4.1_e8.2_400bps_hac@v4.3.0,2560,1.24245e+08,15681883136
NVIDIA L40S,dna_r10.4.1_e8.2_400bps_hac@v4.3.0,2624,1.19053e+08,16072883200
NVIDIA L40S,dna_r10.4.1_e8.2_400bps_hac@v4.3.0,2688,1.27978e+08,16463496192
NVIDIA L40S,dna_r10.4.1_e8.2_400bps_hac@v4.3.0,2752,1.19662e+08,16858544128
NVIDIA L40S,dna_r10.4.1_e8.2_400bps_hac@v4.3.0,2816,1.2805e+08,17177286144
NVIDIA L40S,dna_r10.4.1_e8.2_400bps_hac@v4.3.0,2880,1.23276e+08,17630931456
NVIDIA L40S,dna_r10.4.1_e8.2_400bps_hac@v4.3.0,2944,1.28714e+08,17965404160
NVIDIA L40S,dna_r10.4.1_e8.2_400bps_hac@v4.3.0,3008,1.02409e+08,18422660608
NVIDIA L40S,dna_r10.4.1_e8.2_400bps_hac@v4.3.0,3072,1.00969e+08,18840784384
NVIDIA L40S,dna_r10.4.1_e8.2_400bps_hac@v4.3.0,3136,1.03461e+08,19195832832
NVIDIA L40S,dna_r10.4.1_e8.2_400bps_hac@v4.3.0,3200,1.02341e+08,19593168384
NVIDIA L40S,dna_r10.4.1_e8.2_400bps_hac@v4.3.0,3264,1.04413e+08,19981689344
NVIDIA L40S,dna_r10.4.1_e8.2_400bps_hac@v4.3.0,3328,1.02381e+08,20378618880
NVIDIA L40S,dna_r10.4.1_e8.2_400bps_hac@v4.3.0,3392,9.82032e+07,20766153216
NVIDIA L40S,dna_r10.4.1_e8.2_400bps_hac@v4.3.0,3456,1.07062e+08,21163017728
NVIDIA L40S,dna_r10.4.1_e8.2_400bps_hac@v4.3.0,3520,1.02656e+08,21550452736
NVIDIA L40S,dna_r10.4.1_e8.2_400bps_hac@v4.3.0,3584,1.00243e+08,21940184064
NVIDIA L40S,dna_r10.4.1_e8.2_400bps_hac@v4.3.0,3648,1.09699e+08,22337001984
NVIDIA L40S,dna_r10.4.1_e8.2_400bps_hac@v4.3.0,3712,1.03297e+08,22738867712
NVIDIA L40S,dna_r10.4.1_e8.2_400bps_hac@v4.3.0,3776,1.04229e+08,23022039552
NVIDIA L40S,dna_r10.4.1_e8.2_400bps_hac@v4.3.0,3840,1.07605e+08,23501108736
NVIDIA L40S,dna_r10.4.1_e8.2_400bps_hac@v4.3.0,3904,1.16719e+08,23901280256
NVIDIA L40S,dna_r10.4.1_e8.2_400bps_hac@v4.3.0,3968,9.95881e+07,24286074368
NVIDIA L40S,dna_r10.4.1_e8.2_400bps_hac@v4.3.0,4032,1.16571e+08,24679149568
NVIDIA L40S,dna_r10.4.1_e8.2_400bps_hac@v4.3.0,4096,1.09303e+08,25091317248
NVIDIA L40S,dna_r10.4.1_e8.2_400bps_hac@v4.3.0,4160,1.11163e+08,25470730752
NVIDIA L40S,dna_r10.4.1_e8.2_400bps_hac@v4.3.0,4224,1.08619e+08,25846539776
NVIDIA L40S,dna_r10.4.1_e8.2_400bps_hac@v4.3.0,4288,1.14334e+08,26243203072
NVIDIA L40S,dna_r10.4.1_e8.2_400bps_hac@v4.3.0,4352,1.1234e+08,26631700992
NVIDIA L40S,dna_r10.4.1_e8.2_400bps_hac@v4.3.0,4416,1.14959e+08,27040446976
NVIDIA L40S,dna_r10.4.1_e8.2_400bps_hac@v4.3.0,4480,1.03447e+08,27424745984
NVIDIA L40S,dna_r10.4.1_e8.2_400bps_hac@v4.3.0,4544,1.09251e+08,27824051712
NVIDIA L40S,dna_r10.4.1_e8.2_400bps_hac@v4.3.0,4608,1.13308e+08,28196303872
NVIDIA L40S,dna_r10.4.1_e8.2_400bps_hac@v4.3.0,4672,1.11093e+08,28564911616
NVIDIA L40S,dna_r10.4.1_e8.2_400bps_hac@v4.3.0,4736,1.09163e+08,29018282496
NVIDIA L40S,dna_r10.4.1_e8.2_400bps_hac@v4.3.0,4800,1.04506e+08,29379985408
NVIDIA L40S,dna_r10.4.1_e8.2_400bps_hac@v4.3.0,4864,1.15983e+08,29780602880
NVIDIA L40S,dna_r10.4.1_e8.2_400bps_hac@v4.3.0,4928,1.0668e+08,30155602432
NVIDIA L40S,dna_r10.4.1_e8.2_400bps_hac@v4.3.0,4992,1.18354e+08,30558313984
NVIDIA L40S,dna_r10.4.1_e8.2_400bps_hac@v4.3.0,5056,1.10574e+08,30949690880
NVIDIA L40S,dna_r10.4.1_e8.2_400bps_hac@v4.3.0,5120,1.16758e+08,31222689280
NVIDIA L40S,dna_r10.4.1_e8.2_400bps_hac@v4.3.0,5184,1.00138e+08,31605548032
NVIDIA L40S,dna_r10.4.1_e8.2_400bps_hac@v4.3.0,5248,1.12117e+08,31996352512
NVIDIA L40S,dna_r10.4.1_e8.2_400bps_hac@v4.3.0,5312,1.14408e+08,32377799680
NVIDIA L40S,dna_r10.4.1_e8.2_400bps_hac@v4.3.0,5376,1.20582e+08,32788863488
NVIDIA L40S,dna_r10.4.1_e8.2_400bps_hac@v4.3.0,5440,1.0675e+08,33168454656
NVIDIA L40S,dna_r10.4.1_e8.2_400bps_hac@v4.3.0,5504,1.13076e+08,33578151424
NVIDIA L40S,dna_r10.4.1_e8.2_400bps_hac@v4.3.0,5568,1.09501e+08,33967834624
NVIDIA L40S,dna_r10.4.1_e8.2_400bps_hac@v4.3.0,5632,1.15467e+08,34351400960
NVIDIA L40S,dna_r10.4.1_e8.2_400bps_hac@v4.3.0,5696,1.1128e+08,34734711808
NVIDIA L40S,dna_r10.4.1_e8.2_400bps_hac@v4.3.0,5760,1.18326e+08,35114682368
NVIDIA L40S,dna_r10.4.1_e8.2_400bps_hac@v4.3.0,5824,1.1538e+08,35604197376
NVIDIA L40S,dna_r10.4.1_e8.2_400bps_hac@v4.3.0,5888,1.17974e+08,35925421568
NVIDIA L40S,dna_r10.4.1_e8.2_400bps_hac@v4.3.0,5952,1.00396e+08,36349047808
NVIDIA L40S,dna_r10.4.1_e8.2_400bps_hac@v4.3.0,6016,9.21889e+07,36711685120
NVIDIA L40S,dna_r10.4.1_e8.2_400bps_hac@v4.3.0,6080,1.03426e+08,37095279616
NVIDIA L40S,dna_r10.4.1_e8.2_400bps_hac@v4.3.0,6144,9.78046e+07,37495507456
NVIDIA L40S,dna_r10.4.1_e8.2_400bps_hac@v4.3.0,6208,1.05412e+08,37858070528
NVIDIA L40S,dna_r10.4.1_e8.2_400bps_hac@v4.3.0,6272,1.0202e+08,38226175488
NVIDIA L40S,dna_r10.4.1_e8.2_400bps_hac@v4.3.0,6336,9.69749e+07,38634264576
NVIDIA L40S,dna_r10.4.1_e8.2_400bps_hac@v4.3.0,6400,1.02771e+08,39224607744
NVIDIA L40S,dna_r10.4.1_e8.2_400bps_hac@v4.3.0,6464,1.08482e+08,39531621376
NVIDIA L40S,dna_r10.4.1_e8.2_400bps_hac@v4.3.0,6528,9.38724e+07,39788483072
NVIDIA L40S,dna_r10.4.1_e8.2_400bps_hac@v4.3.0,6592,1.00324e+08,40176285696
NVIDIA L40S,dna_r10.4.1_e8.2_400bps_hac@v4.3.0,6656,9.49006e+07,40574663168
NVIDIA L40S,dna_r10.4.1_e8.2_400bps_hac@v4.3.0,6720,1.07888e+08,40998383616
NVIDIA L40S,dna_r10.4.1_e8.2_400bps_hac@v4.3.0,6784,1.02521e+08,41350562816
NVIDIA L40S,dna_r10.4.1_e8.2_400bps_hac@v4.3.0,6848,1.08605e+08,41737733120
NVIDIA L40S,dna_r10.4.1_e8.2_400bps_hac@v4.3.0,6912,1.03866e+08,42136961024
NVIDIA L40S,dna_r10.4.1_e8.2_400bps_hac@v5.0.0,64,1.50379e+07,412719104
NVIDIA L40S,dna_r10.4.1_e8.2_400bps_hac@v5.0.0,128,2.82619e+07,802854912
NVIDIA L40S,dna_r10.4.1_e8.2_400bps_hac@v5.0.0,192,3.91187e+07,1197175296
NVIDIA L40S,dna_r10.4.1_e8.2_400bps_hac@v5.0.0,256,5.09923e+07,1580333056
NVIDIA L40S,dna_r10.4.1_e8.2_400bps_hac@v5.0.0,320,6.00681e+07,1978809344
NVIDIA L40S,dna_r10.4.1_e8.2_400bps_hac@v5.0.0,384,6.82251e+07,2371220480
NVIDIA L40S,dna_r10.4.1_e8.2_400bps_hac@v5.0.0,448,7.4224e+07,2761147904
NVIDIA L40S,dna_r10.4.1_e8.2_400bps_hac@v5.0.0,512,8.01099e+07,3153374720
NVIDIA L40S,dna_r10.4.1_e8.2_400bps_hac@v5.0.0,576,8.29948e+07,3546094592
NVIDIA L40S,dna_r10.4.1_e8.2_400bps_hac@v5.0.0,640,8.8722e+07,3936944128
NVIDIA L40S,dna_r10.4.1_e8.2_400bps_hac@v5.0.0,704,9.26238e+07,4329708544
NVIDIA L40S,dna_r10.4.1_e8.2_400bps_hac@v5.0.0,768,7.81451e+07,4717054976
NVIDIA L40S,dna_r10.4.1_e8.2_400bps_hac@v5.0.0,832,8.21901e+07,5111071232
NVIDIA L40S,dna_r10.4.1_e8.2_400bps_hac@v5.0.0,896,8.22979e+07,5503023104
NVIDIA L40S,dna_r10.4.1_e8.2_400bps_hac@v5.0.0,960,8.62293e+07,5895625216
NVIDIA L40S,dna_r10.4.1_e8.2_400bps_hac@v5.0.0,1024,8.87591e+07,6286030848
NVIDIA L40S,dna_r10.4.1_e8.2_400bps_hac@v5.0.0,1088,9.33102e+07,6656529408
NVIDIA L40S,dna_r10.4.1_e8.2_400bps_hac@v5.0.0,1152,9.53568e+07,7066471936
NVIDIA L40S,dna_r10.4.1_e8.2_400bps_hac@v5.0.0,1216,9.82263e+07,7458343936
NVIDIA L40S,dna_r10.4.1_e8.2_400bps_hac@v5.0.0,1280,1.00737e+08,7847995392
NVIDIA L40S,dna_r10.4.1_e8.2_400bps_hac@v5.0.0,1344,1.03096e+08,8239571456
NVIDIA L40S,dna_r10.4.1_e8.2_400bps_hac@v5.0.0,1408,1.0507e+08,8634851840
NVIDIA L40S,dna_r10.4.1_e8.2_400bps_hac@v5.0.0,1472,1.0844e+08,9026717696
NVIDIA L40S,dna_r10.4.1_e8.2_400bps_hac@v5.0.0,1536,9.33801e+07,9416393728
NVIDIA L40S,dna_r10.4.1_e8.2_400bps_hac@v5.0.0,1600,9.72423e+07,9819037184
NVIDIA L40S,dna_r10.4.1_e8.2_400bps_hac@v5.0.0,1664,9.77867e+07,10205605376
NVIDIA L40S,dna_r10.4.1_e8.2_400bps_hac@v5.0.0,1728,9.8235e+07,10559302656
NVIDIA L40S,dna_r10.4.1_e8.2_400bps_hac@v5.0.0,1792,1.03539e+08,10986993664
NVIDIA L40S,dna_r10.4.1_e8.2_400bps_hac@v5.0.0,1856,9.99205e+07,11371973632
NVIDIA L40S,dna_r10.4.1_e8.2_400bps_hac@v5.0.0,1920,1.09022e+08,11772430848
NVIDIA L40S,dna_r10.4.1_e8.2_400bps_hac@v5.0.0,1984,1.04813e+08,12157723648
NVIDIA L40S,dna_r10.4.1_e8.2_400bps_hac@v5.0.0,2048,1.10807e+08,12560928768
NVIDIA L40S,dna_r10.4.1_e8.2_400bps_hac@v5.0.0,2112,1.09242e+08,12943784960
NVIDIA L40S,dna_r10.4.1_e8.2_400bps_hac@v5.0.0,2176,1.14486e+08,13327362048
NVIDIA L40S,dna_r10.4.1_e8.2_400bps_hac@v5.0.0,2240,1.11454e+08,13721029120
NVIDIA L40S,dna_r10.4.1_e8.2_400bps_hac@v5.0.0,2304,1.15446e+08,14113637888
NVIDIA L40S,dna_r10.4.1_e8.2_400bps_hac@v5.0.0,2368,1.15354e+08,14511538176
NVIDIA L40S,dna_r10.4.1_e8.2_400bps_hac@v5.0.0,2432,1.20882e+08,14906868224
NVIDIA L40S,dna_r10.4.1_e8.2_400bps_hac@v5.0.0,2496,1.15993e+08,15292469248
NVIDIA L40S,dna_r10.4.1_e8.2_400bps_hac@v5.0.0,2560,1.22015e+08,15676877824
NVIDIA L40S,dna_r10.4.1_e8.2_400bps_hac@v5.0.0,2624,1.19897e+08,16072477696
NVIDIA L40S,dna_r10.4.1_e8.2_400bps_hac@v5.0.0,2688,1.22817e+08,16486729216
NVIDIA L40S,dna_r10.4.1_e8.2_400bps_hac@v5.0.0,2752,1.20623e+08,16857521664
NVIDIA L40S,dna_r10.4.1_e8.2_400bps_hac@v5.0.0,2816,1.28438e+08,17249033728
NVIDIA L40S,dna_r10.4.1_e8.2_400bps_hac@v5.0.0,2880,1.22239e+08,17630779392
NVIDIA L40S,dna_r10.4.1_e8.2_400bps_hac@v5.0.0,2944,1.29165e+08,18030113280
NVIDIA L40S,dna_r10.4.1_e8.2_400bps_hac@v5.0.0,3008,1.02066e+08,18422637056
NVIDIA L40S,dna_r10.4.1_e8.2_400bps_hac@v5.0.0,3072,1.01185e+08,18816170496
NVIDIA L40S,dna_r10.4.1_e8.2_400bps_hac@v5.0.0,3136,1.03348e+08,19195195904
NVIDIA L40S,dna_r10.4.1_e8.2_400bps_hac@v5.0.0,3200,1.0231e+08,19591411712
NVIDIA L40S,dna_r10.4.1_e8.2_400bps_hac@v5.0.0,3264,1.04372e+08,19990536704
NVIDIA L40S,dna_r10.4.1_e8.2_400bps_hac@v5.0.0,3328,1.0311e+08,20372589056
NVIDIA L40S,dna_r10.4.1_e8.2_400bps_hac@v5.0.0,3392,1.05141e+08,20765846528
NVIDIA L40S,dna_r10.4.1_e8.2_400bps_hac@v5.0.0,3456,1.06879e+08,21182728704
NVIDIA L40S,dna_r10.4.1_e8.2_400bps_hac@v5.0.0,3520,1.05693e+08,21550297088
NVIDIA L40S,dna_r10.4.1_e8.2_400bps_hac@v5.0.0,3584,1.06915e+08,21941139456
NVIDIA L40S,dna_r10.4.1_e8.2_400bps_hac@v5.0.0,3648,1.05911e+08,22335311872
NVIDIA L40S,dna_r10.4.1_e8.2_400bps_hac@v5.0.0,3712,1.00384e+08,22722756608
NVIDIA L40S,dna_r10.4.1_e8.2_400bps_hac@v5.0.0,3776,1.02128e+08,23107620352
NVIDIA L40S,dna_r10.4.1_e8.2_400bps_hac@v5.0.0,3840,1.07291e+08,23524824576
NVIDIA L40S,dna_r10.4.1_e8.2_400bps_hac@v5.0.0,3904,1.08369e+08,23895358464
NVIDIA L40S,dna_r10.4.1_e8.2_400bps_hac@v5.0.0,3968,1.01337e+08,24276468224
NVIDIA L40S,dna_r10.4.1_e8.2_400bps_hac@v5.0.0,4032,1.08578e+08,24679159808
NVIDIA L40S,dna_r10.4.1_e8.2_400bps_hac@v5.0.0,4096,1.09481e+08,25113122304
NVIDIA L40S,dna_r10.4.1_e8.2_400bps_hac@v5.0.0,4160,1.16303e+08,25470474752
NVIDIA L40S,dna_r10.4.1_e8.2_400bps_hac@v5.0.0,4224,1.057e+08,25861617664
NVIDIA L40S,dna_r10.4.1_e8.2_400bps_hac@v5.0.0,4288,1.11718e+08,26246562816
NVIDIA L40S,dna_r10.4.1_e8.2_400bps_hac@v5.0.0,4352,1.12866e+08,26656241664
NVIDIA L40S,dna_r10.4.1_e8.2_400bps_hac@v5.0.0,4416,1.14699e+08,27048250880
NVIDIA L40S,dna_r10.4.1_e8.2_400bps_hac@v5.0.0,4480,1.03614e+08,27425425920
NVIDIA L40S,dna_r10.4.1_e8.2_400bps_hac@v5.0.0,4544,1.00103e+08,27810813440
NVIDIA L40S,dna_r10.4.1_e8.2_400bps_hac@v5.0.0,4608,1.17367e+08,28177789952
NVIDIA L40S,dna_r10.4.1_e8.2_400bps_hac@v5.0.0,4672,1.07973e+08,28588205056
NVIDIA L40S,dna_r10.4.1_e8.2_400bps_hac@v5.0.0,4736,1.06351e+08,29029005312
NVIDIA L40S,dna_r10.4.1_e8.2_400bps_hac@v5.0.0,4800,1.04886e+08,29380396032
NVIDIA L40S,dna_r10.4.1_e8.2_400bps_hac@v5.0.0,4864,1.12109e+08,29798461952
NVIDIA L40S,dna_r10.4.1_e8.2_400bps_hac@v5.0.0,4928,1.12427e+08,30155789312
NVIDIA L40S,dna_r10.4.1_e8.2_400bps_hac@v5.0.0,4992,1.18318e+08,30574917120
NVIDIA L40S,dna_r10.4.1_e8.2_400bps_hac@v5.0.0,5056,1.16107e+08,30845843968
NVIDIA L40S,dna_r10.4.1_e8.2_400bps_hac@v5.0.0,5120,9.82232e+07,31337436672
NVIDIA L40S,dna_r10.4.1_e8.2_400bps_hac@v5.0.0,5184,1.05957e+08,31606245376
NVIDIA L40S,dna_r10.4.1_e8.2_400bps_hac@v5.0.0,5248,1.17785e+08,32116262912
NVIDIA L40S,dna_r10.4.1_e8.2_400bps_hac@v5.0.0,5312,1.14455e+08,32487736832
NVIDIA L40S,dna_r10.4.1_e8.2_400bps_hac@v5.0.0,5376,1.20137e+08,32804817920
NVIDIA L40S,dna_r10.4.1_e8.2_400bps_hac@v5.0.0,5440,1.16833e+08,33293862912
NVIDIA L40S,dna_r10.4.1_e8.2_400bps_hac@v5.0.0,5504,1.18211e+08,33556441088
NVIDIA L40S,dna_r10.4.1_e8.2_400bps_hac@v5.0.0,5568,1.13626e+08,33942497280
NVIDIA L40S,dna_r10.4.1_e8.2_400bps_hac@v5.0.0,5632,1.24993e+08,34463251968
NVIDIA L40S,dna_r10.4.1_e8.2_400bps_hac@v5.0.0,5696,1.15635e+08,34863728640
NVIDIA L40S,dna_r10.4.1_e8.2_400bps_hac@v5.0.0,5760,1.20932e+08,35180528128
NVIDIA L40S,dna_r10.4.1_e8.2_400bps_hac@v5.0.0,5824,1.09512e+08,35530179072
NVIDIA L40S,dna_r10.4.1_e8.2_400bps_hac@v5.0.0,5888,1.10564e+08,35892754432
NVIDIA L40S,dna_r10.4.1_e8.2_400bps_hac@v5.0.0,5952,9.68516e+07,36309652992
NVIDIA L40S,dna_r10.4.1_e8.2_400bps_hac@v5.0.0,6016,9.70591e+07,36711541248
NVIDIA L40S,dna_r10.4.1_e8.2_400bps_hac@v5.0.0,6080,9.86904e+07,37095306752
NVIDIA L40S,dna_r10.4.1_e8.2_400bps_hac@v5.0.0,6144,9.83139e+07,37453092864
NVIDIA L40S,dna_r10.4.1_e8.2_400bps_hac@v5.0.0,6208,1.06251e+08,37905999360
NVIDIA L40S,dna_r10.4.1_e8.2_400bps_hac@v5.0.0,6272,1.00461e+08,38363281408
NVIDIA L40S,dna_r10.4.1_e8.2_400bps_hac@v5.0.0,6336,1.10699e+08,38662795776
NVIDIA L40S,dna_r10.4.1_e8.2_400bps_hac@v5.0.0,6400,9.66801e+07,39051269632
NVIDIA L40S,dna_r10.4.1_e8.2_400bps_hac@v5.0.0,6464,1.04074e+08,39528024064
NVIDIA L40S,dna_r10.4.1_e8.2_400bps_hac@v5.0.0,6528,9.36218e+07,39822267904
NVIDIA L40S,dna_r10.4.1_e8.2_400bps_hac@v5.0.0,6592,1.06048e+08,40209620480
NVIDIA L40S,dna_r10.4.1_e8.2_400bps_hac@v5.0.0,6656,1.03041e+08,40779907072
NVIDIA L40S,dna_r10.4.1_e8.2_400bps_hac@v5.0.0,6720,1.1248e+08,40966736384
NVIDIA L40S,dna_r10.4.1_e8.2_400bps_hac@v5.0.0,6784,1.009e+08,41350355968
NVIDIA L40S,dna_r10.4.1_e8.2_400bps_hac@v5.0.0,6848,1.092e+08,41743053824
NVIDIA L40S,dna_r10.4.1_e8.2_400bps_hac@v5.0.0,6912,1.02166e+08,42128531456
NVIDIA L40S,dna_r10.4.1_e8.2_400bps_hac@v5.2.0,64,1.17834e+07,419365888
NVIDIA L40S,dna_r10.4.1_e8.2_400bps_hac@v5.2.0,128,2.22727e+07,810663936
NVIDIA L40S,dna_r10.4.1_e8.2_400bps_hac@v5.2.0,192,3.07352e+07,1201869312
NVIDIA L40S,dna_r10.4.1_e8.2_400bps_hac@v5.2.0,256,4.04241e+07,1588854784
NVIDIA L40S,dna_r10.4.1_e8.2_400bps_hac@v5.2.0,320,4.76733e+07,1979419648
NVIDIA L40S,dna_r10.4.1_e8.2_400bps_hac@v5.2.0,384,5.44877e+07,2371088896
NVIDIA L40S,dna_r10.4.1_e8.2_400bps_hac@v5.2.0,448,5.95274e+07,2768758272
NVIDIA L40S,dna_r10.4.1_e8.2_400bps_hac@v5.2.0,512,6.38738e+07,3161354240
NVIDIA L40S,dna_r10.4.1_e8.2_400bps_hac@v5.2.0,576,6.62091e+07,3551285760
NVIDIA L40S,dna_r10.4.1_e8.2_400bps_hac@v5.2.0,640,7.09476e+07,3944896000
NVIDIA L40S,dna_r10.4.1_e8.2_400bps_hac@v5.2.0,704,7.38092e+07,4334880768
NVIDIA L40S,dna_r10.4.1_e8.2_400bps_hac@v5.2.0,768,6.1385e+07,4709217792
NVIDIA L40S,dna_r10.4.1_e8.2_400bps_hac@v5.2.0,832,6.49321e+07,5117426688
NVIDIA L40S,dna_r10.4.1_e8.2_400bps_hac@v5.2.0,896,6.53107e+07,5509963776
NVIDIA L40S,dna_r10.4.1_e8.2_400bps_hac@v5.2.0,960,6.81991e+07,5898287616
NVIDIA L40S,dna_r10.4.1_e8.2_400bps_hac@v5.2.0,1024,7.03796e+07,6291911168
NVIDIA L40S,dna_r10.4.1_e8.2_400bps_hac@v5.2.0,1088,7.36792e+07,6682235904
NVIDIA L40S,dna_r10.4.1_e8.2_400bps_hac@v5.2.0,1152,7.60473e+07,7073187328
NVIDIA L40S,dna_r10.4.1_e8.2_400bps_hac@v5.2.0,1216,7.9033e+07,7467457536
NVIDIA L40S,dna_r10.4.1_e8.2_400bps_hac@v5.2.0,1280,8.04736e+07,7855099392
NVIDIA L40S,dna_r10.4.1_e8.2_400bps_hac@v5.2.0,1344,8.31777e+07,8249392640
NVIDIA L40S,dna_r10.4.1_e8.2_400bps_hac@v5.2.0,1408,8.43617e+07,8642097664
NVIDIA L40S,dna_r10.4.1_e8.2_400bps_hac@v5.2.0,1472,8.68102e+07,9038607360
NVIDIA L40S,dna_r10.4.1_e8.2_400bps_hac@v5.2.0,1536,7.52167e+07,9425199104
NVIDIA L40S,dna_r10.4.1_e8.2_400bps_hac@v5.2.0,1600,7.84595e+07,9819045376
NVIDIA L40S,dna_r10.4.1_e8.2_400bps_hac@v5.2.0,1664,7.83022e+07,10203379712
NVIDIA L40S,dna_r10.4.1_e8.2_400bps_hac@v5.2.0,1728,7.78763e+07,10600615424
NVIDIA L40S,dna_r10.4.1_e8.2_400bps_hac@v5.2.0,1792,8.41472e+07,10997006336
NVIDIA L40S,dna_r10.4.1_e8.2_400bps_hac@v5.2.0,1856,7.99034e+07,11379163648
NVIDIA L40S,dna_r10.4.1_e8.2_400bps_hac@v5.2.0,1920,8.81937e+07,11778338816
NVIDIA L40S,dna_r10.4.1_e8.2_400bps_hac@v5.2.0,1984,8.34608e+07,12159801344
NVIDIA L40S,dna_r10.4.1_e8.2_400bps_hac@v5.2.0,2048,8.9882e+07,12560122368
NVIDIA L40S,dna_r10.4.1_e8.2_400bps_hac@v5.2.0,2112,8.87473e+07,12952120320
NVIDIA L40S,dna_r10.4.1_e8.2_400bps_hac@v5.2.0,2176,9.33306e+07,13348285952
NVIDIA L40S,dna_r10.4.1_e8.2_400bps_hac@v5.2.0,2240,9.19203e+07,13728634368
NVIDIA L40S,dna_r10.4.1_e8.2_400bps_hac@v5.2.0,2304,9.67701e+07,14118619648
NVIDIA L40S,dna_r10.4.1_e8.2_400bps_hac@v5.2.0,2368,9.21567e+07,14515676160
NVIDIA L40S,dna_r10.4.1_e8.2_400bps_hac@v5.2.0,2432,9.94859e+07,14916363776
NVIDIA L40S,dna_r10.4.1_e8.2_400bps_hac@v5.2.0,2496,9.48793e+07,15289001472
NVIDIA L40S,dna_r10.4.1_e8.2_400bps_hac@v5.2.0,2560,9.88943e+07,15683479552
NVIDIA L40S,dna_r10.4.1_e8.2_400bps_hac@v5.2.0,2624,9.70848e+07,16082525696
NVIDIA L40S,dna_r10.4.1_e8.2_400bps_hac@v5.2.0,2688,1.01758e+08,16469861888
NVIDIA L40S,dna_r10.4.1_e8.2_400bps_hac@v5.2.0,2752,9.92645e+07,16864233984
NVIDIA L40S,dna_r10.4.1_e8.2_400bps_hac@v5.2.0,2816,1.03604e+08,17249554432
NVIDIA L40S,dna_r10.4.1_e8.2_400bps_hac@v5.2.0,2880,9.99104e+07,17638759424
NVIDIA L40S,dna_r10.4.1_e8.2_400bps_hac@v5.2.0,2944,1.05837e+08,18033795072
NVIDIA L40S,dna_r10.4.1_e8.2_400bps_hac@v5.2.0,3008,8.2045e+07,18435888640
NVIDIA L40S,dna_r10.4.1_e8.2_400bps_hac@v5.2.0,3072,8.31576e+07,18821098496
NVIDIA L40S,dna_r10.4.1_e8.2_400bps_hac@v5.2.0,3136,8.11303e+07,19128893440
NVIDIA L40S,dna_r10.4.1_e8.2_400bps_hac@v5.2.0,3200,8.37775e+07,19603146240
NVIDIA L40S,dna_r10.4.1_e8.2_400bps_hac@v5.2.0,3264,8.2248e+07,19990270464
NVIDIA L40S,dna_r10.4.1_e8.2_400bps_hac@v5.2.0,3328,8.37065e+07,20379263488
NVIDIA L40S,dna_r10.4.1_e8.2_400bps_hac@v5.2.0,3392,8.23186e+07,20778176000
NVIDIA L40S,dna_r10.4.1_e8.2_400bps_hac@v5.2.0,3456,8.31387e+07,21166384128
NVIDIA L40S,dna_r10.4.1_e8.2_400bps_hac@v5.2.0,3520,8.46873e+07,21543238144
NVIDIA L40S,dna_r10.4.1_e8.2_400bps_hac@v5.2.0,3584,8.6211e+07,21947525120
NVIDIA L40S,dna_r10.4.1_e8.2_400bps_hac@v5.2.0,3648,8.47072e+07,22341618176
NVIDIA L40S,dna_r10.4.1_e8.2_400bps_hac@v5.2.0,3712,8.26895e+07,22729925120
NVIDIA L40S,dna_r10.4.1_e8.2_400bps_hac@v5.2.0,3776,7.67388e+07,23114203648
NVIDIA L40S,dna_r10.4.1_e8.2_400bps_hac@v5.2.0,3840,8.45561e+07,23508327936
NVIDIA L40S,dna_r10.4.1_e8.2_400bps_hac@v5.2.0,3904,9.38017e+07,23801292800
NVIDIA L40S,dna_r10.4.1_e8.2_400bps_hac@v5.2.0,3968,8.40445e+07,24293643264
NVIDIA L40S,dna_r10.4.1_e8.2_400bps_hac@v5.2.0,4032,9.33135e+07,24685645824
NVIDIA L40S,dna_r10.4.1_e8.2_400bps_hac@v5.2.0,4096,8.98554e+07,25118239232
NVIDIA L40S,dna_r10.4.1_e8.2_400bps_hac@v5.2.0,4160,9.62369e+07,25481026048
NVIDIA L40S,dna_r10.4.1_e8.2_400bps_hac@v5.2.0,4224,8.55641e+07,25869757440
NVIDIA L40S,dna_r10.4.1_e8.2_400bps_hac@v5.2.0,4288,9.81117e+07,26252315136
NVIDIA L40S,dna_r10.4.1_e8.2_400bps_hac@v5.2.0,4352,9.06322e+07,26631109632
NVIDIA L40S,dna_r10.4.1_e8.2_400bps_hac@v5.2.0,4416,9.77913e+07,27047857152
NVIDIA L40S,dna_r10.4.1_e8.2_400bps_hac@v5.2.0,4480,9.02738e+07,27430351872
NVIDIA L40S,dna_r10.4.1_e8.2_400bps_hac@v5.2.0,4544,8.7165e+07,27817811968
NVIDIA L40S,dna_r10.4.1_e8.2_400bps_hac@v5.2.0,4608,8.84882e+07,28205324800
NVIDIA L40S,dna_r10.4.1_e8.2_400bps_hac@v5.2.0,4672,8.95728e+07,28616803840
NVIDIA L40S,dna_r10.4.1_e8.2_400bps_hac@v5.2.0,4736,9.00366e+07,29010625024
NVIDIA L40S,dna_r10.4.1_e8.2_400bps_hac@v5.2.0,4800,8.64322e+07,29276370944
NVIDIA L40S,dna_r10.4.1_e8.2_400bps_hac@v5.2.0,4864,9.76332e+07,29786625024
NVIDIA L40S,dna_r10.4.1_e8.2_400bps_hac@v5.2.0,4928,8.98068e+07,30162767872
NVIDIA L40S,dna_r10.4.1_e8.2_400bps_hac@v5.2.0,4992,9.56244e+07,30573272064
NVIDIA L40S,dna_r10.4.1_e8.2_400bps_hac@v5.2.0,5056,8.75381e+07,30956533760
NVIDIA L40S,dna_r10.4.1_e8.2_400bps_hac@v5.2.0,5120,8.68938e+07,31348448768
NVIDIA L40S,dna_r10.4.1_e8.2_400bps_hac@v5.2.0,5184,8.65843e+07,31634784768
NVIDIA L40S,dna_r10.4.1_e8.2_400bps_hac@v5.2.0,5248,9.33771e+07,32003085312
NVIDIA L40S,dna_r10.4.1_e8.2_400bps_hac@v5.2.0,5312,8.47833e+07,32386952704
NVIDIA L40S,dna_r10.4.1_e8.2_400bps_hac@v5.2.0,5376,9.54568e+07,32790445056
NVIDIA L40S,dna_r10.4.1_e8.2_400bps_hac@v5.2.0,5440,9.13179e+07,33210256384
NVIDIA L40S,dna_r10.4.1_e8.2_400bps_hac@v5.2.0,5504,9.69787e+07,33555154944
NVIDIA L40S,dna_r10.4.1_e8.2_400bps_hac@v5.2.0,5568,8.86307e+07,33950030848
NVIDIA L40S,dna_r10.4.1_e8.2_400bps_hac@v5.2.0,5632,9.4238e+07,34356590592
NVIDIA L40S,dna_r10.4.1_e8.2_400bps_hac@v5.2.0,5696,9.47247e+07,34737992704
NVIDIA L40S,dna_r10.4.1_e8.2_400bps_hac@v5.2.0,5760,9.65229e+07,35121784832
NVIDIA L40S,dna_r10.4.1_e8.2_400bps_hac@v5.2.0,5824,8.93592e+07,35537644032
NVIDIA L40S,dna_r10.4.1_e8.2_400bps_hac@v5.2.0,5888,9.54275e+07,35964535808
NVIDIA L40S,dna_r10.4.1_e8.2_400bps_hac@v5.2.0,5952,8.57105e+07,36464260608
NVIDIA L40S,dna_r10.4.1_e8.2_400bps_hac@v5.2.0,6016,8.08255e+07,36798549504
NVIDIA L40S,dna_r10.4.1_e8.2_400bps_hac@v5.2.0,6080,8.43637e+07,37070988800
NVIDIA L40S,dna_r10.4.1_e8.2_400bps_hac@v5.2.0,6144,7.17695e+07,37492877312
NVIDIA L40S,dna_r10.4.1_e8.2_400bps_hac@v5.2.0,6208,8.37782e+07,37876355072
NVIDIA L40S,dna_r10.4.1_e8.2_400bps_hac@v5.2.0,6272,7.9746e+07,38259973632
NVIDIA L40S,dna_r10.4.1_e8.2_400bps_hac@v5.2.0,6336,8.52738e+07,38669786624
NVIDIA L40S,dna_r10.4.1_e8.2_400bps_hac@v5.2.0,6400,8.01906e+07,39058615296
NVIDIA L40S,dna_r10.4.1_e8.2_400bps_hac@v5.2.0,6464,8.73202e+07,39405962240
NVIDIA L40S,dna_r10.4.1_e8.2_400bps_hac@v5.2.0,6528,8.16391e+07,39829012992
NVIDIA L40S,dna_r10.4.1_e8.2_400bps_hac@v5.2.0,6592,8.7985e+07,40216916480
NVIDIA L40S,dna_r10.4.1_e8.2_400bps_hac@v5.2.0,6656,8.27398e+07,40583020032
NVIDIA L40S,dna_r10.4.1_e8.2_400bps_hac@v5.2.0,6720,8.98703e+07,41019376640
NVIDIA L40S,dna_r10.4.1_e8.2_400bps_hac@v5.2.0,6784,8.39579e+07,41439051776
NVIDIA L40S,dna_r10.4.1_e8.2_400bps_hac@v5.2.0,6848,9.07765e+07,41791262208
NVIDIA L40S,dna_r10.4.1_e8.2_400bps_hac@v5.2.0,6912,8.40729e+07,42135901696
NVIDIA L40S,dna_r10.4.1_e8.2_400bps_sup@v4.3.0,64,1.59368e+06,1584677888
NVIDIA L40S,dna_r10.4.1_e8.2_400bps_sup@v4.3.0,128,2.67764e+06,3030723584
NVIDIA L40S,dna_r10.4.1_e8.2_400bps_sup@v4.3.0,192,4.20541e+06,4474793984
NVIDIA L40S,dna_r10.4.1_e8.2_400bps_sup@v4.3.0,256,5.85256e+06,5921592832
NVIDIA L40S,dna_r10.4.1_e8.2_400bps_sup@v4.3.0,320,7.3215e+06,7354915328
NVIDIA L40S,dna_r10.4.1_e8.2_400bps_sup@v4.3.0,384,8.00712e+06,8801620480
NVIDIA L40S,dna_r10.4.1_e8.2_400bps_sup@v4.3.0,448,9.34315e+06,10252191744
NVIDIA L40S,dna_r10.4.1_e8.2_400bps_sup@v4.3.0,512,1.06661e+07,11691894784
NVIDIA L40S,dna_r10.4.1_e8.2_400bps_sup@v4.3.0,576,1.19998e+07,13133189120
NVIDIA L40S,dna_r10.4.1_e8.2_400bps_sup@v4.3.0,640,1.33268e+07,14575621632
NVIDIA L40S,dna_r10.4.1_e8.2_400bps_sup@v4.3.0,704,1.46198e+07,16020967424
NVIDIA L40S,dna_r10.4.1_e8.2_400bps_sup@v4.3.0,768,1.52315e+07,17462322176
NVIDIA L40S,dna_r10.4.1_e8.2_400bps_sup@v4.3.0,832,1.64667e+07,18905802752
NVIDIA L40S,dna_r10.4.1_e8.2_400bps_sup@v4.3.0,896,1.67257e+07,20349019136
NVIDIA L40S,dna_r10.4.1_e8.2_400bps_sup@v4.3.0,960,1.80333e+07,21793005568
NVIDIA L40S,dna_r10.4.1_e8.2_400bps_sup@v4.3.0,1024,1.81817e+07,23237781504
NVIDIA L40S,dna_r10.4.1_e8.2_400bps_sup@v4.3.0,1088,1.93478e+07,24677900288
NVIDIA L40S,dna_r10.4.1_e8.2_400bps_sup@v4.3.0,1152,1.71038e+07,26121690112
NVIDIA L40S,dna_r10.4.1_e8.2_400bps_sup@v4.3.0,1216,1.79985e+07,27567235072
NVIDIA L40S,dna_r10.4.1_e8.2_400bps_sup@v4.3.0,1280,1.77212e+07,29007882240
NVIDIA L40S,dna_r10.4.1_e8.2_400bps_sup@v4.3.0,1344,1.85722e+07,30417437184
NVIDIA L40S,dna_r10.4.1_e8.2_400bps_sup@v4.3.0,1408,1.89665e+07,31866365952
NVIDIA L40S,dna_r10.4.1_e8.2_400bps_sup@v4.3.0,1472,1.8489e+07,33307340288
NVIDIA L40S,dna_r10.4.1_e8.2_400bps_sup@v4.3.0,1536,1.77316e+07,34773930496
NVIDIA L40S,dna_r10.4.1_e8.2_400bps_sup@v4.3.0,1600,1.79511e+07,36220186112
NVIDIA L40S,dna_r10.4.1_e8.2_400bps_sup@v4.3.0,1664,1.91567e+07,37638869504
NVIDIA L40S,dna_r10.4.1_e8.2_400bps_sup@v4.3.0,1728,1.76822e+07,39087700480
NVIDIA L40S,dna_r10.4.1_e8.2_400bps_sup@v4.3.0,1792,1.8181e+07,40560715264
NVIDIA L40S,dna_r10.4.1_e8.2_400bps_sup@v4.3.0,1856,1.87648e+07,41964631552
NVIDIA L40S,dna_r10.4.1_e8.2_400bps_sup@v5.0.0,32,9.27404e+06,1802185728
NVIDIA L40S,dna_r10.4.1_e8.2_400bps_sup@v5.0.0,64,1.04685e+07,2583310848
NVIDIA L40S,dna_r10.4.1_e8.2_400bps_sup@v5.0.0,96,1.10372e+07,3365484544
NVIDIA L40S,dna_r10.4.1_e8.2_400bps_sup@v5.0.0,128,1.12709e+07,4131929088
NVIDIA L40S,dna_r10.4.1_e8.2_400bps_sup@v5.0.0,160,1.11462e+07,4914823680
NVIDIA L40S,dna_r10.4.1_e8.2_400bps_sup@v5.0.0,192,1.15002e+07,5697456128
NVIDIA L40S,dna_r10.4.1_e8.2_400bps_sup@v5.0.0,224,1.14941e+07,6478777856
NVIDIA L40S,dna_r10.4.1_e8.2_400bps_sup@v5.0.0,256,1.15481e+07,7261672448
NVIDIA L40S,dna_r10.4.1_e8.2_400bps_sup@v5.0.0,288,1.15685e+07,8043911680
NVIDIA L40S,dna_r10.4.1_e8.2_400bps_sup@v5.0.0,320,1.16645e+07,8826283520
NVIDIA L40S,dna_r10.4.1_e8.2_400bps_sup@v5.0.0,352,1.14974e+07,9608914432
NVIDIA L40S,dna_r10.4.1_e8.2_400bps_sup@v5.0.0,384,1.17325e+07,10391940096
NVIDIA L40S,dna_r10.4.1_e8.2_400bps_sup@v5.0.0,416,1.16995e+07,11173392896
NVIDIA L40S,dna_r10.4.1_e8.2_400bps_sup@v5.0.0,448,1.14892e+07,11956680704
NVIDIA L40S,dna_r10.4.1_e8.2_400bps_sup@v5.0.0,480,1.1725e+07,12740492800
NVIDIA L40S,dna_r10.4.1_e8.2_400bps_sup@v5.0.0,512,1.18863e+07,13522734080
NVIDIA L40S,dna_r10.4.1_e8.2_400bps_sup@v5.0.0,544,1.19365e+07,14306544128
NVIDIA L40S,dna_r10.4.1_e8.2_400bps_sup@v5.0.0,576,1.19254e+07,14272989696
NVIDIA L40S,dna_r10.4.1_e8.2_400bps_sup@v5.2.0,32,9.22603e+06,1802972160
NVIDIA L40S,dna_r10.4.1_e8.2_400bps_sup@v5.2.0,64,1.04622e+07,2583310848
NVIDIA L40S,dna_r10.4.1_e8.2_400bps_sup@v5.2.0,96,1.10282e+07,3365484544
NVIDIA L40S,dna_r10.4.1_e8.2_400bps_sup@v5.2.0,128,1.12512e+07,4131929088
NVIDIA L40S,dna_r10.4.1_e8.2_400bps_sup@v5.2.0,160,1.11257e+07,4918755840
NVIDIA L40S,dna_r10.4.1_e8.2_400bps_sup@v5.2.0,192,1.12593e+07,5697850368
NVIDIA L40S,dna_r10.4.1_e8.2_400bps_sup@v5.2.0,224,1.14797e+07,6478777856
NVIDIA L40S,dna_r10.4.1_e8.2_400bps_sup@v5.2.0,256,1.15753e+07,7261672448
NVIDIA L40S,dna_r10.4.1_e8.2_400bps_sup@v5.2.0,288,1.125e+07,8043911680
NVIDIA L40S,dna_r10.4.1_e8.2_400bps_sup@v5.2.0,320,1.13296e+07,8826283520
NVIDIA L40S,dna_r10.4.1_e8.2_400bps_sup@v5.2.0,352,1.15331e+07,9608914432
NVIDIA L40S,dna_r10.4.1_e8.2_400bps_sup@v5.2.0,384,1.17238e+07,10391940096
NVIDIA L40S,dna_r10.4.1_e8.2_400bps_sup@v5.2.0,416,1.1694e+07,11173392896
NVIDIA L40S,dna_r10.4.1_e8.2_400bps_sup@v5.2.0,448,1.14899e+07,11956680704
NVIDIA L40S,dna_r10.4.1_e8.2_400bps_sup@v5.2.0,480,1.17142e+07,12740492800
NVIDIA L40S,dna_r10.4.1_e8.2_400bps_sup@v5.2.0,512,1.1886e+07,13522734080
NVIDIA L40S,dna_r10.4.1_e8.2_400bps_sup@v5.2.0,544,1.19602e+07,14315719168
NVIDIA L40S,dna_r10.4.1_e8.2_400bps_sup@v5.2.0,576,1.19441e+07,14282951168
NVIDIA L40S,rna004_130bps_fast@v5.1.0,64,3.36616e+07,1253125632
NVIDIA L40S,rna004_130bps_fast@v5.1.0,128,5.88732e+07,1431495168
NVIDIA L40S,rna004_130bps_fast@v5.1.0,192,8.14469e+07,1604745216
NVIDIA L40S,rna004_130bps_fast@v5.1.0,256,1.0021e+08,1780554752
NVIDIA L40S,rna004_130bps_fast@v5.1.0,320,1.1474e+08,1956364800
NVIDIA L40S,rna004_130bps_fast@v5.1.0,384,1.28394e+08,2132174336
NVIDIA L40S,rna004_130bps_fast@v5.1.0,448,1.38086e+08,2310081536
NVIDIA L40S,rna004_130bps_fast@v5.1.0,512,1.46427e+08,2483793920
NVIDIA L40S,rna004_130bps_fast@v5.1.0,576,1.51079e+08,2661701120
NVIDIA L40S,rna004_130bps_fast@v5.1.0,640,1.56252e+08,2835413504
NVIDIA L40S,rna004_130bps_fast@v5.1.0,704,1.6345e+08,3013020672
NVIDIA L40S,rna004_130bps_fast@v5.1.0,768,1.59668e+08,3189130240
NVIDIA L40S,rna004_130bps_fast@v5.1.0,832,1.70069e+08,3363251200
NVIDIA L40S,rna004_130bps_fast@v5.1.0,896,1.72438e+08,3543609344
NVIDIA L40S,rna004_130bps_fast@v5.1.0,960,1.74869e+08,3714462720
NVIDIA L40S,rna004_130bps_fast@v5.1.0,1024,1.75855e+08,3893839872
NVIDIA L40S,rna004_130bps_fast@v5.1.0,1088,1.7931e+08,4068179456
NVIDIA L40S,rna004_130bps_fast@v5.1.0,1152,1.66602e+08,4244070400
NVIDIA L40S,rna004_130bps_fast@v5.1.0,1216,1.69668e+08,4421490688
NVIDIA L40S,rna004_130bps_fast@v5.1.0,1280,1.75293e+08,4593511424
NVIDIA L40S,rna004_130bps_fast@v5.1.0,1344,1.78628e+08,4772184576
NVIDIA L40S,rna004_130bps_fast@v5.1.0,1408,1.80914e+08,4949628416
NVIDIA L40S,rna004_130bps_fast@v5.1.0,1472,1.81141e+08,5127430144
NVIDIA L40S,rna004_130bps_fast@v5.1.0,1536,1.79703e+08,5300611072
NVIDIA L40S,rna004_130bps_fast@v5.1.0,1600,1.80321e+08,5477766656
NVIDIA L40S,rna004_130bps_fast@v5.1.0,1664,1.84644e+08,5652019712
NVIDIA L40S,rna004_130bps_fast@v5.1.0,1728,1.8478e+08,5831642112
NVIDIA L40S,rna004_130bps_fast@v5.1.0,1792,1.83752e+08,6006241280
NVIDIA L40S,rna004_130bps_fast@v5.1.0,1856,1.87516e+08,6181251584
NVIDIA L40S,rna004_130bps_fast@v5.1.0,1920,1.86892e+08,6356598272
NVIDIA L40S,rna004_130bps_fast@v5.1.0,1984,1.86566e+08,6532103168
NVIDIA L40S,rna004_130bps_fast@v5.1.0,2048,1.91066e+08,6707972096
NVIDIA L40S,rna004_130bps_fast@v5.1.0,2112,1.88021e+08,6884736512
NVIDIA L40S,rna004_130bps_fast@v5.1.0,2176,1.87445e+08,7060083200
NVIDIA L40S,rna004_130bps_fast@v5.1.0,2240,1.88495e+08,7236375552
NVIDIA L40S,rna004_130bps_fast@v5.1.0,2304,1.81948e+08,7412066304
NVIDIA L40S,rna004_130bps_fast@v5.1.0,2368,1.82958e+08,7587068416
NVIDIA L40S,rna004_130bps_fast@v5.1.0,2432,1.86458e+08,7765841408
NVIDIA L40S,rna004_130bps_fast@v5.1.0,2496,1.8801e+08,7939908608
NVIDIA L40S,rna004_130bps_fast@v5.1.0,2560,1.87306e+08,8114743296
NVIDIA L40S,rna004_130bps_fast@v5.1.0,2624,1.84501e+08,8295869952
NVIDIA L40S,rna004_130bps_fast@v5.1.0,2688,1.8878e+08,8466254336
NVIDIA L40S,rna004_130bps_fast@v5.1.0,2752,1.91529e+08,8704789504
NVIDIA L40S,rna004_130bps_fast@v5.1.0,2816,1.89913e+08,8818276352
NVIDIA L40S,rna004_130bps_fast@v5.1.0,2880,1.8744e+08,8995208192
NVIDIA L40S,rna004_130bps_fast@v5.1.0,2944,1.91418e+08,9172635136
NVIDIA L40S,rna004_130bps_fast@v5.1.0,3008,1.84846e+08,9347537920
NVIDIA L40S,rna004_130bps_fast@v5.1.0,3072,1.83172e+08,9524791296
NVIDIA L40S,rna004_130bps_fast@v5.1.0,3136,1.81991e+08,9698857984
NVIDIA L40S,rna004_130bps_fast@v5.1.0,3200,1.9007e+08,9874022912
NVIDIA L40S,rna004_130bps_fast@v5.1.0,3264,1.88072e+08,10051467264
NVIDIA L40S,rna004_130bps_fast@v5.1.0,3328,1.81443e+08,10227349504
NVIDIA L40S,rna004_130bps_fast@v5.1.0,3392,1.8596e+08,10403513344
NVIDIA L40S,rna004_130bps_fast@v5.1.0,3456,1.84234e+08,10579677184
NVIDIA L40S,rna004_130bps_fast@v5.1.0,3520,1.82354e+08,10754040832
NVIDIA L40S,rna004_130bps_fast@v5.1.0,3584,1.74858e+08,10933069824
NVIDIA L40S,rna004_130bps_fast@v5.1.0,3648,1.77521e+08,11103710208
NVIDIA L40S,rna004_130bps_fast@v5.1.0,3712,1.83938e+08,11286429696
NVIDIA L40S,rna004_130bps_fast@v5.1.0,3776,1.80222e+08,11462593536
NVIDIA L40S,rna004_130bps_fast@v5.1.0,3840,1.79003e+08,11632465920
NVIDIA L40S,rna004_130bps_fast@v5.1.0,3904,1.82088e+08,11811437568
NVIDIA L40S,rna004_130bps_fast@v5.1.0,3968,1.88097e+08,11984175104
NVIDIA L40S,rna004_130bps_fast@v5.1.0,4032,1.83986e+08,12165151744
NVIDIA L40S,rna004_130bps_fast@v5.1.0,4096,1.87868e+08,12339218432
NVIDIA L40S,rna004_130bps_fast@v5.1.0,4160,1.7799e+08,12513285120
NVIDIA L40S,rna004_130bps_fast@v5.1.0,4224,1.8748e+08,12691902464
NVIDIA L40S,rna004_130bps_fast@v5.1.0,4288,1.87047e+08,12864640000
NVIDIA L40S,rna004_130bps_fast@v5.1.0,4352,1.77633e+08,13041571840
NVIDIA L40S,rna004_130bps_fast@v5.1.0,4416,1.84502e+08,13236814848
NVIDIA L40S,rna004_130bps_fast@v5.1.0,4480,1.73957e+08,13412978688
NVIDIA L40S,rna004_130bps_fast@v5.1.0,4544,1.85576e+08,13591239680
NVIDIA L40S,rna004_130bps_fast@v5.1.0,4608,1.83008e+08,13763209216
NVIDIA L40S,rna004_130bps_fast@v5.1.0,4672,1.85059e+08,13941470208
NVIDIA L40S,rna004_130bps_fast@v5.1.0,4736,1.87902e+08,14119731200
NVIDIA L40S,rna004_130bps_fast@v5.1.0,4800,1.74863e+08,14291700736
NVIDIA L40S,rna004_130bps_fast@v5.1.0,4864,1.84346e+08,14451087360
NVIDIA L40S,rna004_130bps_fast@v5.1.0,4928,1.86024e+08,14644028416
NVIDIA L40S,rna004_130bps_fast@v5.1.0,4992,1.83238e+08,14824386560
NVIDIA L40S,rna004_130bps_fast@v5.1.0,5056,1.85357e+08,14979578880
NVIDIA L40S,rna004_130bps_fast@v5.1.0,5120,1.78237e+08,15151548416
NVIDIA L40S,rna004_130bps_fast@v5.1.0,5184,1.80149e+08,15329809408
NVIDIA L40S,rna004_130bps_fast@v5.1.0,5248,1.84486e+08,15510167552
NVIDIA L40S,rna004_130bps_fast@v5.1.0,5312,1.89089e+08,15684234240
NVIDIA L40S,rna004_130bps_fast@v5.1.0,5376,1.81622e+08,15858300928
NVIDIA L40S,rna004_130bps_fast@v5.1.0,5440,1.84633e+08,16032367616
NVIDIA L40S,rna004_130bps_fast@v5.1.0,5504,1.79582e+08,16210628608
NVIDIA L40S,rna004_130bps_fast@v5.1.0,5568,1.87891e+08,16386792448
NVIDIA L40S,rna004_130bps_fast@v5.1.0,5632,1.89661e+08,16562956288
NVIDIA L40S,rna004_130bps_fast@v5.1.0,5696,1.81485e+08,16737022976
NVIDIA L40S,rna004_130bps_fast@v5.1.0,5760,1.83275e+08,16911089664
NVIDIA L40S,rna004_130bps_fast@v5.1.0,5824,1.82005e+08,17089350656
NVIDIA L40S,rna004_130bps_fast@v5.1.0,5888,1.83018e+08,17265514496
NVIDIA L40S,rna004_130bps_fast@v5.1.0,5952,1.88251e+08,17441678336
NVIDIA L40S,rna004_130bps_fast@v5.1.0,6016,1.85116e+08,17617842176
NVIDIA L40S,rna004_130bps_fast@v5.1.0,6080,1.83456e+08,17791908864
NVIDIA L40S,rna004_130bps_fast@v5.1.0,6144,1.82808e+08,17968072704
NVIDIA L40S,rna004_130bps_fast@v5.1.0,6208,1.71093e+08,18144236544
NVIDIA L40S,rna004_130bps_fast@v5.1.0,6272,1.7225e+08,18318303232
NVIDIA L40S,rna004_130bps_fast@v5.1.0,6336,1.81911e+08,18498661376
NVIDIA L40S,rna004_130bps_fast@v5.1.0,6400,1.85395e+08,18674825216
NVIDIA L40S,rna004_130bps_fast@v5.1.0,6464,1.78959e+08,18846794752
NVIDIA L40S,rna004_130bps_fast@v5.1.0,6528,1.82946e+08,19022958592
NVIDIA L40S,rna004_130bps_fast@v5.1.0,6592,1.8085e+08,19199122432
NVIDIA L40S,rna004_130bps_fast@v5.1.0,6656,1.73161e+08,19377383424
NVIDIA L40S,rna004_130bps_fast@v5.1.0,6720,1.82236e+08,19555644416
NVIDIA L40S,rna004_130bps_fast@v5.1.0,6784,1.83442e+08,19725516800
NVIDIA L40S,rna004_130bps_fast@v5.1.0,6848,1.79982e+08,19905874944
NVIDIA L40S,rna004_130bps_fast@v5.1.0,6912,1.73032e+08,20077844480
NVIDIA L40S,rna004_130bps_fast@v5.1.0,6976,1.79315e+08,20251911168
NVIDIA L40S,rna004_130bps_fast@v5.1.0,7040,1.78484e+08,20434366464
NVIDIA L40S,rna004_130bps_fast@v5.1.0,7104,1.81973e+08,20606336000
NVIDIA L40S,rna004_130bps_fast@v5.1.0,7168,1.86379e+08,20784596992
NVIDIA L40S,rna004_130bps_fast@v5.1.0,7232,1.68987e+08,20956566528
NVIDIA L40S,rna004_130bps_fast@v5.1.0,7296,1.75567e+08,21132730368
NVIDIA L40S,rna004_130bps_fast@v5.1.0,7360,1.73235e+08,21315185664
NVIDIA L40S,rna004_130bps_fast@v5.1.0,7424,1.73751e+08,21487155200
NVIDIA L40S,rna004_130bps_fast@v5.1.0,7488,1.75074e+08,21663319040
NVIDIA L40S,rna004_130bps_fast@v5.1.0,7552,1.8049e+08,21841580032
NVIDIA L40S,rna004_130bps_fast@v5.1.0,7616,1.77555e+08,22013549568
NVIDIA L40S,rna004_130bps_fast@v5.1.0,7680,1.82034e+08,22189713408
NVIDIA L40S,rna004_130bps_fast@v5.1.0,7744,1.83114e+08,22365877248
NVIDIA L40S,rna004_130bps_fast@v5.1.0,7808,1.88443e+08,22542041088
NVIDIA L40S,rna004_130bps_fast@v5.1.0,7872,1.76002e+08,22722399232
NVIDIA L40S,rna004_130bps_fast@v5.1.0,7936,1.78374e+08,22892271616
NVIDIA L40S,rna004_130bps_fast@v5.1.0,8000,1.80538e+08,23070532608
NVIDIA L40S,rna004_130bps_fast@v5.1.0,8064,1.71584e+08,23244599296
NVIDIA L40S,rna004_130bps_fast@v5.1.0,8128,1.80486e+08,23424957440
NVIDIA L40S,rna004_130bps_fast@v5.1.0,8192,1.84832e+08,23599024128
NVIDIA L40S,rna004_130bps_fast@v5.1.0,8256,1.81007e+08,23770993664
NVIDIA L40S,rna004_130bps_fast@v5.1.0,8320,1.80489e+08,23915700224
NVIDIA L40S,rna004_130bps_fast@v5.1.0,8384,1.84378e+08,24052018176
NVIDIA L40S,rna004_130bps_fast@v5.1.0,8448,1.84892e+08,24203016192
NVIDIA L40S,rna004_130bps_fast@v5.1.0,8512,1.72165e+08,24343528448
NVIDIA L40S,rna004_130bps_fast@v5.1.0,8576,1.73948e+08,24484040704
NVIDIA L40S,rna004_130bps_fast@v5.1.0,8640,1.7451e+08,24626650112
NVIDIA L40S,rna004_130bps_fast@v5.1.0,8704,1.76455e+08,24771356672
NVIDIA L40S,rna004_130bps_fast@v5.1.0,8768,1.76922e+08,24913966080
NVIDIA L40S,rna004_130bps_fast@v5.1.0,8832,1.78703e+08,25054478336
NVIDIA L40S,rna004_130bps_fast@v5.1.0,8896,1.79342e+08,25194990592
NVIDIA L40S,rna004_130bps_fast@v5.1.0,8960,1.76828e+08,25339697152
NVIDIA L40S,rna004_130bps_fast@v5.1.0,9024,1.82484e+08,25482306560
NVIDIA L40S,rna004_130bps_fast@v5.1.0,9088,1.82886e+08,25624915968
NVIDIA L40S,rna004_130bps_fast@v5.1.0,9152,1.77016e+08,25767525376
NVIDIA L40S,rna004_130bps_fast@v5.1.0,9216,1.84542e+08,26092587008
NVIDIA L40S,rna004_130bps_fast@v5.1.0,9280,1.8574e+08,26052744192
NVIDIA L40S,rna004_130bps_fast@v5.1.0,9344,1.6571e+08,26193256448
NVIDIA L40S,rna004_130bps_fast@v5.1.0,9408,1.79466e+08,26333768704
NVIDIA L40S,rna004_130bps_fast@v5.1.0,9472,1.80978e+08,26480572416
NVIDIA L40S,rna004_130bps_fast@v5.1.0,9536,1.53652e+08,26618987520
NVIDIA L40S,rna004_130bps_fast@v5.1.0,9600,1.73617e+08,26763694080
NVIDIA L40S,rna004_130bps_fast@v5.1.0,9664,1.77213e+08,26904206336
NVIDIA L40S,rna004_130bps_fast@v5.1.0,9728,1.89037e+08,27046815744
NVIDIA L40S,rna004_130bps_fast@v5.1.0,9792,1.75563e+08,27191522304
NVIDIA L40S,rna004_130bps_fast@v5.1.0,9856,1.85778e+08,27332034560
NVIDIA L40S,rna004_130bps_fast@v5.1.0,9920,1.79382e+08,27474643968
NVIDIA L40S,rna004_130bps_fast@v5.1.0,9984,1.80455e+08,27619350528
NVIDIA L40S,rna004_130bps_fast@v5.1.0,10048,1.80511e+08,27757765632
NVIDIA L40S,rna004_130bps_fast@v5.1.0,10112,1.55063e+08,27898277888
NVIDIA L40S,rna004_130bps_fast@v5.1.0,10176,1.74182e+08,28047178752
NVIDIA L40S,rna004_130bps_fast@v5.1.0,10240,1.73414e+08,28185593856
NVIDIA L40S,rna004_130bps_fast@v5.2.0,64,3.1516e+07,1274210304
NVIDIA L40S,rna004_130bps_fast@v5.2.0,128,5.44234e+07,1468894208
NVIDIA L40S,rna004_130bps_fast@v5.2.0,192,7.49527e+07,1667772928
NVIDIA L40S,rna004_130bps_fast@v5.2.0,256,9.17939e+07,1862456832
NVIDIA L40S,rna004_130bps_fast@v5.2.0,320,1.04999e+08,2059238400
NVIDIA L40S,rna004_130bps_fast@v5.2.0,384,1.15982e+08,2256019456
NVIDIA L40S,rna004_130bps_fast@v5.2.0,448,1.2456e+08,2452801024
NVIDIA L40S,rna004_130bps_fast@v5.2.0,512,1.33011e+08,2647484928
NVIDIA L40S,rna004_130bps_fast@v5.2.0,576,1.36275e+08,2846363648
NVIDIA L40S,rna004_130bps_fast@v5.2.0,640,1.4129e+08,3041047552
NVIDIA L40S,rna004_130bps_fast@v5.2.0,704,1.46923e+08,3237529088
NVIDIA L40S,rna004_130bps_fast@v5.2.0,768,1.49511e+08,3434610176
NVIDIA L40S,rna004_130bps_fast@v5.2.0,832,1.52786e+08,3629702656
NVIDIA L40S,rna004_130bps_fast@v5.2.0,896,1.54846e+08,3831032320
NVIDIA L40S,rna004_130bps_fast@v5.2.0,960,1.58279e+08,4022857216
NVIDIA L40S,rna004_130bps_fast@v5.2.0,1024,1.60532e+08,4221108736
NVIDIA L40S,rna004_130bps_fast@v5.2.0,1088,1.59879e+08,4416419840
NVIDIA L40S,rna004_130bps_fast@v5.2.0,1152,1.52491e+08,4613282304
NVIDIA L40S,rna004_130bps_fast@v5.2.0,1216,1.57027e+08,4810417664
NVIDIA L40S,rna004_130bps_fast@v5.2.0,1280,1.55239e+08,5004666368
NVIDIA L40S,rna004_130bps_fast@v5.2.0,1344,1.58811e+08,5202213888
NVIDIA L40S,rna004_130bps_fast@v5.2.0,1408,1.63712e+08,5398532096
NVIDIA L40S,rna004_130bps_fast@v5.2.0,1472,1.6224e+08,5599402496
NVIDIA L40S,rna004_130bps_fast@v5.2.0,1536,1.63363e+08,5791457792
NVIDIA L40S,rna004_130bps_fast@v5.2.0,1600,1.63593e+08,5989584896
NVIDIA L40S,rna004_130bps_fast@v5.2.0,1664,1.68312e+08,6184809472
NVIDIA L40S,rna004_130bps_fast@v5.2.0,1728,1.68157e+08,6383306240
NVIDIA L40S,rna004_130bps_fast@v5.2.0,1792,1.66271e+08,6580974080
NVIDIA L40S,rna004_130bps_fast@v5.2.0,1856,1.69261e+08,6774858752
NVIDIA L40S,rna004_130bps_fast@v5.2.0,1920,1.7116e+08,6971176960
NVIDIA L40S,rna004_130bps_fast@v5.2.0,1984,1.67699e+08,7167653376
NVIDIA L40S,rna004_130bps_fast@v5.2.0,2048,1.70669e+08,7364493824
NVIDIA L40S,rna004_130bps_fast@v5.2.0,2112,1.63789e+08,7560132608
NVIDIA L40S,rna004_130bps_fast@v5.2.0,2176,1.66079e+08,7756450816
NVIDIA L40S,rna004_130bps_fast@v5.2.0,2240,1.71191e+08,7953714688
NVIDIA L40S,rna004_130bps_fast@v5.2.0,2304,1.6899e+08,8148279808
NVIDIA L40S,rna004_130bps_fast@v5.2.0,2368,1.63674e+08,8346350592
NVIDIA L40S,rna004_130bps_fast@v5.2.0,2432,1.66603e+08,8543997952
NVIDIA L40S,rna004_130bps_fast@v5.2.0,2496,1.68631e+08,8739036672
NVIDIA L40S,rna004_130bps_fast@v5.2.0,2560,1.73365e+08,8934842880
NVIDIA L40S,rna004_130bps_fast@v5.2.0,2624,1.69512e+08,9134843904
NVIDIA L40S,rna004_130bps_fast@v5.2.0,2688,1.68779e+08,9328296960
NVIDIA L40S,rna004_130bps_fast@v5.2.0,2752,1.69378e+08,9526986240
NVIDIA L40S,rna004_130bps_fast@v5.2.0,2816,1.70667e+08,9718067712
NVIDIA L40S,rna004_130bps_fast@v5.2.0,2880,1.6882e+08,9918068224
NVIDIA L40S,rna004_130bps_fast@v5.2.0,2944,1.72472e+08,10114369536
NVIDIA L40S,rna004_130bps_fast@v5.2.0,3008,1.67859e+08,10310243840
NVIDIA L40S,rna004_130bps_fast@v5.2.0,3072,1.62399e+08,10508468736
NVIDIA L40S,rna004_130bps_fast@v5.2.0,3136,1.65721e+08,10701409792
NVIDIA L40S,rna004_130bps_fast@v5.2.0,3200,1.65604e+08,10897546240
NVIDIA L40S,rna004_130bps_fast@v5.2.0,3264,1.66579e+08,11095962112
NVIDIA L40S,rna004_130bps_fast@v5.2.0,3328,1.66928e+08,11292815872
NVIDIA L40S,rna004_130bps_fast@v5.2.0,3392,1.68604e+08,11489951232
NVIDIA L40S,rna004_130bps_fast@v5.2.0,3456,1.64049e+08,11684989440
NVIDIA L40S,rna004_130bps_fast@v5.2.0,3520,1.58555e+08,11880324608
NVIDIA L40S,rna004_130bps_fast@v5.2.0,3584,1.60727e+08,12080325120
NVIDIA L40S,rna004_130bps_fast@v5.2.0,3648,1.66971e+08,12271937024
NVIDIA L40S,rna004_130bps_fast@v5.2.0,3712,1.62805e+08,12473530880
NVIDIA L40S,rna004_130bps_fast@v5.2.0,3776,1.62639e+08,12670666240
NVIDIA L40S,rna004_130bps_fast@v5.2.0,3840,1.62162e+08,12861510144
NVIDIA L40S,rna004_130bps_fast@v5.2.0,3904,1.67577e+08,13059356160
NVIDIA L40S,rna004_130bps_fast@v5.2.0,3968,1.66926e+08,13255162368
NVIDIA L40S,rna004_130bps_fast@v5.2.0,4032,1.64488e+08,13455013376
NVIDIA L40S,rna004_130bps_fast@v5.2.0,4096,1.67149e+08,13650051584
NVIDIA L40S,rna004_130bps_fast@v5.2.0,4160,1.62911e+08,13845089792
NVIDIA L40S,rna004_130bps_fast@v5.2.0,4224,1.65979e+08,14042581504
NVIDIA L40S,rna004_130bps_fast@v5.2.0,4288,1.70434e+08,14238387712
NVIDIA L40S,rna004_130bps_fast@v5.2.0,4352,1.62809e+08,14434193920
NVIDIA L40S,rna004_130bps_fast@v5.2.0,4416,1.64483e+08,14650408448
NVIDIA L40S,rna004_130bps_fast@v5.2.0,4480,1.69421e+08,14847543808
NVIDIA L40S,rna004_130bps_fast@v5.2.0,4544,1.72055e+08,15044679168
NVIDIA L40S,rna004_130bps_fast@v5.2.0,4608,1.61805e+08,15237620224
NVIDIA L40S,rna004_130bps_fast@v5.2.0,4672,1.56681e+08,15436852736
NVIDIA L40S,rna004_130bps_fast@v5.2.0,4736,1.65972e+08,15636085248
NVIDIA L40S,rna004_130bps_fast@v5.2.0,4800,1.6805e+08,15826929152
NVIDIA L40S,rna004_130bps_fast@v5.2.0,4864,1.61988e+08,16007287296
NVIDIA L40S,rna004_130bps_fast@v5.2.0,4928,1.62301e+08,16221199872
NVIDIA L40S,rna004_130bps_fast@v5.2.0,4992,1.67211e+08,16422529536
NVIDIA L40S,rna004_130bps_fast@v5.2.0,5056,1.67829e+08,16598693376
NVIDIA L40S,rna004_130bps_fast@v5.2.0,5120,1.69543e+08,16789537280
NVIDIA L40S,rna004_130bps_fast@v5.2.0,5184,1.6117e+08,16988769792
NVIDIA L40S,rna004_130bps_fast@v5.2.0,5248,1.65823e+08,17190099456
NVIDIA L40S,rna004_130bps_fast@v5.2.0,5312,1.65033e+08,17383040512
NVIDIA L40S,rna004_130bps_fast@v5.2.0,5376,1.67793e+08,17580175872
NVIDIA L40S,rna004_130bps_fast@v5.2.0,5440,1.72973e+08,17773116928
NVIDIA L40S,rna004_130bps_fast@v5.2.0,5504,1.73974e+08,17970252288
NVIDIA L40S,rna004_130bps_fast@v5.2.0,5568,1.65575e+08,18169484800
NVIDIA L40S,rna004_130bps_fast@v5.2.0,5632,1.69249e+08,18364523008
NVIDIA L40S,rna004_130bps_fast@v5.2.0,5696,1.57677e+08,18559561216
NVIDIA L40S,rna004_130bps_fast@v5.2.0,5760,1.68847e+08,18754599424
NVIDIA L40S,rna004_130bps_fast@v5.2.0,5824,1.63382e+08,18951734784
NVIDIA L40S,rna004_130bps_fast@v5.2.0,5888,1.66032e+08,19150967296
NVIDIA L40S,rna004_130bps_fast@v5.2.0,5952,1.62948e+08,19346005504
NVIDIA L40S,rna004_130bps_fast@v5.2.0,6016,1.60947e+08,19543140864
NVIDIA L40S,rna004_130bps_fast@v5.2.0,6080,1.64679e+08,19738179072
NVIDIA L40S,rna004_130bps_fast@v5.2.0,6144,1.62097e+08,19935314432
NVIDIA L40S,rna004_130bps_fast@v5.2.0,6208,1.62817e+08,20130352640
NVIDIA L40S,rna004_130bps_fast@v5.2.0,6272,1.56201e+08,20325390848
NVIDIA L40S,rna004_130bps_fast@v5.2.0,6336,1.59738e+08,20526720512
NVIDIA L40S,rna004_130bps_fast@v5.2.0,6400,1.58462e+08,20721758720
NVIDIA L40S,rna004_130bps_fast@v5.2.0,6464,1.63123e+08,20916796928
NVIDIA L40S,rna004_130bps_fast@v5.2.0,6528,1.56429e+08,21111835136
NVIDIA L40S,rna004_130bps_fast@v5.2.0,6592,1.65533e+08,21308970496
NVIDIA L40S,rna004_130bps_fast@v5.2.0,6656,1.63128e+08,21508203008
NVIDIA L40S,rna004_130bps_fast@v5.2.0,6720,1.56618e+08,21705338368
NVIDIA L40S,rna004_130bps_fast@v5.2.0,6784,1.6672e+08,21898279424
NVIDIA L40S,rna004_130bps_fast@v5.2.0,6848,1.55182e+08,22097511936
NVIDIA L40S,rna004_130bps_fast@v5.2.0,6912,1.62915e+08,22288355840
NVIDIA L40S,rna004_130bps_fast@v5.2.0,6976,1.56185e+08,22485491200
NVIDIA L40S,rna004_130bps_fast@v5.2.0,7040,1.58938e+08,22686820864
NVIDIA L40S,rna004_130bps_fast@v5.2.0,7104,1.56595e+08,22879761920
NVIDIA L40S,rna004_130bps_fast@v5.2.0,7168,1.55218e+08,23078994432
NVIDIA L40S,rna004_130bps_fast@v5.2.0,7232,1.61005e+08,23269838336
NVIDIA L40S,rna004_130bps_fast@v5.2.0,7296,1.62693e+08,23466973696
NVIDIA L40S,rna004_130bps_fast@v5.2.0,7360,1.63089e+08,23670400512
NVIDIA L40S,rna004_130bps_fast@v5.2.0,7424,1.66613e+08,23863341568
NVIDIA L40S,rna004_130bps_fast@v5.2.0,7488,1.57644e+08,24060476928
NVIDIA L40S,rna004_130bps_fast@v5.2.0,7552,1.59137e+08,24257612288
NVIDIA L40S,rna004_130bps_fast@v5.2.0,7616,1.66743e+08,24450553344
NVIDIA L40S,rna004_130bps_fast@v5.2.0,7680,1.70704e+08,24647688704
NVIDIA L40S,rna004_130bps_fast@v5.2.0,7744,1.7114e+08,24844824064
NVIDIA L40S,rna004_130bps_fast@v5.2.0,7808,1.66547e+08,25039862272
NVIDIA L40S,rna004_130bps_fast@v5.2.0,7872,1.61468e+08,25241191936
NVIDIA L40S,rna004_130bps_fast@v5.2.0,7936,1.66381e+08,25432035840
NVIDIA L40S,rna004_130bps_fast@v5.2.0,8000,1.62555e+08,25629171200
NVIDIA L40S,rna004_130bps_fast@v5.2.0,8064,1.56338e+08,25826306560
NVIDIA L40S,rna004_130bps_fast@v5.2.0,8128,1.64619e+08,26025539072
NVIDIA L40S,rna004_130bps_fast@v5.2.0,8192,1.68018e+08,26220577280
NVIDIA L40S,rna004_130bps_fast@v5.2.0,8256,1.6658e+08,26413518336
NVIDIA L40S,rna004_130bps_fast@v5.2.0,8320,1.70289e+08,26577099264
NVIDIA L40S,rna004_130bps_fast@v5.2.0,8384,1.58558e+08,26736485888
NVIDIA L40S,rna004_130bps_fast@v5.2.0,8448,1.70801e+08,26906358272
NVIDIA L40S,rna004_130bps_fast@v5.2.0,8512,1.7284e+08,27067842048
NVIDIA L40S,rna004_130bps_fast@v5.2.0,8576,1.5777e+08,27229325824
NVIDIA L40S,rna004_130bps_fast@v5.2.0,8640,1.60697e+08,27390809600
NVIDIA L40S,rna004_130bps_fast@v5.2.0,8704,1.59787e+08,27556487680
NVIDIA L40S,rna004_130bps_fast@v5.2.0,8768,1.60605e+08,27720068608
NVIDIA L40S,rna004_130bps_fast@v5.2.0,8832,1.66779e+08,27881552384
NVIDIA L40S,rna004_130bps_fast@v5.2.0,8896,1.62285e+08,28040939008
NVIDIA L40S,rna004_130bps_fast@v5.2.0,8960,1.61e+08,28206617088
NVIDIA L40S,rna004_130bps_fast@v5.2.0,9024,1.58909e+08,28370198016
NVIDIA L40S,rna004_130bps_fast@v5.2.0,9088,1.66465e+08,28533778944
NVIDIA L40S,rna004_130bps_fast@v5.2.0,9152,1.61496e+08,28697359872
NVIDIA L40S,rna004_130bps_fast@v5.2.0,9216,1.57697e+08,28856746496
NVIDIA L40S,rna004_130bps_fast@v5.2.0,9280,1.46854e+08,29022424576
NVIDIA L40S,rna004_130bps_fast@v5.2.0,9344,1.61897e+08,29183908352
NVIDIA L40S,rna004_130bps_fast@v5.2.0,9408,1.46907e+08,29343294976
NVIDIA L40S,rna004_130bps_fast@v5.2.0,9472,1.67489e+08,29513167360
NVIDIA L40S,rna004_130bps_fast@v5.2.0,9536,1.59142e+08,29670456832
NVIDIA L40S,rna004_130bps_fast@v5.2.0,9600,1.59552e+08,29834037760
NVIDIA L40S,rna004_130bps_fast@v5.2.0,9664,1.60256e+08,29997618688
NVIDIA L40S,rna004_130bps_fast@v5.2.0,9728,1.62254e+08,30159102464
NVIDIA L40S,rna004_130bps_fast@v5.2.0,9792,1.59199e+08,30324780544
NVIDIA L40S,rna004_130bps_fast@v5.2.0,9856,1.59349e+08,30486264320
NVIDIA L40S,rna004_130bps_fast@v5.2.0,9920,1.6434e+08,30647748096
NVIDIA L40S,rna004_130bps_fast@v5.2.0,9984,1.58004e+08,30815523328
NVIDIA L40S,rna004_130bps_fast@v5.2.0,10048,1.54039e+08,30972812800
NVIDIA L40S,rna004_130bps_fast@v5.2.0,10112,1.66713e+08,31134296576
NVIDIA L40S,rna004_130bps_fast@v5.2.0,10176,1.60642e+08,31304168960
NVIDIA L40S,rna004_130bps_fast@v5.2.0,10240,1.62231e+08,31463555584
NVIDIA L40S,rna004_130bps_hac@v5.1.0,64,1.31788e+07,490112000
NVIDIA L40S,rna004_130bps_hac@v5.1.0,128,2.47068e+07,958515712
NVIDIA L40S,rna004_130bps_hac@v5.1.0,192,3.47445e+07,1425625088
NVIDIA L40S,rna004_130bps_hac@v5.1.0,256,4.39531e+07,1898660864
NVIDIA L40S,rna004_130bps_hac@v5.1.0,320,5.11369e+07,2367389184
NVIDIA L40S,rna004_130bps_hac@v5.1.0,384,5.74928e+07,2836112384
NVIDIA L40S,rna004_130bps_hac@v5.1.0,448,6.34311e+07,3306868736
NVIDIA L40S,rna004_130bps_hac@v5.1.0,512,6.83445e+07,3775927808
NVIDIA L40S,rna004_130bps_hac@v5.1.0,576,7.17754e+07,4243546112
NVIDIA L40S,rna004_130bps_hac@v5.1.0,640,7.53833e+07,4712686592
NVIDIA L40S,rna004_130bps_hac@v5.1.0,704,7.7868e+07,5181514752
NVIDIA L40S,rna004_130bps_hac@v5.1.0,768,6.59765e+07,5652418048
NVIDIA L40S,rna004_130bps_hac@v5.1.0,832,6.89404e+07,6120192512
NVIDIA L40S,rna004_130bps_hac@v5.1.0,896,6.89129e+07,6590098432
NVIDIA L40S,rna004_130bps_hac@v5.1.0,960,7.19132e+07,7054994432
NVIDIA L40S,rna004_130bps_hac@v5.1.0,1024,7.44371e+07,7526056960
NVIDIA L40S,rna004_130bps_hac@v5.1.0,1088,7.84403e+07,7994336768
NVIDIA L40S,rna004_130bps_hac@v5.1.0,1152,8.05419e+07,8470299648
NVIDIA L40S,rna004_130bps_hac@v5.1.0,1216,8.25268e+07,8936828416
NVIDIA L40S,rna004_130bps_hac@v5.1.0,1280,8.42388e+07,9400886272
NVIDIA L40S,rna004_130bps_hac@v5.1.0,1344,8.71519e+07,9871601664
NVIDIA L40S,rna004_130bps_hac@v5.1.0,1408,8.84768e+07,10346547200
NVIDIA L40S,rna004_130bps_hac@v5.1.0,1472,8.93422e+07,10814477312
NVIDIA L40S,rna004_130bps_hac@v5.1.0,1536,7.83163e+07,11277746176
NVIDIA L40S,rna004_130bps_hac@v5.1.0,1600,8.15967e+07,11750196736
NVIDIA L40S,rna004_130bps_hac@v5.1.0,1664,7.9866e+07,12214350336
NVIDIA L40S,rna004_130bps_hac@v5.1.0,1728,8.1251e+07,12691107328
NVIDIA L40S,rna004_130bps_hac@v5.1.0,1792,8.54003e+07,13156776448
NVIDIA L40S,rna004_130bps_hac@v5.1.0,1856,8.33609e+07,13625119744
NVIDIA L40S,rna004_130bps_hac@v5.1.0,1920,9.01147e+07,14089560576
NVIDIA L40S,rna004_130bps_hac@v5.1.0,1984,8.73833e+07,14569529856
NVIDIA L40S,rna004_130bps_hac@v5.1.0,2048,9.35785e+07,15034418688
NVIDIA L40S,rna004_130bps_hac@v5.1.0,2112,8.85847e+07,15498689024
NVIDIA L40S,rna004_130bps_hac@v5.1.0,2176,9.48571e+07,15974089728
NVIDIA L40S,rna004_130bps_hac@v5.1.0,2240,9.15304e+07,16441927680
NVIDIA L40S,rna004_130bps_hac@v5.1.0,2304,9.80431e+07,16911547904
NVIDIA L40S,rna004_130bps_hac@v5.1.0,2368,9.4568e+07,17381282304
NVIDIA L40S,rna004_130bps_hac@v5.1.0,2432,9.88212e+07,17847419904
NVIDIA L40S,rna004_130bps_hac@v5.1.0,2496,9.59251e+07,18265763328
NVIDIA L40S,rna004_130bps_hac@v5.1.0,2560,9.93547e+07,18782556672
NVIDIA L40S,rna004_130bps_hac@v5.1.0,2624,9.69432e+07,19194232832
NVIDIA L40S,rna004_130bps_hac@v5.1.0,2688,1.01748e+08,19715874816
NVIDIA L40S,rna004_130bps_hac@v5.1.0,2752,9.88144e+07,20196600832
NVIDIA L40S,rna004_130bps_hac@v5.1.0,2816,1.03696e+08,20658552320
NVIDIA L40S,rna004_130bps_hac@v5.1.0,2880,1.00415e+08,21134656000
NVIDIA L40S,rna004_130bps_hac@v5.1.0,2944,1.05059e+08,21612376576
NVIDIA L40S,rna004_130bps_hac@v5.1.0,3008,8.35664e+07,22064433664
NVIDIA L40S,rna004_130bps_hac@v5.1.0,3072,8.21478e+07,22453974016
NVIDIA L40S,rna004_130bps_hac@v5.1.0,3136,8.47549e+07,22996127232
NVIDIA L40S,rna004_130bps_hac@v5.1.0,3200,8.06235e+07,23467802624
NVIDIA L40S,rna004_130bps_hac@v5.1.0,3264,7.90421e+07,23939715584
NVIDIA L40S,rna004_130bps_hac@v5.1.0,3328,8.35708e+07,24407727104
NVIDIA L40S,rna004_130bps_hac@v5.1.0,3392,8.19904e+07,24877412864
NVIDIA L40S,rna004_130bps_hac@v5.1.0,3456,8.23052e+07,25382255104
NVIDIA L40S,rna004_130bps_hac@v5.1.0,3520,8.45052e+07,25819296256
NVIDIA L40S,rna004_130bps_hac@v5.1.0,3584,8.8691e+07,26292246528
NVIDIA L40S,rna004_130bps_hac@v5.1.0,3648,8.57595e+07,26748008960
NVIDIA L40S,rna004_130bps_hac@v5.1.0,3712,7.89821e+07,27230946304
NVIDIA L40S,rna004_130bps_hac@v5.1.0,3776,8.04789e+07,27697903616
NVIDIA L40S,rna004_130bps_hac@v5.1.0,3840,8.54425e+07,28170829824
NVIDIA L40S,rna004_130bps_hac@v5.1.0,3904,9.05839e+07,28644049920
NVIDIA L40S,rna004_130bps_hac@v5.1.0,3968,8.04978e+07,29108326400
NVIDIA L40S,rna004_130bps_hac@v5.1.0,4032,8.93663e+07,29574998528
NVIDIA L40S,rna004_130bps_hac@v5.1.0,4096,8.58482e+07,30061009408
NVIDIA L40S,rna004_130bps_hac@v5.1.0,4160,9.92455e+07,30545397248
NVIDIA L40S,rna004_130bps_hac@v5.1.0,4224,8.44349e+07,30981787136
NVIDIA L40S,rna004_130bps_hac@v5.1.0,4288,9.18341e+07,31334680064
NVIDIA L40S,rna004_130bps_hac@v5.1.0,4352,8.61275e+07,31833830400
NVIDIA L40S,rna004_130bps_hac@v5.1.0,4416,9.11689e+07,32273108480
NVIDIA L40S,rna004_130bps_hac@v5.1.0,4480,9.05794e+07,32778760192
NVIDIA L40S,rna004_130bps_hac@v5.1.0,4544,8.12382e+07,33218952704
NVIDIA L40S,rna004_130bps_hac@v5.1.0,4608,8.65867e+07,33678243840
NVIDIA L40S,rna004_130bps_hac@v5.1.0,4672,8.26125e+07,34141728256
NVIDIA L40S,rna004_130bps_hac@v5.1.0,4736,9.46592e+07,34611504640
NVIDIA L40S,rna004_130bps_hac@v5.1.0,4800,8.13996e+07,35083379712
NVIDIA L40S,rna004_130bps_hac@v5.1.0,4864,8.85474e+07,35582454272
NVIDIA L40S,rna004_130bps_hac@v5.1.0,4928,8.7971e+07,36049183232
NVIDIA L40S,rna004_130bps_hac@v5.1.0,4992,9.25412e+07,36483095040
NVIDIA L40S,rna004_130bps_hac@v5.1.0,5056,8.24442e+07,36958290944
NVIDIA L40S,rna004_130bps_hac@v5.1.0,5120,9.06077e+07,37417580032
NVIDIA L40S,rna004_130bps_hac@v5.1.0,5184,9.05558e+07,37913603584
NVIDIA L40S,rna004_130bps_hac@v5.1.0,5248,9.81877e+07,38388248576
NVIDIA L40S,rna004_130bps_hac@v5.1.0,5312,8.0849e+07,38822716416
NVIDIA L40S,rna004_130bps_hac@v5.1.0,5376,9.62463e+07,39290394624
NVIDIA L40S,rna004_130bps_hac@v5.1.0,5440,9.08298e+07,39749686272
NVIDIA L40S,rna004_130bps_hac@v5.1.0,5504,9.27891e+07,40225753088
NVIDIA L40S,rna004_130bps_hac@v5.1.0,5568,9.46655e+07,40686317056
NVIDIA L40S,rna004_130bps_hac@v5.1.0,5632,9.55217e+07,41156917248
NVIDIA L40S,rna004_130bps_hac@v5.1.0,5696,9.10661e+07,41622500352
NVIDIA L40S,rna004_130bps_hac@v5.1.0,5760,9.66648e+07,42080612864
NVIDIA L40S,rna004_130bps_hac@v5.2.0,64,1.25584e+07,490729984
NVIDIA L40S,rna004_130bps_hac@v5.2.0,128,2.35709e+07,958547968
NVIDIA L40S,rna004_130bps_hac@v5.2.0,192,3.30198e+07,1428973056
NVIDIA L40S,rna004_130bps_hac@v5.2.0,256,4.22357e+07,1898866176
NVIDIA L40S,rna004_130bps_hac@v5.2.0,320,4.91735e+07,2367490048
NVIDIA L40S,rna004_130bps_hac@v5.2.0,384,5.56552e+07,2836717568
NVIDIA L40S,rna004_130bps_hac@v5.2.0,448,6.13353e+07,3306071552
NVIDIA L40S,rna004_130bps_hac@v5.2.0,512,6.64656e+07,3776076288
NVIDIA L40S,rna004_130bps_hac@v5.2.0,576,7.02022e+07,4245897216
NVIDIA L40S,rna004_130bps_hac@v5.2.0,640,7.3524e+07,4713711104
NVIDIA L40S,rna004_130bps_hac@v5.2.0,704,7.59588e+07,5179856384
NVIDIA L40S,rna004_130bps_hac@v5.2.0,768,6.45459e+07,5650146304
NVIDIA L40S,rna004_130bps_hac@v5.2.0,832,6.82042e+07,6124707328
NVIDIA L40S,rna004_130bps_hac@v5.2.0,896,6.8142e+07,6592799744
NVIDIA L40S,rna004_130bps_hac@v5.2.0,960,7.10601e+07,7054820864
NVIDIA L40S,rna004_130bps_hac@v5.2.0,1024,7.34324e+07,7530066944
NVIDIA L40S,rna004_130bps_hac@v5.2.0,1088,7.61708e+07,7991738880
NVIDIA L40S,rna004_130bps_hac@v5.2.0,1152,7.83401e+07,8463813632
NVIDIA L40S,rna004_130bps_hac@v5.2.0,1216,8.13948e+07,8933691904
NVIDIA L40S,rna004_130bps_hac@v5.2.0,1280,8.29671e+07,9407969280
NVIDIA L40S,rna004_130bps_hac@v5.2.0,1344,8.45836e+07,9869591040
NVIDIA L40S,rna004_130bps_hac@v5.2.0,1408,8.71992e+07,10343986688
NVIDIA L40S,rna004_130bps_hac@v5.2.0,1472,8.81866e+07,10814544896
NVIDIA L40S,rna004_130bps_hac@v5.2.0,1536,7.8133e+07,11285517824
NVIDIA L40S,rna004_130bps_hac@v5.2.0,1600,7.99652e+07,11761073664
NVIDIA L40S,rna004_130bps_hac@v5.2.0,1664,7.98814e+07,12218229760
NVIDIA L40S,rna004_130bps_hac@v5.2.0,1728,7.95584e+07,12691227136
NVIDIA L40S,rna004_130bps_hac@v5.2.0,1792,8.59009e+07,13158884352
NVIDIA L40S,rna004_130bps_hac@v5.2.0,1856,8.1791e+07,13623498752
NVIDIA L40S,rna004_130bps_hac@v5.2.0,1920,9.00883e+07,14092465152
NVIDIA L40S,rna004_130bps_hac@v5.2.0,1984,8.52055e+07,14564948992
NVIDIA L40S,rna004_130bps_hac@v5.2.0,2048,9.17543e+07,15030896640
NVIDIA L40S,rna004_130bps_hac@v5.2.0,2112,8.65163e+07,15509576704
NVIDIA L40S,rna004_130bps_hac@v5.2.0,2176,9.52927e+07,15972279808
NVIDIA L40S,rna004_130bps_hac@v5.2.0,2240,9.11307e+07,16441779712
NVIDIA L40S,rna004_130bps_hac@v5.2.0,2304,9.6552e+07,16903030272
NVIDIA L40S,rna004_130bps_hac@v5.2.0,2368,9.23929e+07,17372847616
NVIDIA L40S,rna004_130bps_hac@v5.2.0,2432,9.72206e+07,17842668032
NVIDIA L40S,rna004_130bps_hac@v5.2.0,2496,9.50604e+07,18317096960
NVIDIA L40S,rna004_130bps_hac@v5.2.0,2560,9.92009e+07,18782822400
NVIDIA L40S,rna004_130bps_hac@v5.2.0,2624,9.51734e+07,19251981312
NVIDIA L40S,rna004_130bps_hac@v5.2.0,2688,1.02173e+08,19718401024
NVIDIA L40S,rna004_130bps_hac@v5.2.0,2752,9.90249e+07,20196046848
NVIDIA L40S,rna004_130bps_hac@v5.2.0,2816,1.0378e+08,20655247360
NVIDIA L40S,rna004_130bps_hac@v5.2.0,2880,1.00798e+08,21130588160
NVIDIA L40S,rna004_130bps_hac@v5.2.0,2944,1.05581e+08,21603282944
NVIDIA L40S,rna004_130bps_hac@v5.2.0,3008,8.4678e+07,22064838656
NVIDIA L40S,rna004_130bps_hac@v5.2.0,3072,8.02523e+07,22543153664
NVIDIA L40S,rna004_130bps_hac@v5.2.0,3136,8.43513e+07,23003664896
NVIDIA L40S,rna004_130bps_hac@v5.2.0,3200,8.5762e+07,23473461760
NVIDIA L40S,rna004_130bps_hac@v5.2.0,3264,7.86248e+07,23938184192
NVIDIA L40S,rna004_130bps_hac@v5.2.0,3328,8.36155e+07,24408448000
NVIDIA L40S,rna004_130bps_hac@v5.2.0,3392,8.22435e+07,24877357056
NVIDIA L40S,rna004_130bps_hac@v5.2.0,3456,8.34995e+07,25366127104
NVIDIA L40S,rna004_130bps_hac@v5.2.0,3520,8.51675e+07,25819652608
NVIDIA L40S,rna004_130bps_hac@v5.2.0,3584,8.63883e+07,26290376704
NVIDIA L40S,rna004_130bps_hac@v5.2.0,3648,8.40203e+07,26748040704
NVIDIA L40S,rna004_130bps_hac@v5.2.0,3712,8.51688e+07,27143939072
NVIDIA L40S,rna004_130bps_hac@v5.2.0,3776,8.16244e+07,27698208768
NVIDIA L40S,rna004_130bps_hac@v5.2.0,3840,8.53902e+07,28161053184
NVIDIA L40S,rna004_130bps_hac@v5.2.0,3904,9.06078e+07,28634968064
NVIDIA L40S,rna004_130bps_hac@v5.2.0,3968,8.0342e+07,29108639232
NVIDIA L40S,rna004_130bps_hac@v5.2.0,4032,8.95521e+07,29575006208
NVIDIA L40S,rna004_130bps_hac@v5.2.0,4096,8.62625e+07,30050448384
NVIDIA L40S,rna004_130bps_hac@v5.2.0,4160,9.2352e+07,30510008832
NVIDIA L40S,rna004_130bps_hac@v5.2.0,4224,8.101e+07,30981886976
NVIDIA L40S,rna004_130bps_hac@v5.2.0,4288,9.13545e+07,31443234816
NVIDIA L40S,rna004_130bps_hac@v5.2.0,4352,8.61729e+07,31798932480
NVIDIA L40S,rna004_130bps_hac@v5.2.0,4416,9.17148e+07,32273108480
NVIDIA L40S,rna004_130bps_hac@v5.2.0,4480,8.83891e+07,32766432256
NVIDIA L40S,rna004_130bps_hac@v5.2.0,4544,8.53816e+07,33218952704
NVIDIA L40S,rna004_130bps_hac@v5.2.0,4608,8.89783e+07,33669854720
NVIDIA L40S,rna004_130bps_hac@v5.2.0,4672,7.9399e+07,34141728256
NVIDIA L40S,rna004_130bps_hac@v5.2.0,4736,8.4651e+07,34621990912
NVIDIA L40S,rna004_130bps_hac@v5.2.0,4800,8.56147e+07,35083379712
NVIDIA L40S,rna004_130bps_hac@v5.2.0,4864,9.40339e+07,35546834944
NVIDIA L40S,rna004_130bps_hac@v5.2.0,4928,8.06989e+07,36054889984
NVIDIA L40S,rna004_130bps_hac@v5.2.0,4992,9.02381e+07,36490610688
NVIDIA L40S,rna004_130bps_hac@v5.2.0,5056,8.60206e+07,36958289408
NVIDIA L40S,rna004_130bps_hac@v5.2.0,5120,9.82719e+07,37512628736
NVIDIA L40S,rna004_130bps_hac@v5.2.0,5184,9.07741e+07,37876904448
NVIDIA L40S,rna004_130bps_hac@v5.2.0,5248,8.4302e+07,38387661312
NVIDIA L40S,rna004_130bps_hac@v5.2.0,5312,9.07507e+07,38888865280
NVIDIA L40S,rna004_130bps_hac@v5.2.0,5376,9.19611e+07,39290394624
NVIDIA L40S,rna004_130bps_hac@v5.2.0,5440,8.27488e+07,39749686272
NVIDIA L40S,rna004_130bps_hac@v5.2.0,5504,8.84451e+07,40318518784
NVIDIA L40S,rna004_130bps_hac@v5.2.0,5568,8.96221e+07,40693433344
NVIDIA L40S,rna004_130bps_hac@v5.2.0,5632,9.002e+07,41156917248
NVIDIA L40S,rna004_130bps_hac@v5.2.0,5696,9.14934e+07,41622500352
NVIDIA L40S,rna004_130bps_hac@v5.2.0,5760,9.71594e+07,42126264832
NVIDIA L40S,rna004_130bps_sup@v5.1.0,32,8.62936e+06,2024451072
NVIDIA L40S,rna004_130bps_sup@v5.1.0,64,1.00962e+07,3197710848
NVIDIA L40S,rna004_130bps_sup@v5.1.0,96,1.09187e+07,4371494400
NVIDIA L40S,rna004_130bps_sup@v5.1.0,128,1.1268e+07,5563235328
NVIDIA L40S,rna004_130bps_sup@v5.1.0,160,1.1077e+07,6752125440
NVIDIA L40S,rna004_130bps_sup@v5.1.0,192,1.12415e+07,7943243776
NVIDIA L40S,rna004_130bps_sup@v5.1.0,224,1.14938e+07,9133216256
NVIDIA L40S,rna004_130bps_sup@v5.1.0,256,1.12684e+07,10324825088
NVIDIA L40S,rna004_130bps_sup@v5.1.0,288,9.84234e+06,11515550208
NVIDIA L40S,rna004_130bps_sup@v5.1.0,320,1.11605e+07,12706930688
NVIDIA L40S,rna004_130bps_sup@v5.1.0,352,1.16028e+07,13894839296
NVIDIA L40S,rna004_130bps_sup@v5.1.0,384,1.1607e+07,13861284864
NVIDIA L40S,rna004_130bps_sup@v5.2.0,32,8.68298e+06,2024451072
NVIDIA L40S,rna004_130bps_sup@v5.2.0,64,1.00824e+07,3197710848
NVIDIA L40S,rna004_130bps_sup@v5.2.0,96,1.09147e+07,4371494400
NVIDIA L40S,rna004_130bps_sup@v5.2.0,128,1.12633e+07,5563235328
NVIDIA L40S,rna004_130bps_sup@v5.2.0,160,1.1149e+07,6752125440
NVIDIA L40S,rna004_130bps_sup@v5.2.0,192,1.12692e+07,7943243776
NVIDIA L40S,rna004_130bps_sup@v5.2.0,224,1.15055e+07,9133216256
NVIDIA L40S,rna004_130bps_sup@v5.2.0,256,1.12757e+07,10324825088
NVIDIA L40S,rna004_130bps_sup@v5.2.0,288,1.10918e+07,11515550208
NVIDIA L40S,rna004_130bps_sup@v5.2.0,320,1.11692e+07,12706930688
NVIDIA L40S,rna004_130bps_sup@v5.2.0,352,1.16188e+07,13894839296
NVIDIA L40S,rna004_130bps_sup@v5.2.0,384,1.16005e+07,13861284864
