NVIDIA RTX PRO 6000 Blackwell Workstation Edition,dna_r10.4.1_e8.2_400bps_fast@v4.3.0,64,2.49206e+07,1223282688
NVIDIA RTX PRO 6000 Blackwell Workstation Edition,dna_r10.4.1_e8.2_400bps_fast@v4.3.0,128,4.49949e+07,1371934720
NVIDIA RTX PRO 6000 Blackwell Workstation Edition,dna_r10.4.1_e8.2_400bps_fast@v4.3.0,192,6.47616e+07,1518170112
NVIDIA RTX PRO 6000 Blackwell Workstation Edition,dna_r10.4.1_e8.2_400bps_fast@v4.3.0,256,8.42744e+07,1666501120
NVIDIA RTX PRO 6000 Blackwell Workstation Edition,dna_r10.4.1_e8.2_400bps_fast@v4.3.0,320,1.0273e+08,1812736512
NVIDIA RTX PRO 6000 Blackwell Workstation Edition,dna_r10.4.1_e8.2_400bps_fast@v4.3.0,384,1.17862e+08,1958971392
NVIDIA RTX PRO 6000 Blackwell Workstation Edition,dna_r10.4.1_e8.2_400bps_fast@v4.3.0,448,1.33908e+08,2105206784
NVIDIA RTX PRO 6000 Blackwell Workstation Edition,dna_r10.4.1_e8.2_400bps_fast@v4.3.0,512,1.50892e+08,2253537792
NVIDIA RTX PRO 6000 Blackwell Workstation Edition,dna_r10.4.1_e8.2_400bps_fast@v4.3.0,576,1.63724e+08,2399773184
NVIDIA RTX PRO 6000 Blackwell Workstation Edition,dna_r10.4.1_e8.2_400bps_fast@v4.3.0,640,1.78245e+08,2548105216
NVIDIA RTX PRO 6000 Blackwell Workstation Edition,dna_r10.4.1_e8.2_400bps_fast@v4.3.0,704,1.91843e+08,2693454848
NVIDIA RTX PRO 6000 Blackwell Workstation Edition,dna_r10.4.1_e8.2_400bps_fast@v4.3.0,768,1.80106e+08,2840574464
NVIDIA RTX PRO 6000 Blackwell Workstation Edition,dna_r10.4.1_e8.2_400bps_fast@v4.3.0,832,1.90209e+08,2987097600
NVIDIA RTX PRO 6000 Blackwell Workstation Edition,dna_r10.4.1_e8.2_400bps_fast@v4.3.0,896,2.04237e+08,3137064960
NVIDIA RTX PRO 6000 Blackwell Workstation Edition,dna_r10.4.1_e8.2_400bps_fast@v4.3.0,960,2.12722e+08,3283474432
NVIDIA RTX PRO 6000 Blackwell Workstation Edition,dna_r10.4.1_e8.2_400bps_fast@v4.3.0,1024,2.23712e+08,3428610560
NVIDIA RTX PRO 6000 Blackwell Workstation Edition,dna_r10.4.1_e8.2_400bps_fast@v4.3.0,1088,2.35422e+08,3597695488
NVIDIA RTX PRO 6000 Blackwell Workstation Edition,dna_r10.4.1_e8.2_400bps_fast@v4.3.0,1152,2.42455e+08,3722254336
NVIDIA RTX PRO 6000 Blackwell Workstation Edition,dna_r10.4.1_e8.2_400bps_fast@v4.3.0,1216,2.50521e+08,3872929280
NVIDIA RTX PRO 6000 Blackwell Workstation Edition,dna_r10.4.1_e8.2_400bps_fast@v4.3.0,1280,2.60129e+08,4042334720
NVIDIA RTX PRO 6000 Blackwell Workstation Edition,dna_r10.4.1_e8.2_400bps_fast@v4.3.0,1344,2.65006e+08,4163767808
NVIDIA RTX PRO 6000 Blackwell Workstation Edition,dna_r10.4.1_e8.2_400bps_fast@v4.3.0,1408,2.71889e+08,4340998144
NVIDIA RTX PRO 6000 Blackwell Workstation Edition,dna_r10.4.1_e8.2_400bps_fast@v4.3.0,1472,2.81679e+08,4461605888
NVIDIA RTX PRO 6000 Blackwell Workstation Edition,dna_r10.4.1_e8.2_400bps_fast@v4.3.0,1536,2.61075e+08,4605280768
NVIDIA RTX PRO 6000 Blackwell Workstation Edition,dna_r10.4.1_e8.2_400bps_fast@v4.3.0,1600,2.66387e+08,4755248640
NVIDIA RTX PRO 6000 Blackwell Workstation Edition,dna_r10.4.1_e8.2_400bps_fast@v4.3.0,1664,2.73538e+08,4898924544
NVIDIA RTX PRO 6000 Blackwell Workstation Edition,dna_r10.4.1_e8.2_400bps_fast@v4.3.0,1728,2.77047e+08,5047607296
NVIDIA RTX PRO 6000 Blackwell Workstation Edition,dna_r10.4.1_e8.2_400bps_fast@v4.3.0,1792,2.74452e+08,5195298304
NVIDIA RTX PRO 6000 Blackwell Workstation Edition,dna_r10.4.1_e8.2_400bps_fast@v4.3.0,1856,2.8799e+08,5340644864
NVIDIA RTX PRO 6000 Blackwell Workstation Edition,dna_r10.4.1_e8.2_400bps_fast@v4.3.0,1920,2.96203e+08,5490405376
NVIDIA RTX PRO 6000 Blackwell Workstation Edition,dna_r10.4.1_e8.2_400bps_fast@v4.3.0,1984,3.00664e+08,5634081792
NVIDIA RTX PRO 6000 Blackwell Workstation Edition,dna_r10.4.1_e8.2_400bps_fast@v4.3.0,2048,3.06713e+08,5783474688
NVIDIA RTX PRO 6000 Blackwell Workstation Edition,dna_r10.4.1_e8.2_400bps_fast@v4.3.0,2112,3.04434e+08,5972642304
NVIDIA RTX PRO 6000 Blackwell Workstation Edition,dna_r10.4.1_e8.2_400bps_fast@v4.3.0,2176,3.14534e+08,6119267840
NVIDIA RTX PRO 6000 Blackwell Workstation Edition,dna_r10.4.1_e8.2_400bps_fast@v4.3.0,2240,3.2276e+08,6224142336
NVIDIA RTX PRO 6000 Blackwell Workstation Edition,dna_r10.4.1_e8.2_400bps_fast@v4.3.0,2304,3.00733e+08,6369275392
NVIDIA RTX PRO 6000 Blackwell Workstation Edition,dna_r10.4.1_e8.2_400bps_fast@v4.3.0,2368,3.03178e+08,6517493248
NVIDIA RTX PRO 6000 Blackwell Workstation Edition,dna_r10.4.1_e8.2_400bps_fast@v4.3.0,2432,3.06157e+08,6716725760
NVIDIA RTX PRO 6000 Blackwell Workstation Edition,dna_r10.4.1_e8.2_400bps_fast@v4.3.0,2496,3.04072e+08,6809003520
NVIDIA RTX PRO 6000 Blackwell Workstation Edition,dna_r10.4.1_e8.2_400bps_fast@v4.3.0,2560,3.15042e+08,6958621184
NVIDIA RTX PRO 6000 Blackwell Workstation Edition,dna_r10.4.1_e8.2_400bps_fast@v4.3.0,2624,3.13554e+08,7106491904
NVIDIA RTX PRO 6000 Blackwell Workstation Edition,dna_r10.4.1_e8.2_400bps_fast@v4.3.0,2688,3.10874e+08,7251118592
NVIDIA RTX PRO 6000 Blackwell Workstation Edition,dna_r10.4.1_e8.2_400bps_fast@v4.3.0,2752,3.10597e+08,7402509824
NVIDIA RTX PRO 6000 Blackwell Workstation Edition,dna_r10.4.1_e8.2_400bps_fast@v4.3.0,2816,3.28066e+08,7545119232
NVIDIA RTX PRO 6000 Blackwell Workstation Edition,dna_r10.4.1_e8.2_400bps_fast@v4.3.0,2880,3.28313e+08,7694349824
NVIDIA RTX PRO 6000 Blackwell Workstation Edition,dna_r10.4.1_e8.2_400bps_fast@v4.3.0,2944,3.37526e+08,7841648640
NVIDIA RTX PRO 6000 Blackwell Workstation Edition,dna_r10.4.1_e8.2_400bps_fast@v4.3.0,3008,3.42774e+08,7988336128
NVIDIA RTX PRO 6000 Blackwell Workstation Edition,dna_r10.4.1_e8.2_400bps_fast@v4.3.0,3072,3.12812e+08,8133681664
NVIDIA RTX PRO 6000 Blackwell Workstation Edition,dna_r10.4.1_e8.2_400bps_fast@v4.3.0,3136,3.19289e+08,8279028224
NVIDIA RTX PRO 6000 Blackwell Workstation Edition,dna_r10.4.1_e8.2_400bps_fast@v4.3.0,3200,3.22351e+08,8428404736
NVIDIA RTX PRO 6000 Blackwell Workstation Edition,dna_r10.4.1_e8.2_400bps_fast@v4.3.0,3264,3.32637e+08,8577732608
NVIDIA RTX PRO 6000 Blackwell Workstation Edition,dna_r10.4.1_e8.2_400bps_fast@v4.3.0,3328,3.34688e+08,8721646080
NVIDIA RTX PRO 6000 Blackwell Workstation Edition,dna_r10.4.1_e8.2_400bps_fast@v4.3.0,3392,3.26251e+08,8868802048
NVIDIA RTX PRO 6000 Blackwell Workstation Edition,dna_r10.4.1_e8.2_400bps_fast@v4.3.0,3456,3.33291e+08,9012051456
NVIDIA RTX PRO 6000 Blackwell Workstation Edition,dna_r10.4.1_e8.2_400bps_fast@v4.3.0,3520,3.38997e+08,9161995264
NVIDIA RTX PRO 6000 Blackwell Workstation Edition,dna_r10.4.1_e8.2_400bps_fast@v4.3.0,3584,3.34127e+08,9311787520
NVIDIA RTX PRO 6000 Blackwell Workstation Edition,dna_r10.4.1_e8.2_400bps_fast@v4.3.0,3648,3.39986e+08,9457761792
NVIDIA RTX PRO 6000 Blackwell Workstation Edition,dna_r10.4.1_e8.2_400bps_fast@v4.3.0,3712,3.38297e+08,9604565504
NVIDIA RTX PRO 6000 Blackwell Workstation Edition,dna_r10.4.1_e8.2_400bps_fast@v4.3.0,3776,3.2905e+08,9747186176
NVIDIA RTX PRO 6000 Blackwell Workstation Edition,dna_r10.4.1_e8.2_400bps_fast@v4.3.0,3840,3.31614e+08,9897150976
NVIDIA RTX PRO 6000 Blackwell Workstation Edition,dna_r10.4.1_e8.2_400bps_fast@v4.3.0,3904,3.3233e+08,10045021696
NVIDIA RTX PRO 6000 Blackwell Workstation Edition,dna_r10.4.1_e8.2_400bps_fast@v4.3.0,3968,3.2554e+08,10191599104
NVIDIA RTX PRO 6000 Blackwell Workstation Edition,dna_r10.4.1_e8.2_400bps_fast@v4.3.0,4032,3.25839e+08,10338584064
NVIDIA RTX PRO 6000 Blackwell Workstation Edition,dna_r10.4.1_e8.2_400bps_fast@v4.3.0,4096,3.32781e+08,10489582080
NVIDIA RTX PRO 6000 Blackwell Workstation Edition,dna_r10.4.1_e8.2_400bps_fast@v4.3.0,4160,3.34819e+08,10632191488
NVIDIA RTX PRO 6000 Blackwell Workstation Edition,dna_r10.4.1_e8.2_400bps_fast@v4.3.0,4224,3.17271e+08,10781372928
NVIDIA RTX PRO 6000 Blackwell Workstation Edition,dna_r10.4.1_e8.2_400bps_fast@v4.3.0,4288,3.31057e+08,10924622336
NVIDIA RTX PRO 6000 Blackwell Workstation Edition,dna_r10.4.1_e8.2_400bps_fast@v4.3.0,4352,3.33038e+08,11072065024
NVIDIA RTX PRO 6000 Blackwell Workstation Edition,dna_r10.4.1_e8.2_400bps_fast@v4.3.0,4416,3.3252e+08,11223600640
NVIDIA RTX PRO 6000 Blackwell Workstation Edition,dna_r10.4.1_e8.2_400bps_fast@v4.3.0,4480,3.35448e+08,11368307200
NVIDIA RTX PRO 6000 Blackwell Workstation Edition,dna_r10.4.1_e8.2_400bps_fast@v4.3.0,4544,3.29906e+08,11515110912
NVIDIA RTX PRO 6000 Blackwell Workstation Edition,dna_r10.4.1_e8.2_400bps_fast@v4.3.0,4608,3.19731e+08,11659817472
NVIDIA RTX PRO 6000 Blackwell Workstation Edition,dna_r10.4.1_e8.2_400bps_fast@v4.3.0,4672,3.22947e+08,11809282560
NVIDIA RTX PRO 6000 Blackwell Workstation Edition,dna_r10.4.1_e8.2_400bps_fast@v4.3.0,4736,3.36055e+08,11956726272
NVIDIA RTX PRO 6000 Blackwell Workstation Edition,dna_r10.4.1_e8.2_400bps_fast@v4.3.0,4800,3.234e+08,12102072832
NVIDIA RTX PRO 6000 Blackwell Workstation Edition,dna_r10.4.1_e8.2_400bps_fast@v4.3.0,4864,3.42359e+08,12251226624
NVIDIA RTX PRO 6000 Blackwell Workstation Edition,dna_r10.4.1_e8.2_400bps_fast@v4.3.0,4928,3.25981e+08,12395933184
NVIDIA RTX PRO 6000 Blackwell Workstation Edition,dna_r10.4.1_e8.2_400bps_fast@v4.3.0,4992,3.42375e+08,12542736896
NVIDIA RTX PRO 6000 Blackwell Workstation Edition,dna_r10.4.1_e8.2_400bps_fast@v4.3.0,5056,3.21967e+08,12691846656
NVIDIA RTX PRO 6000 Blackwell Workstation Edition,dna_r10.4.1_e8.2_400bps_fast@v4.3.0,5120,3.35102e+08,12835095040
NVIDIA RTX PRO 6000 Blackwell Workstation Edition,dna_r10.4.1_e8.2_400bps_fast@v4.3.0,5184,3.44753e+08,12984635904
NVIDIA RTX PRO 6000 Blackwell Workstation Edition,dna_r10.4.1_e8.2_400bps_fast@v4.3.0,5248,3.34302e+08,13134146048
NVIDIA RTX PRO 6000 Blackwell Workstation Edition,dna_r10.4.1_e8.2_400bps_fast@v4.3.0,5312,3.37495e+08,13278852608
NVIDIA RTX PRO 6000 Blackwell Workstation Edition,dna_r10.4.1_e8.2_400bps_fast@v4.3.0,5376,3.28965e+08,13425656320
NVIDIA RTX PRO 6000 Blackwell Workstation Edition,dna_r10.4.1_e8.2_400bps_fast@v4.3.0,5440,3.3645e+08,13570362880
NVIDIA RTX PRO 6000 Blackwell Workstation Edition,dna_r10.4.1_e8.2_400bps_fast@v4.3.0,5504,3.36088e+08,13723458048
NVIDIA RTX PRO 6000 Blackwell Workstation Edition,dna_r10.4.1_e8.2_400bps_fast@v4.3.0,5568,3.40214e+08,13870261760
NVIDIA RTX PRO 6000 Blackwell Workstation Edition,dna_r10.4.1_e8.2_400bps_fast@v4.3.0,5632,3.41697e+08,14014968320
NVIDIA RTX PRO 6000 Blackwell Workstation Edition,dna_r10.4.1_e8.2_400bps_fast@v4.3.0,5696,3.26113e+08,14161772032
NVIDIA RTX PRO 6000 Blackwell Workstation Edition,dna_r10.4.1_e8.2_400bps_fast@v4.3.0,5760,3.42409e+08,14306478592
NVIDIA RTX PRO 6000 Blackwell Workstation Edition,dna_r10.4.1_e8.2_400bps_fast@v4.3.0,5824,3.32722e+08,14453282304
NVIDIA RTX PRO 6000 Blackwell Workstation Edition,dna_r10.4.1_e8.2_400bps_fast@v4.3.0,5888,3.42002e+08,14606377472
NVIDIA RTX PRO 6000 Blackwell Workstation Edition,dna_r10.4.1_e8.2_400bps_fast@v4.3.0,5952,3.41047e+08,14748986880
NVIDIA RTX PRO 6000 Blackwell Workstation Edition,dna_r10.4.1_e8.2_400bps_fast@v4.3.0,6016,3.51372e+08,14899984896
NVIDIA RTX PRO 6000 Blackwell Workstation Edition,dna_r10.4.1_e8.2_400bps_fast@v4.3.0,6080,3.3775e+08,15040497152
NVIDIA RTX PRO 6000 Blackwell Workstation Edition,dna_r10.4.1_e8.2_400bps_fast@v4.3.0,6144,3.36553e+08,15189398016
NVIDIA RTX PRO 6000 Blackwell Workstation Edition,dna_r10.4.1_e8.2_400bps_fast@v4.3.0,6208,3.39326e+08,15336201728
NVIDIA RTX PRO 6000 Blackwell Workstation Edition,dna_r10.4.1_e8.2_400bps_fast@v4.3.0,6272,3.15244e+08,15480908288
NVIDIA RTX PRO 6000 Blackwell Workstation Edition,dna_r10.4.1_e8.2_400bps_fast@v4.3.0,6336,3.46803e+08,15634003456
NVIDIA RTX PRO 6000 Blackwell Workstation Edition,dna_r10.4.1_e8.2_400bps_fast@v4.3.0,6400,3.49562e+08,15780807168
NVIDIA RTX PRO 6000 Blackwell Workstation Edition,dna_r10.4.1_e8.2_400bps_fast@v4.3.0,6464,3.44855e+08,15925513728
NVIDIA RTX PRO 6000 Blackwell Workstation Edition,dna_r10.4.1_e8.2_400bps_fast@v4.3.0,6528,3.4723e+08,16072317440
NVIDIA RTX PRO 6000 Blackwell Workstation Edition,dna_r10.4.1_e8.2_400bps_fast@v4.3.0,6592,3.40611e+08,16217024000
NVIDIA RTX PRO 6000 Blackwell Workstation Edition,dna_r10.4.1_e8.2_400bps_fast@v4.3.0,6656,3.4881e+08,16365924864
NVIDIA RTX PRO 6000 Blackwell Workstation Edition,dna_r10.4.1_e8.2_400bps_fast@v4.3.0,6720,3.34029e+08,16516922880
NVIDIA RTX PRO 6000 Blackwell Workstation Edition,dna_r10.4.1_e8.2_400bps_fast@v4.3.0,6784,3.34596e+08,16659532288
NVIDIA RTX PRO 6000 Blackwell Workstation Edition,dna_r10.4.1_e8.2_400bps_fast@v4.3.0,6848,3.47167e+08,16808433152
NVIDIA RTX PRO 6000 Blackwell Workstation Edition,dna_r10.4.1_e8.2_400bps_fast@v4.3.0,6912,3.41528e+08,17089454592
NVIDIA RTX PRO 6000 Blackwell Workstation Edition,dna_r10.4.1_e8.2_400bps_fast@v4.3.0,6976,3.40198e+08,17102040576
NVIDIA RTX PRO 6000 Blackwell Workstation Edition,dna_r10.4.1_e8.2_400bps_fast@v4.3.0,7040,3.43179e+08,17246747136
NVIDIA RTX PRO 6000 Blackwell Workstation Edition,dna_r10.4.1_e8.2_400bps_fast@v4.3.0,7104,3.4505e+08,17391453696
NVIDIA RTX PRO 6000 Blackwell Workstation Edition,dna_r10.4.1_e8.2_400bps_fast@v4.3.0,7168,3.47816e+08,17542451712
NVIDIA RTX PRO 6000 Blackwell Workstation Edition,dna_r10.4.1_e8.2_400bps_fast@v4.3.0,7232,3.42601e+08,17687158272
NVIDIA RTX PRO 6000 Blackwell Workstation Edition,dna_r10.4.1_e8.2_400bps_fast@v4.3.0,7296,3.47658e+08,17838156288
NVIDIA RTX PRO 6000 Blackwell Workstation Edition,dna_r10.4.1_e8.2_400bps_fast@v4.3.0,7360,3.48334e+08,17982862848
NVIDIA RTX PRO 6000 Blackwell Workstation Edition,dna_r10.4.1_e8.2_400bps_fast@v4.3.0,7424,3.51909e+08,18127569408
NVIDIA RTX PRO 6000 Blackwell Workstation Edition,dna_r10.4.1_e8.2_400bps_fast@v4.3.0,7488,3.51442e+08,18274373120
NVIDIA RTX PRO 6000 Blackwell Workstation Edition,dna_r10.4.1_e8.2_400bps_fast@v4.3.0,7552,3.31448e+08,18572171776
NVIDIA RTX PRO 6000 Blackwell Workstation Edition,dna_r10.4.1_e8.2_400bps_fast@v4.3.0,7616,3.31604e+08,18727364096
NVIDIA RTX PRO 6000 Blackwell Workstation Edition,dna_r10.4.1_e8.2_400bps_fast@v4.3.0,7680,3.44293e+08,18721075712
NVIDIA RTX PRO 6000 Blackwell Workstation Edition,dna_r10.4.1_e8.2_400bps_fast@v4.3.0,7744,3.31255e+08,18861587968
NVIDIA RTX PRO 6000 Blackwell Workstation Edition,dna_r10.4.1_e8.2_400bps_fast@v4.3.0,7808,3.38913e+08,19010488832
NVIDIA RTX PRO 6000 Blackwell Workstation Edition,dna_r10.4.1_e8.2_400bps_fast@v4.3.0,7872,3.17586e+08,19159389696
NVIDIA RTX PRO 6000 Blackwell Workstation Edition,dna_r10.4.1_e8.2_400bps_fast@v4.3.0,7936,3.31521e+08,19304096256
NVIDIA RTX PRO 6000 Blackwell Workstation Edition,dna_r10.4.1_e8.2_400bps_fast@v4.3.0,8000,3.32751e+08,19618672128
NVIDIA RTX PRO 6000 Blackwell Workstation Edition,dna_r10.4.1_e8.2_400bps_fast@v4.3.0,8064,3.43258e+08,19597703680
NVIDIA RTX PRO 6000 Blackwell Workstation Edition,dna_r10.4.1_e8.2_400bps_fast@v4.3.0,8128,3.47847e+08,19744507392
NVIDIA RTX PRO 6000 Blackwell Workstation Edition,dna_r10.4.1_e8.2_400bps_fast@v4.3.0,8192,3.33885e+08,19895505408
NVIDIA RTX PRO 6000 Blackwell Workstation Edition,dna_r10.4.1_e8.2_400bps_fast@v4.3.0,8256,3.3751e+08,20040211968
NVIDIA RTX PRO 6000 Blackwell Workstation Edition,dna_r10.4.1_e8.2_400bps_fast@v4.3.0,8320,3.41038e+08,20153461248
NVIDIA RTX PRO 6000 Blackwell Workstation Edition,dna_r10.4.1_e8.2_400bps_fast@v4.3.0,8384,3.41969e+08,20262516224
NVIDIA RTX PRO 6000 Blackwell Workstation Edition,dna_r10.4.1_e8.2_400bps_fast@v4.3.0,8448,3.43547e+08,20379959808
NVIDIA RTX PRO 6000 Blackwell Workstation Edition,dna_r10.4.1_e8.2_400bps_fast@v4.3.0,8512,3.35713e+08,20497403392
NVIDIA RTX PRO 6000 Blackwell Workstation Edition,dna_r10.4.1_e8.2_400bps_fast@v4.3.0,8576,3.47453e+08,20606458368
NVIDIA RTX PRO 6000 Blackwell Workstation Edition,dna_r10.4.1_e8.2_400bps_fast@v4.3.0,8640,3.36909e+08,20721804800
NVIDIA RTX PRO 6000 Blackwell Workstation Edition,dna_r10.4.1_e8.2_400bps_fast@v4.3.0,8704,3.45478e+08,20828762624
NVIDIA RTX PRO 6000 Blackwell Workstation Edition,dna_r10.4.1_e8.2_400bps_fast@v4.3.0,8768,3.39478e+08,20944109056
NVIDIA RTX PRO 6000 Blackwell Workstation Edition,dna_r10.4.1_e8.2_400bps_fast@v4.3.0,8832,3.56076e+08,21063649792
NVIDIA RTX PRO 6000 Blackwell Workstation Edition,dna_r10.4.1_e8.2_400bps_fast@v4.3.0,8896,3.45289e+08,21174801920
NVIDIA RTX PRO 6000 Blackwell Workstation Edition,dna_r10.4.1_e8.2_400bps_fast@v4.3.0,8960,3.42553e+08,21288051200
NVIDIA RTX PRO 6000 Blackwell Workstation Edition,dna_r10.4.1_e8.2_400bps_fast@v4.3.0,9024,3.46552e+08,21403397632
NVIDIA RTX PRO 6000 Blackwell Workstation Edition,dna_r10.4.1_e8.2_400bps_fast@v4.3.0,9088,3.50473e+08,21510355456
NVIDIA RTX PRO 6000 Blackwell Workstation Edition,dna_r10.4.1_e8.2_400bps_fast@v4.3.0,9152,3.52888e+08,21627799040
NVIDIA RTX PRO 6000 Blackwell Workstation Edition,dna_r10.4.1_e8.2_400bps_fast@v4.3.0,9216,3.55017e+08,21738951168
NVIDIA RTX PRO 6000 Blackwell Workstation Edition,dna_r10.4.1_e8.2_400bps_fast@v4.3.0,9280,3.32419e+08,21856394752
NVIDIA RTX PRO 6000 Blackwell Workstation Edition,dna_r10.4.1_e8.2_400bps_fast@v4.3.0,9344,3.3447e+08,21971741184
NVIDIA RTX PRO 6000 Blackwell Workstation Edition,dna_r10.4.1_e8.2_400bps_fast@v4.3.0,9408,3.37181e+08,22078699008
NVIDIA RTX PRO 6000 Blackwell Workstation Edition,dna_r10.4.1_e8.2_400bps_fast@v4.3.0,9472,3.46262e+08,22196142592
NVIDIA RTX PRO 6000 Blackwell Workstation Edition,dna_r10.4.1_e8.2_400bps_fast@v4.3.0,9536,3.23496e+08,22305197568
NVIDIA RTX PRO 6000 Blackwell Workstation Edition,dna_r10.4.1_e8.2_400bps_fast@v4.3.0,9600,3.22004e+08,22420544000
NVIDIA RTX PRO 6000 Blackwell Workstation Edition,dna_r10.4.1_e8.2_400bps_fast@v4.3.0,9664,3.1271e+08,22537987584
NVIDIA RTX PRO 6000 Blackwell Workstation Edition,dna_r10.4.1_e8.2_400bps_fast@v4.3.0,9728,3.42776e+08,22647042560
NVIDIA RTX PRO 6000 Blackwell Workstation Edition,dna_r10.4.1_e8.2_400bps_fast@v4.3.0,9792,3.32099e+08,22762388992
NVIDIA RTX PRO 6000 Blackwell Workstation Edition,dna_r10.4.1_e8.2_400bps_fast@v4.3.0,9856,3.32192e+08,22873541120
NVIDIA RTX PRO 6000 Blackwell Workstation Edition,dna_r10.4.1_e8.2_400bps_fast@v4.3.0,9920,3.40375e+08,22986790400
NVIDIA RTX PRO 6000 Blackwell Workstation Edition,dna_r10.4.1_e8.2_400bps_fast@v4.3.0,9984,3.42457e+08,23102136832
NVIDIA RTX PRO 6000 Blackwell Workstation Edition,dna_r10.4.1_e8.2_400bps_fast@v4.3.0,10048,3.465e+08,23211191808
NVIDIA RTX PRO 6000 Blackwell Workstation Edition,dna_r10.4.1_e8.2_400bps_fast@v4.3.0,10112,3.23839e+08,23414618624
NVIDIA RTX PRO 6000 Blackwell Workstation Edition,dna_r10.4.1_e8.2_400bps_fast@v4.3.0,10176,3.23959e+08,23446078976
NVIDIA RTX PRO 6000 Blackwell Workstation Edition,dna_r10.4.1_e8.2_400bps_fast@v4.3.0,10240,3.24294e+08,23555133952
NVIDIA RTX PRO 6000 Blackwell Workstation Edition,dna_r10.4.1_e8.2_400bps_fast@v5.0.0,64,2.54344e+07,1223282688
NVIDIA RTX PRO 6000 Blackwell Workstation Edition,dna_r10.4.1_e8.2_400bps_fast@v5.0.0,128,4.48675e+07,1371934720
NVIDIA RTX PRO 6000 Blackwell Workstation Edition,dna_r10.4.1_e8.2_400bps_fast@v5.0.0,192,6.47371e+07,1518170112
NVIDIA RTX PRO 6000 Blackwell Workstation Edition,dna_r10.4.1_e8.2_400bps_fast@v5.0.0,256,8.22619e+07,1666501120
NVIDIA RTX PRO 6000 Blackwell Workstation Edition,dna_r10.4.1_e8.2_400bps_fast@v5.0.0,320,1.02531e+08,1812736512
NVIDIA RTX PRO 6000 Blackwell Workstation Edition,dna_r10.4.1_e8.2_400bps_fast@v5.0.0,384,1.17529e+08,1958971392
NVIDIA RTX PRO 6000 Blackwell Workstation Edition,dna_r10.4.1_e8.2_400bps_fast@v5.0.0,448,1.33957e+08,2105206784
NVIDIA RTX PRO 6000 Blackwell Workstation Edition,dna_r10.4.1_e8.2_400bps_fast@v5.0.0,512,1.50678e+08,2253537792
NVIDIA RTX PRO 6000 Blackwell Workstation Edition,dna_r10.4.1_e8.2_400bps_fast@v5.0.0,576,1.63854e+08,2399773184
NVIDIA RTX PRO 6000 Blackwell Workstation Edition,dna_r10.4.1_e8.2_400bps_fast@v5.0.0,640,1.77776e+08,2548105216
NVIDIA RTX PRO 6000 Blackwell Workstation Edition,dna_r10.4.1_e8.2_400bps_fast@v5.0.0,704,1.91845e+08,2693454848
NVIDIA RTX PRO 6000 Blackwell Workstation Edition,dna_r10.4.1_e8.2_400bps_fast@v5.0.0,768,1.69111e+08,2840574464
NVIDIA RTX PRO 6000 Blackwell Workstation Edition,dna_r10.4.1_e8.2_400bps_fast@v5.0.0,832,1.92062e+08,2987097600
NVIDIA RTX PRO 6000 Blackwell Workstation Edition,dna_r10.4.1_e8.2_400bps_fast@v5.0.0,896,2.04161e+08,3137064960
NVIDIA RTX PRO 6000 Blackwell Workstation Edition,dna_r10.4.1_e8.2_400bps_fast@v5.0.0,960,2.13933e+08,3283474432
NVIDIA RTX PRO 6000 Blackwell Workstation Edition,dna_r10.4.1_e8.2_400bps_fast@v5.0.0,1024,2.24036e+08,3428610560
NVIDIA RTX PRO 6000 Blackwell Workstation Edition,dna_r10.4.1_e8.2_400bps_fast@v5.0.0,1088,2.25237e+08,3575943680
NVIDIA RTX PRO 6000 Blackwell Workstation Edition,dna_r10.4.1_e8.2_400bps_fast@v5.0.0,1152,2.41436e+08,3722254336
NVIDIA RTX PRO 6000 Blackwell Workstation Edition,dna_r10.4.1_e8.2_400bps_fast@v5.0.0,1216,2.51141e+08,3872929280
NVIDIA RTX PRO 6000 Blackwell Workstation Edition,dna_r10.4.1_e8.2_400bps_fast@v5.0.0,1280,2.57524e+08,4016744960
NVIDIA RTX PRO 6000 Blackwell Workstation Edition,dna_r10.4.1_e8.2_400bps_fast@v5.0.0,1344,2.53106e+08,4163767808
NVIDIA RTX PRO 6000 Blackwell Workstation Edition,dna_r10.4.1_e8.2_400bps_fast@v5.0.0,1408,2.73758e+08,4311638016
NVIDIA RTX PRO 6000 Blackwell Workstation Edition,dna_r10.4.1_e8.2_400bps_fast@v5.0.0,1472,2.83045e+08,4461605888
NVIDIA RTX PRO 6000 Blackwell Workstation Edition,dna_r10.4.1_e8.2_400bps_fast@v5.0.0,1536,2.58532e+08,4605280768
NVIDIA RTX PRO 6000 Blackwell Workstation Edition,dna_r10.4.1_e8.2_400bps_fast@v5.0.0,1600,2.69626e+08,4788803072
NVIDIA RTX PRO 6000 Blackwell Workstation Edition,dna_r10.4.1_e8.2_400bps_fast@v5.0.0,1664,2.75056e+08,4932478976
NVIDIA RTX PRO 6000 Blackwell Workstation Edition,dna_r10.4.1_e8.2_400bps_fast@v5.0.0,1728,2.7597e+08,5047607296
NVIDIA RTX PRO 6000 Blackwell Workstation Edition,dna_r10.4.1_e8.2_400bps_fast@v5.0.0,1792,2.87243e+08,5194730496
NVIDIA RTX PRO 6000 Blackwell Workstation Edition,dna_r10.4.1_e8.2_400bps_fast@v5.0.0,1856,2.9312e+08,5378186752
NVIDIA RTX PRO 6000 Blackwell Workstation Edition,dna_r10.4.1_e8.2_400bps_fast@v5.0.0,1920,2.9618e+08,5490405376
NVIDIA RTX PRO 6000 Blackwell Workstation Edition,dna_r10.4.1_e8.2_400bps_fast@v5.0.0,1984,2.98754e+08,5673746432
NVIDIA RTX PRO 6000 Blackwell Workstation Edition,dna_r10.4.1_e8.2_400bps_fast@v5.0.0,2048,3.06593e+08,5783474688
NVIDIA RTX PRO 6000 Blackwell Workstation Edition,dna_r10.4.1_e8.2_400bps_fast@v5.0.0,2112,3.0874e+08,5930418688
NVIDIA RTX PRO 6000 Blackwell Workstation Edition,dna_r10.4.1_e8.2_400bps_fast@v5.0.0,2176,3.15938e+08,6075765248
NVIDIA RTX PRO 6000 Blackwell Workstation Edition,dna_r10.4.1_e8.2_400bps_fast@v5.0.0,2240,3.18805e+08,6223465472
NVIDIA RTX PRO 6000 Blackwell Workstation Edition,dna_r10.4.1_e8.2_400bps_fast@v5.0.0,2304,2.92363e+08,6369275392
NVIDIA RTX PRO 6000 Blackwell Workstation Edition,dna_r10.4.1_e8.2_400bps_fast@v5.0.0,2368,2.91726e+08,6517493248
NVIDIA RTX PRO 6000 Blackwell Workstation Edition,dna_r10.4.1_e8.2_400bps_fast@v5.0.0,2432,3.00992e+08,6666394112
NVIDIA RTX PRO 6000 Blackwell Workstation Edition,dna_r10.4.1_e8.2_400bps_fast@v5.0.0,2496,3.00571e+08,6809003520
NVIDIA RTX PRO 6000 Blackwell Workstation Edition,dna_r10.4.1_e8.2_400bps_fast@v5.0.0,2560,3.18495e+08,6958621184
NVIDIA RTX PRO 6000 Blackwell Workstation Edition,dna_r10.4.1_e8.2_400bps_fast@v5.0.0,2624,3.19727e+08,7106491904
NVIDIA RTX PRO 6000 Blackwell Workstation Edition,dna_r10.4.1_e8.2_400bps_fast@v5.0.0,2688,3.236e+08,7251118592
NVIDIA RTX PRO 6000 Blackwell Workstation Edition,dna_r10.4.1_e8.2_400bps_fast@v5.0.0,2752,3.2578e+08,7402509824
NVIDIA RTX PRO 6000 Blackwell Workstation Edition,dna_r10.4.1_e8.2_400bps_fast@v5.0.0,2816,3.23892e+08,7545119232
NVIDIA RTX PRO 6000 Blackwell Workstation Edition,dna_r10.4.1_e8.2_400bps_fast@v5.0.0,2880,3.35025e+08,7694349824
NVIDIA RTX PRO 6000 Blackwell Workstation Edition,dna_r10.4.1_e8.2_400bps_fast@v5.0.0,2944,3.36183e+08,7841648640
NVIDIA RTX PRO 6000 Blackwell Workstation Edition,dna_r10.4.1_e8.2_400bps_fast@v5.0.0,3008,3.31692e+08,7988336128
NVIDIA RTX PRO 6000 Blackwell Workstation Edition,dna_r10.4.1_e8.2_400bps_fast@v5.0.0,3072,3.20617e+08,8133681664
NVIDIA RTX PRO 6000 Blackwell Workstation Edition,dna_r10.4.1_e8.2_400bps_fast@v5.0.0,3136,3.18548e+08,8279028224
NVIDIA RTX PRO 6000 Blackwell Workstation Edition,dna_r10.4.1_e8.2_400bps_fast@v5.0.0,3200,3.23733e+08,8428404736
NVIDIA RTX PRO 6000 Blackwell Workstation Edition,dna_r10.4.1_e8.2_400bps_fast@v5.0.0,3264,3.2332e+08,8577732608
NVIDIA RTX PRO 6000 Blackwell Workstation Edition,dna_r10.4.1_e8.2_400bps_fast@v5.0.0,3328,3.28745e+08,8721646080
NVIDIA RTX PRO 6000 Blackwell Workstation Edition,dna_r10.4.1_e8.2_400bps_fast@v5.0.0,3392,3.30887e+08,8868802048
NVIDIA RTX PRO 6000 Blackwell Workstation Edition,dna_r10.4.1_e8.2_400bps_fast@v5.0.0,3456,2.67518e+08,9012051456
NVIDIA RTX PRO 6000 Blackwell Workstation Edition,dna_r10.4.1_e8.2_400bps_fast@v5.0.0,3520,1.63121e+08,9161995264
NVIDIA RTX PRO 6000 Blackwell Workstation Edition,dna_r10.4.1_e8.2_400bps_fast@v5.0.0,3584,1.59935e+08,9311787520
NVIDIA RTX PRO 6000 Blackwell Workstation Edition,dna_r10.4.1_e8.2_400bps_fast@v5.0.0,3648,1.60144e+08,9457761792
NVIDIA RTX PRO 6000 Blackwell Workstation Edition,dna_r10.4.1_e8.2_400bps_fast@v5.0.0,3712,1.55925e+08,9604565504
NVIDIA RTX PRO 6000 Blackwell Workstation Edition,dna_r10.4.1_e8.2_400bps_fast@v5.0.0,3776,1.52867e+08,9822683648
NVIDIA RTX PRO 6000 Blackwell Workstation Edition,dna_r10.4.1_e8.2_400bps_fast@v5.0.0,3840,1.56474e+08,9897150976
NVIDIA RTX PRO 6000 Blackwell Workstation Edition,dna_r10.4.1_e8.2_400bps_fast@v5.0.0,3904,1.58104e+08,10045021696
NVIDIA RTX PRO 6000 Blackwell Workstation Edition,dna_r10.4.1_e8.2_400bps_fast@v5.0.0,3968,1.52463e+08,10191599104
NVIDIA RTX PRO 6000 Blackwell Workstation Edition,dna_r10.4.1_e8.2_400bps_fast@v5.0.0,4032,1.4809e+08,10338584064
NVIDIA RTX PRO 6000 Blackwell Workstation Edition,dna_r10.4.1_e8.2_400bps_fast@v5.0.0,4096,1.47981e+08,10489582080
NVIDIA RTX PRO 6000 Blackwell Workstation Edition,dna_r10.4.1_e8.2_400bps_fast@v5.0.0,4160,1.518e+08,10632191488
NVIDIA RTX PRO 6000 Blackwell Workstation Edition,dna_r10.4.1_e8.2_400bps_fast@v5.0.0,4224,1.5185e+08,10781372928
NVIDIA RTX PRO 6000 Blackwell Workstation Edition,dna_r10.4.1_e8.2_400bps_fast@v5.0.0,4288,1.53756e+08,10924622336
NVIDIA RTX PRO 6000 Blackwell Workstation Edition,dna_r10.4.1_e8.2_400bps_fast@v5.0.0,4352,1.50844e+08,11072065024
NVIDIA RTX PRO 6000 Blackwell Workstation Edition,dna_r10.4.1_e8.2_400bps_fast@v5.0.0,4416,1.5255e+08,11223600640
NVIDIA RTX PRO 6000 Blackwell Workstation Edition,dna_r10.4.1_e8.2_400bps_fast@v5.0.0,4480,1.54905e+08,11368307200
NVIDIA RTX PRO 6000 Blackwell Workstation Edition,dna_r10.4.1_e8.2_400bps_fast@v5.0.0,4544,1.48166e+08,11515110912
NVIDIA RTX PRO 6000 Blackwell Workstation Edition,dna_r10.4.1_e8.2_400bps_fast@v5.0.0,4608,1.5031e+08,11659817472
NVIDIA RTX PRO 6000 Blackwell Workstation Edition,dna_r10.4.1_e8.2_400bps_fast@v5.0.0,4672,1.51651e+08,11809282560
NVIDIA RTX PRO 6000 Blackwell Workstation Edition,dna_r10.4.1_e8.2_400bps_fast@v5.0.0,4736,1.54176e+08,11956726272
NVIDIA RTX PRO 6000 Blackwell Workstation Edition,dna_r10.4.1_e8.2_400bps_fast@v5.0.0,4800,1.56099e+08,12102072832
NVIDIA RTX PRO 6000 Blackwell Workstation Edition,dna_r10.4.1_e8.2_400bps_fast@v5.0.0,4864,1.57051e+08,12251226624
NVIDIA RTX PRO 6000 Blackwell Workstation Edition,dna_r10.4.1_e8.2_400bps_fast@v5.0.0,4928,1.47963e+08,12395933184
NVIDIA RTX PRO 6000 Blackwell Workstation Edition,dna_r10.4.1_e8.2_400bps_fast@v5.0.0,4992,1.5049e+08,12542736896
NVIDIA RTX PRO 6000 Blackwell Workstation Edition,dna_r10.4.1_e8.2_400bps_fast@v5.0.0,5056,1.51434e+08,12691846656
NVIDIA RTX PRO 6000 Blackwell Workstation Edition,dna_r10.4.1_e8.2_400bps_fast@v5.0.0,5120,1.53888e+08,12835095040
NVIDIA RTX PRO 6000 Blackwell Workstation Edition,dna_r10.4.1_e8.2_400bps_fast@v5.0.0,5184,1.56455e+08,12984635904
NVIDIA RTX PRO 6000 Blackwell Workstation Edition,dna_r10.4.1_e8.2_400bps_fast@v5.0.0,5248,1.56906e+08,13134146048
NVIDIA RTX PRO 6000 Blackwell Workstation Edition,dna_r10.4.1_e8.2_400bps_fast@v5.0.0,5312,1.48928e+08,13278852608
NVIDIA RTX PRO 6000 Blackwell Workstation Edition,dna_r10.4.1_e8.2_400bps_fast@v5.0.0,5376,1.53154e+08,13425656320
NVIDIA RTX PRO 6000 Blackwell Workstation Edition,dna_r10.4.1_e8.2_400bps_fast@v5.0.0,5440,1.80214e+08,13570362880
NVIDIA RTX PRO 6000 Blackwell Workstation Edition,dna_r10.4.1_e8.2_400bps_fast@v5.0.0,5504,3.23613e+08,13723458048
NVIDIA RTX PRO 6000 Blackwell Workstation Edition,dna_r10.4.1_e8.2_400bps_fast@v5.0.0,5568,3.28814e+08,13870261760
NVIDIA RTX PRO 6000 Blackwell Workstation Edition,dna_r10.4.1_e8.2_400bps_fast@v5.0.0,5632,3.36365e+08,14014968320
NVIDIA RTX PRO 6000 Blackwell Workstation Edition,dna_r10.4.1_e8.2_400bps_fast@v5.0.0,5696,3.26813e+08,14161772032
NVIDIA RTX PRO 6000 Blackwell Workstation Edition,dna_r10.4.1_e8.2_400bps_fast@v5.0.0,5760,3.27471e+08,14306478592
NVIDIA RTX PRO 6000 Blackwell Workstation Edition,dna_r10.4.1_e8.2_400bps_fast@v5.0.0,5824,3.29487e+08,14453282304
NVIDIA RTX PRO 6000 Blackwell Workstation Edition,dna_r10.4.1_e8.2_400bps_fast@v5.0.0,5888,3.38528e+08,14606377472
NVIDIA RTX PRO 6000 Blackwell Workstation Edition,dna_r10.4.1_e8.2_400bps_fast@v5.0.0,5952,3.37038e+08,14748986880
NVIDIA RTX PRO 6000 Blackwell Workstation Edition,dna_r10.4.1_e8.2_400bps_fast@v5.0.0,6016,3.40938e+08,14899984896
NVIDIA RTX PRO 6000 Blackwell Workstation Edition,dna_r10.4.1_e8.2_400bps_fast@v5.0.0,6080,3.15738e+08,15040497152
NVIDIA RTX PRO 6000 Blackwell Workstation Edition,dna_r10.4.1_e8.2_400bps_fast@v5.0.0,6144,3.28597e+08,15189398016
NVIDIA RTX PRO 6000 Blackwell Workstation Edition,dna_r10.4.1_e8.2_400bps_fast@v5.0.0,6208,3.32104e+08,15336201728
NVIDIA RTX PRO 6000 Blackwell Workstation Edition,dna_r10.4.1_e8.2_400bps_fast@v5.0.0,6272,3.31724e+08,15480908288
NVIDIA RTX PRO 6000 Blackwell Workstation Edition,dna_r10.4.1_e8.2_400bps_fast@v5.0.0,6336,3.27876e+08,15634003456
NVIDIA RTX PRO 6000 Blackwell Workstation Edition,dna_r10.4.1_e8.2_400bps_fast@v5.0.0,6400,3.41457e+08,15780807168
NVIDIA RTX PRO 6000 Blackwell Workstation Edition,dna_r10.4.1_e8.2_400bps_fast@v5.0.0,6464,3.3344e+08,15925513728
NVIDIA RTX PRO 6000 Blackwell Workstation Edition,dna_r10.4.1_e8.2_400bps_fast@v5.0.0,6528,3.34578e+08,16072317440
NVIDIA RTX PRO 6000 Blackwell Workstation Edition,dna_r10.4.1_e8.2_400bps_fast@v5.0.0,6592,3.3088e+08,16217024000
NVIDIA RTX PRO 6000 Blackwell Workstation Edition,dna_r10.4.1_e8.2_400bps_fast@v5.0.0,6656,3.3191e+08,16365924864
NVIDIA RTX PRO 6000 Blackwell Workstation Edition,dna_r10.4.1_e8.2_400bps_fast@v5.0.0,6720,3.34988e+08,16516922880
NVIDIA RTX PRO 6000 Blackwell Workstation Edition,dna_r10.4.1_e8.2_400bps_fast@v5.0.0,6784,3.26308e+08,16659532288
NVIDIA RTX PRO 6000 Blackwell Workstation Edition,dna_r10.4.1_e8.2_400bps_fast@v5.0.0,6848,3.27198e+08,16808433152
NVIDIA RTX PRO 6000 Blackwell Workstation Edition,dna_r10.4.1_e8.2_400bps_fast@v5.0.0,6912,3.16056e+08,16951042560
NVIDIA RTX PRO 6000 Blackwell Workstation Edition,dna_r10.4.1_e8.2_400bps_fast@v5.0.0,6976,3.17679e+08,17102040576
NVIDIA RTX PRO 6000 Blackwell Workstation Edition,dna_r10.4.1_e8.2_400bps_fast@v5.0.0,7040,3.342e+08,17246747136
NVIDIA RTX PRO 6000 Blackwell Workstation Edition,dna_r10.4.1_e8.2_400bps_fast@v5.0.0,7104,3.32785e+08,17391453696
NVIDIA RTX PRO 6000 Blackwell Workstation Edition,dna_r10.4.1_e8.2_400bps_fast@v5.0.0,7168,3.35207e+08,17542451712
NVIDIA RTX PRO 6000 Blackwell Workstation Edition,dna_r10.4.1_e8.2_400bps_fast@v5.0.0,7232,3.12822e+08,17687158272
NVIDIA RTX PRO 6000 Blackwell Workstation Edition,dna_r10.4.1_e8.2_400bps_fast@v5.0.0,7296,3.42379e+08,17838156288
NVIDIA RTX PRO 6000 Blackwell Workstation Edition,dna_r10.4.1_e8.2_400bps_fast@v5.0.0,7360,3.29762e+08,17982862848
NVIDIA RTX PRO 6000 Blackwell Workstation Edition,dna_r10.4.1_e8.2_400bps_fast@v5.0.0,7424,3.32356e+08,18127569408
NVIDIA RTX PRO 6000 Blackwell Workstation Edition,dna_r10.4.1_e8.2_400bps_fast@v5.0.0,7488,3.50391e+08,18274373120
NVIDIA RTX PRO 6000 Blackwell Workstation Edition,dna_r10.4.1_e8.2_400bps_fast@v5.0.0,7552,3.39304e+08,18421176832
NVIDIA RTX PRO 6000 Blackwell Workstation Edition,dna_r10.4.1_e8.2_400bps_fast@v5.0.0,7616,3.40708e+08,18572174848
NVIDIA RTX PRO 6000 Blackwell Workstation Edition,dna_r10.4.1_e8.2_400bps_fast@v5.0.0,7680,3.36875e+08,18876264960
NVIDIA RTX PRO 6000 Blackwell Workstation Edition,dna_r10.4.1_e8.2_400bps_fast@v5.0.0,7744,3.23456e+08,19016777216
NVIDIA RTX PRO 6000 Blackwell Workstation Edition,dna_r10.4.1_e8.2_400bps_fast@v5.0.0,7808,3.26014e+08,19010488832
NVIDIA RTX PRO 6000 Blackwell Workstation Edition,dna_r10.4.1_e8.2_400bps_fast@v5.0.0,7872,3.17351e+08,19159389696
NVIDIA RTX PRO 6000 Blackwell Workstation Edition,dna_r10.4.1_e8.2_400bps_fast@v5.0.0,7936,3.1653e+08,19463479808
NVIDIA RTX PRO 6000 Blackwell Workstation Edition,dna_r10.4.1_e8.2_400bps_fast@v5.0.0,8000,3.18002e+08,19455094272
NVIDIA RTX PRO 6000 Blackwell Workstation Edition,dna_r10.4.1_e8.2_400bps_fast@v5.0.0,8064,3.30898e+08,19597703680
NVIDIA RTX PRO 6000 Blackwell Workstation Edition,dna_r10.4.1_e8.2_400bps_fast@v5.0.0,8128,3.33292e+08,19744507392
NVIDIA RTX PRO 6000 Blackwell Workstation Edition,dna_r10.4.1_e8.2_400bps_fast@v5.0.0,8192,2.99102e+08,19895505408
NVIDIA RTX PRO 6000 Blackwell Workstation Edition,dna_r10.4.1_e8.2_400bps_fast@v5.0.0,8256,3.26803e+08,20207984128
NVIDIA RTX PRO 6000 Blackwell Workstation Edition,dna_r10.4.1_e8.2_400bps_fast@v5.0.0,8320,3.16787e+08,20153461248
NVIDIA RTX PRO 6000 Blackwell Workstation Edition,dna_r10.4.1_e8.2_400bps_fast@v5.0.0,8384,3.42879e+08,20262516224
NVIDIA RTX PRO 6000 Blackwell Workstation Edition,dna_r10.4.1_e8.2_400bps_fast@v5.0.0,8448,3.47477e+08,20379959808
NVIDIA RTX PRO 6000 Blackwell Workstation Edition,dna_r10.4.1_e8.2_400bps_fast@v5.0.0,8512,3.47214e+08,20497403392
NVIDIA RTX PRO 6000 Blackwell Workstation Edition,dna_r10.4.1_e8.2_400bps_fast@v5.0.0,8576,3.34764e+08,20606458368
NVIDIA RTX PRO 6000 Blackwell Workstation Edition,dna_r10.4.1_e8.2_400bps_fast@v5.0.0,8640,3.35297e+08,20721804800
NVIDIA RTX PRO 6000 Blackwell Workstation Edition,dna_r10.4.1_e8.2_400bps_fast@v5.0.0,8704,3.25726e+08,20828762624
NVIDIA RTX PRO 6000 Blackwell Workstation Edition,dna_r10.4.1_e8.2_400bps_fast@v5.0.0,8768,3.43199e+08,20944109056
NVIDIA RTX PRO 6000 Blackwell Workstation Edition,dna_r10.4.1_e8.2_400bps_fast@v5.0.0,8832,3.42769e+08,21063649792
NVIDIA RTX PRO 6000 Blackwell Workstation Edition,dna_r10.4.1_e8.2_400bps_fast@v5.0.0,8896,3.43268e+08,21174801920
NVIDIA RTX PRO 6000 Blackwell Workstation Edition,dna_r10.4.1_e8.2_400bps_fast@v5.0.0,8960,3.346e+08,21288051200
NVIDIA RTX PRO 6000 Blackwell Workstation Edition,dna_r10.4.1_e8.2_400bps_fast@v5.0.0,9024,3.49744e+08,21403397632
NVIDIA RTX PRO 6000 Blackwell Workstation Edition,dna_r10.4.1_e8.2_400bps_fast@v5.0.0,9088,3.18991e+08,21510355456
NVIDIA RTX PRO 6000 Blackwell Workstation Edition,dna_r10.4.1_e8.2_400bps_fast@v5.0.0,9152,3.28794e+08,21627799040
NVIDIA RTX PRO 6000 Blackwell Workstation Edition,dna_r10.4.1_e8.2_400bps_fast@v5.0.0,9216,3.25691e+08,21738951168
NVIDIA RTX PRO 6000 Blackwell Workstation Edition,dna_r10.4.1_e8.2_400bps_fast@v5.0.0,9280,3.31057e+08,22045138432
NVIDIA RTX PRO 6000 Blackwell Workstation Edition,dna_r10.4.1_e8.2_400bps_fast@v5.0.0,9344,3.34386e+08,21971741184
NVIDIA RTX PRO 6000 Blackwell Workstation Edition,dna_r10.4.1_e8.2_400bps_fast@v5.0.0,9408,3.37433e+08,22078699008
NVIDIA RTX PRO 6000 Blackwell Workstation Edition,dna_r10.4.1_e8.2_400bps_fast@v5.0.0,9472,3.45007e+08,22196142592
NVIDIA RTX PRO 6000 Blackwell Workstation Edition,dna_r10.4.1_e8.2_400bps_fast@v5.0.0,9536,3.12374e+08,22305197568
NVIDIA RTX PRO 6000 Blackwell Workstation Edition,dna_r10.4.1_e8.2_400bps_fast@v5.0.0,9600,3.23096e+08,22420544000
NVIDIA RTX PRO 6000 Blackwell Workstation Edition,dna_r10.4.1_e8.2_400bps_fast@v5.0.0,9664,3.23169e+08,22735119872
NVIDIA RTX PRO 6000 Blackwell Workstation Edition,dna_r10.4.1_e8.2_400bps_fast@v5.0.0,9728,3.29575e+08,22647042560
NVIDIA RTX PRO 6000 Blackwell Workstation Edition,dna_r10.4.1_e8.2_400bps_fast@v5.0.0,9792,3.11066e+08,22959521280
NVIDIA RTX PRO 6000 Blackwell Workstation Edition,dna_r10.4.1_e8.2_400bps_fast@v5.0.0,9856,3.29502e+08,22873541120
NVIDIA RTX PRO 6000 Blackwell Workstation Edition,dna_r10.4.1_e8.2_400bps_fast@v5.0.0,9920,3.38506e+08,22986790400
NVIDIA RTX PRO 6000 Blackwell Workstation Edition,dna_r10.4.1_e8.2_400bps_fast@v5.0.0,9984,3.48043e+08,23102136832
NVIDIA RTX PRO 6000 Blackwell Workstation Edition,dna_r10.4.1_e8.2_400bps_fast@v5.0.0,10048,3.29832e+08,23412518400
NVIDIA RTX PRO 6000 Blackwell Workstation Edition,dna_r10.4.1_e8.2_400bps_fast@v5.0.0,10112,2.88512e+08,23330732544
NVIDIA RTX PRO 6000 Blackwell Workstation Edition,dna_r10.4.1_e8.2_400bps_fast@v5.0.0,10176,3.24529e+08,23446078976
NVIDIA RTX PRO 6000 Blackwell Workstation Edition,dna_r10.4.1_e8.2_400bps_fast@v5.0.0,10240,3.19277e+08,23555133952
NVIDIA RTX PRO 6000 Blackwell Workstation Edition,dna_r10.4.1_e8.2_400bps_fast@v5.2.0,64,2.34064e+07,1223282688
NVIDIA RTX PRO 6000 Blackwell Workstation Edition,dna_r10.4.1_e8.2_400bps_fast@v5.2.0,128,4.1876e+07,1371934720
NVIDIA RTX PRO 6000 Blackwell Workstation Edition,dna_r10.4.1_e8.2_400bps_fast@v5.2.0,192,6.01627e+07,1518170112
NVIDIA RTX PRO 6000 Blackwell Workstation Edition,dna_r10.4.1_e8.2_400bps_fast@v5.2.0,256,7.86273e+07,1666501120
NVIDIA RTX PRO 6000 Blackwell Workstation Edition,dna_r10.4.1_e8.2_400bps_fast@v5.2.0,320,9.57704e+07,1812736512
NVIDIA RTX PRO 6000 Blackwell Workstation Edition,dna_r10.4.1_e8.2_400bps_fast@v5.2.0,384,1.10975e+08,1958971392
NVIDIA RTX PRO 6000 Blackwell Workstation Edition,dna_r10.4.1_e8.2_400bps_fast@v5.2.0,448,1.26808e+08,2105206784
NVIDIA RTX PRO 6000 Blackwell Workstation Edition,dna_r10.4.1_e8.2_400bps_fast@v5.2.0,512,1.41449e+08,2253537792
NVIDIA RTX PRO 6000 Blackwell Workstation Edition,dna_r10.4.1_e8.2_400bps_fast@v5.2.0,576,1.5444e+08,2399773184
NVIDIA RTX PRO 6000 Blackwell Workstation Edition,dna_r10.4.1_e8.2_400bps_fast@v5.2.0,640,1.68022e+08,2548105216
NVIDIA RTX PRO 6000 Blackwell Workstation Edition,dna_r10.4.1_e8.2_400bps_fast@v5.2.0,704,1.81916e+08,2693454848
NVIDIA RTX PRO 6000 Blackwell Workstation Edition,dna_r10.4.1_e8.2_400bps_fast@v5.2.0,768,1.71276e+08,2840574464
NVIDIA RTX PRO 6000 Blackwell Workstation Edition,dna_r10.4.1_e8.2_400bps_fast@v5.2.0,832,1.8367e+08,2987097600
NVIDIA RTX PRO 6000 Blackwell Workstation Edition,dna_r10.4.1_e8.2_400bps_fast@v5.2.0,896,1.9557e+08,3137064960
NVIDIA RTX PRO 6000 Blackwell Workstation Edition,dna_r10.4.1_e8.2_400bps_fast@v5.2.0,960,2.03463e+08,3283474432
NVIDIA RTX PRO 6000 Blackwell Workstation Edition,dna_r10.4.1_e8.2_400bps_fast@v5.2.0,1024,2.12995e+08,3428610560
NVIDIA RTX PRO 6000 Blackwell Workstation Edition,dna_r10.4.1_e8.2_400bps_fast@v5.2.0,1088,2.23887e+08,3575943680
NVIDIA RTX PRO 6000 Blackwell Workstation Edition,dna_r10.4.1_e8.2_400bps_fast@v5.2.0,1152,2.3115e+08,3745285120
NVIDIA RTX PRO 6000 Blackwell Workstation Edition,dna_r10.4.1_e8.2_400bps_fast@v5.2.0,1216,2.4143e+08,3872929280
NVIDIA RTX PRO 6000 Blackwell Workstation Edition,dna_r10.4.1_e8.2_400bps_fast@v5.2.0,1280,2.48673e+08,4016744960
NVIDIA RTX PRO 6000 Blackwell Workstation Edition,dna_r10.4.1_e8.2_400bps_fast@v5.2.0,1344,2.55766e+08,4190637568
NVIDIA RTX PRO 6000 Blackwell Workstation Edition,dna_r10.4.1_e8.2_400bps_fast@v5.2.0,1408,2.62602e+08,4311638016
NVIDIA RTX PRO 6000 Blackwell Workstation Edition,dna_r10.4.1_e8.2_400bps_fast@v5.2.0,1472,2.71058e+08,4491034624
NVIDIA RTX PRO 6000 Blackwell Workstation Edition,dna_r10.4.1_e8.2_400bps_fast@v5.2.0,1536,2.51631e+08,4605280768
NVIDIA RTX PRO 6000 Blackwell Workstation Edition,dna_r10.4.1_e8.2_400bps_fast@v5.2.0,1600,2.59852e+08,4788803072
NVIDIA RTX PRO 6000 Blackwell Workstation Edition,dna_r10.4.1_e8.2_400bps_fast@v5.2.0,1664,2.63746e+08,4898924544
NVIDIA RTX PRO 6000 Blackwell Workstation Edition,dna_r10.4.1_e8.2_400bps_fast@v5.2.0,1728,2.70297e+08,5047607296
NVIDIA RTX PRO 6000 Blackwell Workstation Edition,dna_r10.4.1_e8.2_400bps_fast@v5.2.0,1792,2.7665e+08,5195298304
NVIDIA RTX PRO 6000 Blackwell Workstation Edition,dna_r10.4.1_e8.2_400bps_fast@v5.2.0,1856,2.82279e+08,5340644864
NVIDIA RTX PRO 6000 Blackwell Workstation Edition,dna_r10.4.1_e8.2_400bps_fast@v5.2.0,1920,2.85205e+08,5490405376
NVIDIA RTX PRO 6000 Blackwell Workstation Edition,dna_r10.4.1_e8.2_400bps_fast@v5.2.0,1984,2.90265e+08,5634081792
NVIDIA RTX PRO 6000 Blackwell Workstation Edition,dna_r10.4.1_e8.2_400bps_fast@v5.2.0,2048,2.99539e+08,5783474688
NVIDIA RTX PRO 6000 Blackwell Workstation Edition,dna_r10.4.1_e8.2_400bps_fast@v5.2.0,2112,2.97725e+08,5930418688
NVIDIA RTX PRO 6000 Blackwell Workstation Edition,dna_r10.4.1_e8.2_400bps_fast@v5.2.0,2176,3.09695e+08,6075765248
NVIDIA RTX PRO 6000 Blackwell Workstation Edition,dna_r10.4.1_e8.2_400bps_fast@v5.2.0,2240,3.13669e+08,6224142336
NVIDIA RTX PRO 6000 Blackwell Workstation Edition,dna_r10.4.1_e8.2_400bps_fast@v5.2.0,2304,2.91348e+08,6369275392
NVIDIA RTX PRO 6000 Blackwell Workstation Edition,dna_r10.4.1_e8.2_400bps_fast@v5.2.0,2368,2.94539e+08,6564834816
NVIDIA RTX PRO 6000 Blackwell Workstation Edition,dna_r10.4.1_e8.2_400bps_fast@v5.2.0,2432,2.97847e+08,6716725760
NVIDIA RTX PRO 6000 Blackwell Workstation Edition,dna_r10.4.1_e8.2_400bps_fast@v5.2.0,2496,3.05816e+08,6809003520
NVIDIA RTX PRO 6000 Blackwell Workstation Edition,dna_r10.4.1_e8.2_400bps_fast@v5.2.0,2560,2.98494e+08,6958621184
NVIDIA RTX PRO 6000 Blackwell Workstation Edition,dna_r10.4.1_e8.2_400bps_fast@v5.2.0,2624,3.07791e+08,7106491904
NVIDIA RTX PRO 6000 Blackwell Workstation Edition,dna_r10.4.1_e8.2_400bps_fast@v5.2.0,2688,3.11686e+08,7251118592
NVIDIA RTX PRO 6000 Blackwell Workstation Edition,dna_r10.4.1_e8.2_400bps_fast@v5.2.0,2752,3.17926e+08,7402509824
NVIDIA RTX PRO 6000 Blackwell Workstation Edition,dna_r10.4.1_e8.2_400bps_fast@v5.2.0,2816,3.2194e+08,7545119232
NVIDIA RTX PRO 6000 Blackwell Workstation Edition,dna_r10.4.1_e8.2_400bps_fast@v5.2.0,2880,3.23556e+08,7694349824
NVIDIA RTX PRO 6000 Blackwell Workstation Edition,dna_r10.4.1_e8.2_400bps_fast@v5.2.0,2944,3.30513e+08,7841648640
NVIDIA RTX PRO 6000 Blackwell Workstation Edition,dna_r10.4.1_e8.2_400bps_fast@v5.2.0,3008,3.27235e+08,7988336128
NVIDIA RTX PRO 6000 Blackwell Workstation Edition,dna_r10.4.1_e8.2_400bps_fast@v5.2.0,3072,3.17046e+08,8133681664
NVIDIA RTX PRO 6000 Blackwell Workstation Edition,dna_r10.4.1_e8.2_400bps_fast@v5.2.0,3136,3.17663e+08,8279028224
NVIDIA RTX PRO 6000 Blackwell Workstation Edition,dna_r10.4.1_e8.2_400bps_fast@v5.2.0,3200,3.12479e+08,8428404736
NVIDIA RTX PRO 6000 Blackwell Workstation Edition,dna_r10.4.1_e8.2_400bps_fast@v5.2.0,3264,3.18643e+08,8577732608
NVIDIA RTX PRO 6000 Blackwell Workstation Edition,dna_r10.4.1_e8.2_400bps_fast@v5.2.0,3328,3.20891e+08,8721646080
NVIDIA RTX PRO 6000 Blackwell Workstation Edition,dna_r10.4.1_e8.2_400bps_fast@v5.2.0,3392,3.19701e+08,8868802048
NVIDIA RTX PRO 6000 Blackwell Workstation Edition,dna_r10.4.1_e8.2_400bps_fast@v5.2.0,3456,3.1986e+08,9012051456
NVIDIA RTX PRO 6000 Blackwell Workstation Edition,dna_r10.4.1_e8.2_400bps_fast@v5.2.0,3520,3.25376e+08,9161995264
NVIDIA RTX PRO 6000 Blackwell Workstation Edition,dna_r10.4.1_e8.2_400bps_fast@v5.2.0,3584,3.31732e+08,9311787520
NVIDIA RTX PRO 6000 Blackwell Workstation Edition,dna_r10.4.1_e8.2_400bps_fast@v5.2.0,3648,3.26053e+08,9457761792
NVIDIA RTX PRO 6000 Blackwell Workstation Edition,dna_r10.4.1_e8.2_400bps_fast@v5.2.0,3712,3.23925e+08,9604565504
NVIDIA RTX PRO 6000 Blackwell Workstation Edition,dna_r10.4.1_e8.2_400bps_fast@v5.2.0,3776,3.14447e+08,9747187712
NVIDIA RTX PRO 6000 Blackwell Workstation Edition,dna_r10.4.1_e8.2_400bps_fast@v5.2.0,3840,3.19614e+08,9897150976
NVIDIA RTX PRO 6000 Blackwell Workstation Edition,dna_r10.4.1_e8.2_400bps_fast@v5.2.0,3904,3.174e+08,10045021696
NVIDIA RTX PRO 6000 Blackwell Workstation Edition,dna_r10.4.1_e8.2_400bps_fast@v5.2.0,3968,3.07989e+08,10191599104
NVIDIA RTX PRO 6000 Blackwell Workstation Edition,dna_r10.4.1_e8.2_400bps_fast@v5.2.0,4032,3.05364e+08,10338584064
NVIDIA RTX PRO 6000 Blackwell Workstation Edition,dna_r10.4.1_e8.2_400bps_fast@v5.2.0,4096,3.09044e+08,10489582080
NVIDIA RTX PRO 6000 Blackwell Workstation Edition,dna_r10.4.1_e8.2_400bps_fast@v5.2.0,4160,3.18086e+08,10632191488
NVIDIA RTX PRO 6000 Blackwell Workstation Edition,dna_r10.4.1_e8.2_400bps_fast@v5.2.0,4224,3.11133e+08,10781372928
NVIDIA RTX PRO 6000 Blackwell Workstation Edition,dna_r10.4.1_e8.2_400bps_fast@v5.2.0,4288,3.17453e+08,10924622336
NVIDIA RTX PRO 6000 Blackwell Workstation Edition,dna_r10.4.1_e8.2_400bps_fast@v5.2.0,4352,3.11191e+08,11072065024
NVIDIA RTX PRO 6000 Blackwell Workstation Edition,dna_r10.4.1_e8.2_400bps_fast@v5.2.0,4416,3.23178e+08,11223600640
NVIDIA RTX PRO 6000 Blackwell Workstation Edition,dna_r10.4.1_e8.2_400bps_fast@v5.2.0,4480,3.25618e+08,11368307200
NVIDIA RTX PRO 6000 Blackwell Workstation Edition,dna_r10.4.1_e8.2_400bps_fast@v5.2.0,4544,3.07323e+08,11515110912
NVIDIA RTX PRO 6000 Blackwell Workstation Edition,dna_r10.4.1_e8.2_400bps_fast@v5.2.0,4608,3.09941e+08,11659817472
NVIDIA RTX PRO 6000 Blackwell Workstation Edition,dna_r10.4.1_e8.2_400bps_fast@v5.2.0,4672,3.21175e+08,11809282560
NVIDIA RTX PRO 6000 Blackwell Workstation Edition,dna_r10.4.1_e8.2_400bps_fast@v5.2.0,4736,3.10278e+08,11956726272
NVIDIA RTX PRO 6000 Blackwell Workstation Edition,dna_r10.4.1_e8.2_400bps_fast@v5.2.0,4800,3.14405e+08,12102072832
NVIDIA RTX PRO 6000 Blackwell Workstation Edition,dna_r10.4.1_e8.2_400bps_fast@v5.2.0,4864,3.24001e+08,12251226624
NVIDIA RTX PRO 6000 Blackwell Workstation Edition,dna_r10.4.1_e8.2_400bps_fast@v5.2.0,4928,3.09736e+08,12395933184
NVIDIA RTX PRO 6000 Blackwell Workstation Edition,dna_r10.4.1_e8.2_400bps_fast@v5.2.0,4992,3.14897e+08,12542736896
NVIDIA RTX PRO 6000 Blackwell Workstation Edition,dna_r10.4.1_e8.2_400bps_fast@v5.2.0,5056,3.26696e+08,12691846656
NVIDIA RTX PRO 6000 Blackwell Workstation Edition,dna_r10.4.1_e8.2_400bps_fast@v5.2.0,5120,3.05109e+08,12835095040
NVIDIA RTX PRO 6000 Blackwell Workstation Edition,dna_r10.4.1_e8.2_400bps_fast@v5.2.0,5184,3.27203e+08,12984635904
NVIDIA RTX PRO 6000 Blackwell Workstation Edition,dna_r10.4.1_e8.2_400bps_fast@v5.2.0,5248,3.21795e+08,13134146048
NVIDIA RTX PRO 6000 Blackwell Workstation Edition,dna_r10.4.1_e8.2_400bps_fast@v5.2.0,5312,3.21571e+08,13278852608
NVIDIA RTX PRO 6000 Blackwell Workstation Edition,dna_r10.4.1_e8.2_400bps_fast@v5.2.0,5376,3.21414e+08,13425656320
NVIDIA RTX PRO 6000 Blackwell Workstation Edition,dna_r10.4.1_e8.2_400bps_fast@v5.2.0,5440,3.22135e+08,13570362880
NVIDIA RTX PRO 6000 Blackwell Workstation Edition,dna_r10.4.1_e8.2_400bps_fast@v5.2.0,5504,2.95547e+08,13723458048
NVIDIA RTX PRO 6000 Blackwell Workstation Edition,dna_r10.4.1_e8.2_400bps_fast@v5.2.0,5568,3.20944e+08,13870261760
NVIDIA RTX PRO 6000 Blackwell Workstation Edition,dna_r10.4.1_e8.2_400bps_fast@v5.2.0,5632,3.19501e+08,14014968320
NVIDIA RTX PRO 6000 Blackwell Workstation Edition,dna_r10.4.1_e8.2_400bps_fast@v5.2.0,5696,3.28656e+08,14161772032
NVIDIA RTX PRO 6000 Blackwell Workstation Edition,dna_r10.4.1_e8.2_400bps_fast@v5.2.0,5760,3.35492e+08,14306478592
NVIDIA RTX PRO 6000 Blackwell Workstation Edition,dna_r10.4.1_e8.2_400bps_fast@v5.2.0,5824,3.22842e+08,14453282304
NVIDIA RTX PRO 6000 Blackwell Workstation Edition,dna_r10.4.1_e8.2_400bps_fast@v5.2.0,5888,3.36335e+08,14606377472
NVIDIA RTX PRO 6000 Blackwell Workstation Edition,dna_r10.4.1_e8.2_400bps_fast@v5.2.0,5952,3.25963e+08,14748986880
NVIDIA RTX PRO 6000 Blackwell Workstation Edition,dna_r10.4.1_e8.2_400bps_fast@v5.2.0,6016,3.39919e+08,14899984896
NVIDIA RTX PRO 6000 Blackwell Workstation Edition,dna_r10.4.1_e8.2_400bps_fast@v5.2.0,6080,3.13871e+08,15040497152
NVIDIA RTX PRO 6000 Blackwell Workstation Edition,dna_r10.4.1_e8.2_400bps_fast@v5.2.0,6144,3.33645e+08,15189398016
NVIDIA RTX PRO 6000 Blackwell Workstation Edition,dna_r10.4.1_e8.2_400bps_fast@v5.2.0,6208,3.30965e+08,15336201728
NVIDIA RTX PRO 6000 Blackwell Workstation Edition,dna_r10.4.1_e8.2_400bps_fast@v5.2.0,6272,3.32985e+08,15480908288
NVIDIA RTX PRO 6000 Blackwell Workstation Edition,dna_r10.4.1_e8.2_400bps_fast@v5.2.0,6336,3.26967e+08,15634003456
NVIDIA RTX PRO 6000 Blackwell Workstation Edition,dna_r10.4.1_e8.2_400bps_fast@v5.2.0,6400,3.30218e+08,15780807168
NVIDIA RTX PRO 6000 Blackwell Workstation Edition,dna_r10.4.1_e8.2_400bps_fast@v5.2.0,6464,3.15502e+08,15925513728
NVIDIA RTX PRO 6000 Blackwell Workstation Edition,dna_r10.4.1_e8.2_400bps_fast@v5.2.0,6528,3.25092e+08,16072317440
NVIDIA RTX PRO 6000 Blackwell Workstation Edition,dna_r10.4.1_e8.2_400bps_fast@v5.2.0,6592,3.38168e+08,16217024000
NVIDIA RTX PRO 6000 Blackwell Workstation Edition,dna_r10.4.1_e8.2_400bps_fast@v5.2.0,6656,3.41104e+08,16365924864
NVIDIA RTX PRO 6000 Blackwell Workstation Edition,dna_r10.4.1_e8.2_400bps_fast@v5.2.0,6720,3.24538e+08,16516922880
NVIDIA RTX PRO 6000 Blackwell Workstation Edition,dna_r10.4.1_e8.2_400bps_fast@v5.2.0,6784,3.18329e+08,16659532288
NVIDIA RTX PRO 6000 Blackwell Workstation Edition,dna_r10.4.1_e8.2_400bps_fast@v5.2.0,6848,3.12551e+08,16808433152
NVIDIA RTX PRO 6000 Blackwell Workstation Edition,dna_r10.4.1_e8.2_400bps_fast@v5.2.0,6912,3.29569e+08,16951042560
NVIDIA RTX PRO 6000 Blackwell Workstation Edition,dna_r10.4.1_e8.2_400bps_fast@v5.2.0,6976,3.31875e+08,17102040576
NVIDIA RTX PRO 6000 Blackwell Workstation Edition,dna_r10.4.1_e8.2_400bps_fast@v5.2.0,7040,3.17963e+08,17246747136
NVIDIA RTX PRO 6000 Blackwell Workstation Edition,dna_r10.4.1_e8.2_400bps_fast@v5.2.0,7104,3.30131e+08,17391453696
NVIDIA RTX PRO 6000 Blackwell Workstation Edition,dna_r10.4.1_e8.2_400bps_fast@v5.2.0,7168,3.20123e+08,17542451712
NVIDIA RTX PRO 6000 Blackwell Workstation Edition,dna_r10.4.1_e8.2_400bps_fast@v5.2.0,7232,3.29115e+08,17687158272
NVIDIA RTX PRO 6000 Blackwell Workstation Edition,dna_r10.4.1_e8.2_400bps_fast@v5.2.0,7296,3.30996e+08,17984956928
NVIDIA RTX PRO 6000 Blackwell Workstation Edition,dna_r10.4.1_e8.2_400bps_fast@v5.2.0,7360,3.30481e+08,17982862848
NVIDIA RTX PRO 6000 Blackwell Workstation Edition,dna_r10.4.1_e8.2_400bps_fast@v5.2.0,7424,3.46356e+08,18127569408
NVIDIA RTX PRO 6000 Blackwell Workstation Edition,dna_r10.4.1_e8.2_400bps_fast@v5.2.0,7488,3.38467e+08,18274373120
NVIDIA RTX PRO 6000 Blackwell Workstation Edition,dna_r10.4.1_e8.2_400bps_fast@v5.2.0,7552,3.28427e+08,18421176832
NVIDIA RTX PRO 6000 Blackwell Workstation Edition,dna_r10.4.1_e8.2_400bps_fast@v5.2.0,7616,3.30204e+08,18727364096
NVIDIA RTX PRO 6000 Blackwell Workstation Edition,dna_r10.4.1_e8.2_400bps_fast@v5.2.0,7680,3.2162e+08,18876264960
NVIDIA RTX PRO 6000 Blackwell Workstation Edition,dna_r10.4.1_e8.2_400bps_fast@v5.2.0,7744,3.31131e+08,18861587968
NVIDIA RTX PRO 6000 Blackwell Workstation Edition,dna_r10.4.1_e8.2_400bps_fast@v5.2.0,7808,3.34589e+08,19010488832
NVIDIA RTX PRO 6000 Blackwell Workstation Edition,dna_r10.4.1_e8.2_400bps_fast@v5.2.0,7872,3.27852e+08,19159389696
NVIDIA RTX PRO 6000 Blackwell Workstation Edition,dna_r10.4.1_e8.2_400bps_fast@v5.2.0,7936,3.31374e+08,19304096256
NVIDIA RTX PRO 6000 Blackwell Workstation Edition,dna_r10.4.1_e8.2_400bps_fast@v5.2.0,8000,3.18083e+08,19618672128
NVIDIA RTX PRO 6000 Blackwell Workstation Edition,dna_r10.4.1_e8.2_400bps_fast@v5.2.0,8064,3.22335e+08,19761281536
NVIDIA RTX PRO 6000 Blackwell Workstation Edition,dna_r10.4.1_e8.2_400bps_fast@v5.2.0,8128,3.22305e+08,19744507392
NVIDIA RTX PRO 6000 Blackwell Workstation Edition,dna_r10.4.1_e8.2_400bps_fast@v5.2.0,8192,3.33494e+08,19895505408
NVIDIA RTX PRO 6000 Blackwell Workstation Edition,dna_r10.4.1_e8.2_400bps_fast@v5.2.0,8256,3.35676e+08,20040211968
NVIDIA RTX PRO 6000 Blackwell Workstation Edition,dna_r10.4.1_e8.2_400bps_fast@v5.2.0,8320,3.282e+08,20153461248
NVIDIA RTX PRO 6000 Blackwell Workstation Edition,dna_r10.4.1_e8.2_400bps_fast@v5.2.0,8384,3.08518e+08,20262516224
NVIDIA RTX PRO 6000 Blackwell Workstation Edition,dna_r10.4.1_e8.2_400bps_fast@v5.2.0,8448,3.10868e+08,20379959808
NVIDIA RTX PRO 6000 Blackwell Workstation Edition,dna_r10.4.1_e8.2_400bps_fast@v5.2.0,8512,2.9139e+08,20497403392
NVIDIA RTX PRO 6000 Blackwell Workstation Edition,dna_r10.4.1_e8.2_400bps_fast@v5.2.0,8576,2.9367e+08,20606458368
NVIDIA RTX PRO 6000 Blackwell Workstation Edition,dna_r10.4.1_e8.2_400bps_fast@v5.2.0,8640,3.27216e+08,20721804800
NVIDIA RTX PRO 6000 Blackwell Workstation Edition,dna_r10.4.1_e8.2_400bps_fast@v5.2.0,8704,3.28962e+08,20828762624
NVIDIA RTX PRO 6000 Blackwell Workstation Edition,dna_r10.4.1_e8.2_400bps_fast@v5.2.0,8768,3.2567e+08,20944109056
NVIDIA RTX PRO 6000 Blackwell Workstation Edition,dna_r10.4.1_e8.2_400bps_fast@v5.2.0,8832,3.39413e+08,21063649792
NVIDIA RTX PRO 6000 Blackwell Workstation Edition,dna_r10.4.1_e8.2_400bps_fast@v5.2.0,8896,3.42061e+08,21174801920
NVIDIA RTX PRO 6000 Blackwell Workstation Edition,dna_r10.4.1_e8.2_400bps_fast@v5.2.0,8960,3.43577e+08,21288051200
NVIDIA RTX PRO 6000 Blackwell Workstation Edition,dna_r10.4.1_e8.2_400bps_fast@v5.2.0,9024,3.31712e+08,21403397632
NVIDIA RTX PRO 6000 Blackwell Workstation Edition,dna_r10.4.1_e8.2_400bps_fast@v5.2.0,9088,3.2317e+08,21694904832
NVIDIA RTX PRO 6000 Blackwell Workstation Edition,dna_r10.4.1_e8.2_400bps_fast@v5.2.0,9152,3.34802e+08,21627799040
NVIDIA RTX PRO 6000 Blackwell Workstation Edition,dna_r10.4.1_e8.2_400bps_fast@v5.2.0,9216,3.39081e+08,21923500544
NVIDIA RTX PRO 6000 Blackwell Workstation Edition,dna_r10.4.1_e8.2_400bps_fast@v5.2.0,9280,3.14306e+08,22045138432
NVIDIA RTX PRO 6000 Blackwell Workstation Edition,dna_r10.4.1_e8.2_400bps_fast@v5.2.0,9344,3.15568e+08,21971741184
NVIDIA RTX PRO 6000 Blackwell Workstation Edition,dna_r10.4.1_e8.2_400bps_fast@v5.2.0,9408,3.20001e+08,22267442688
NVIDIA RTX PRO 6000 Blackwell Workstation Edition,dna_r10.4.1_e8.2_400bps_fast@v5.2.0,9472,3.28295e+08,22196142592
NVIDIA RTX PRO 6000 Blackwell Workstation Edition,dna_r10.4.1_e8.2_400bps_fast@v5.2.0,9536,3.05385e+08,22305197568
NVIDIA RTX PRO 6000 Blackwell Workstation Edition,dna_r10.4.1_e8.2_400bps_fast@v5.2.0,9600,3.06357e+08,22613481984
NVIDIA RTX PRO 6000 Blackwell Workstation Edition,dna_r10.4.1_e8.2_400bps_fast@v5.2.0,9664,3.23126e+08,22537987584
NVIDIA RTX PRO 6000 Blackwell Workstation Edition,dna_r10.4.1_e8.2_400bps_fast@v5.2.0,9728,3.28726e+08,22647042560
NVIDIA RTX PRO 6000 Blackwell Workstation Edition,dna_r10.4.1_e8.2_400bps_fast@v5.2.0,9792,3.30258e+08,22762388992
NVIDIA RTX PRO 6000 Blackwell Workstation Edition,dna_r10.4.1_e8.2_400bps_fast@v5.2.0,9856,3.21057e+08,22873541120
NVIDIA RTX PRO 6000 Blackwell Workstation Edition,dna_r10.4.1_e8.2_400bps_fast@v5.2.0,9920,3.25707e+08,22986790400
NVIDIA RTX PRO 6000 Blackwell Workstation Edition,dna_r10.4.1_e8.2_400bps_fast@v5.2.0,9984,3.28586e+08,23303463424
NVIDIA RTX PRO 6000 Blackwell Workstation Edition,dna_r10.4.1_e8.2_400bps_fast@v5.2.0,10048,3.03276e+08,23211191808
NVIDIA RTX PRO 6000 Blackwell Workstation Edition,dna_r10.4.1_e8.2_400bps_fast@v5.2.0,10112,2.88166e+08,23536253440
NVIDIA RTX PRO 6000 Blackwell Workstation Edition,dna_r10.4.1_e8.2_400bps_fast@v5.2.0,10176,2.91679e+08,23446078976
NVIDIA RTX PRO 6000 Blackwell Workstation Edition,dna_r10.4.1_e8.2_400bps_fast@v5.2.0,10240,3.21162e+08,23555133952
NVIDIA RTX PRO 6000 Blackwell Workstation Edition,dna_r10.4.1_e8.2_400bps_hac@v4.3.0,64,9.33895e+06,411018752
NVIDIA RTX PRO 6000 Blackwell Workstation Edition,dna_r10.4.1_e8.2_400bps_hac@v4.3.0,128,1.71816e+07,802613248
NVIDIA RTX PRO 6000 Blackwell Workstation Edition,dna_r10.4.1_e8.2_400bps_hac@v4.3.0,192,2.52059e+07,1193616384
NVIDIA RTX PRO 6000 Blackwell Workstation Edition,dna_r10.4.1_e8.2_400bps_hac@v4.3.0,256,3.30867e+07,1580384768
NVIDIA RTX PRO 6000 Blackwell Workstation Edition,dna_r10.4.1_e8.2_400bps_hac@v4.3.0,320,3.99644e+07,1972789760
NVIDIA RTX PRO 6000 Blackwell Workstation Edition,dna_r10.4.1_e8.2_400bps_hac@v4.3.0,384,4.72591e+07,2361999872
NVIDIA RTX PRO 6000 Blackwell Workstation Edition,dna_r10.4.1_e8.2_400bps_hac@v4.3.0,448,5.42638e+07,2753218048
NVIDIA RTX PRO 6000 Blackwell Workstation Edition,dna_r10.4.1_e8.2_400bps_hac@v4.3.0,512,6.08523e+07,3144262656
NVIDIA RTX PRO 6000 Blackwell Workstation Edition,dna_r10.4.1_e8.2_400bps_hac@v4.3.0,576,5.93814e+07,3533341184
NVIDIA RTX PRO 6000 Blackwell Workstation Edition,dna_r10.4.1_e8.2_400bps_hac@v4.3.0,640,6.46819e+07,3924898304
NVIDIA RTX PRO 6000 Blackwell Workstation Edition,dna_r10.4.1_e8.2_400bps_hac@v4.3.0,704,7.04873e+07,4315074560
NVIDIA RTX PRO 6000 Blackwell Workstation Edition,dna_r10.4.1_e8.2_400bps_hac@v4.3.0,768,7.33548e+07,4729556480
NVIDIA RTX PRO 6000 Blackwell Workstation Edition,dna_r10.4.1_e8.2_400bps_hac@v4.3.0,832,7.81147e+07,5095845888
NVIDIA RTX PRO 6000 Blackwell Workstation Edition,dna_r10.4.1_e8.2_400bps_hac@v4.3.0,896,8.33435e+07,5515416576
NVIDIA RTX PRO 6000 Blackwell Workstation Edition,dna_r10.4.1_e8.2_400bps_hac@v4.3.0,960,8.73132e+07,5872988672
NVIDIA RTX PRO 6000 Blackwell Workstation Edition,dna_r10.4.1_e8.2_400bps_hac@v4.3.0,1024,7.06912e+07,6279947776
NVIDIA RTX PRO 6000 Blackwell Workstation Edition,dna_r10.4.1_e8.2_400bps_hac@v4.3.0,1088,7.10901e+07,6653118976
NVIDIA RTX PRO 6000 Blackwell Workstation Edition,dna_r10.4.1_e8.2_400bps_hac@v4.3.0,1152,7.40945e+07,7082963968
NVIDIA RTX PRO 6000 Blackwell Workstation Edition,dna_r10.4.1_e8.2_400bps_hac@v4.3.0,1216,7.6905e+07,7475876352
NVIDIA RTX PRO 6000 Blackwell Workstation Edition,dna_r10.4.1_e8.2_400bps_hac@v4.3.0,1280,8.08571e+07,7850001920
NVIDIA RTX PRO 6000 Blackwell Workstation Edition,dna_r10.4.1_e8.2_400bps_hac@v4.3.0,1344,8.35891e+07,8259479552
NVIDIA RTX PRO 6000 Blackwell Workstation Edition,dna_r10.4.1_e8.2_400bps_hac@v4.3.0,1408,8.75892e+07,8636526080
NVIDIA RTX PRO 6000 Blackwell Workstation Edition,dna_r10.4.1_e8.2_400bps_hac@v4.3.0,1472,9.00831e+07,9046921728
NVIDIA RTX PRO 6000 Blackwell Workstation Edition,dna_r10.4.1_e8.2_400bps_hac@v4.3.0,1536,9.2043e+07,9417879040
NVIDIA RTX PRO 6000 Blackwell Workstation Edition,dna_r10.4.1_e8.2_400bps_hac@v4.3.0,1600,9.29882e+07,9810003968
NVIDIA RTX PRO 6000 Blackwell Workstation Edition,dna_r10.4.1_e8.2_400bps_hac@v4.3.0,1664,9.49608e+07,10220431872
NVIDIA RTX PRO 6000 Blackwell Workstation Edition,dna_r10.4.1_e8.2_400bps_hac@v4.3.0,1728,9.86155e+07,10593823744
NVIDIA RTX PRO 6000 Blackwell Workstation Edition,dna_r10.4.1_e8.2_400bps_hac@v4.3.0,1792,1.00092e+08,10986688000
NVIDIA RTX PRO 6000 Blackwell Workstation Edition,dna_r10.4.1_e8.2_400bps_hac@v4.3.0,1856,1.03703e+08,11372161536
NVIDIA RTX PRO 6000 Blackwell Workstation Edition,dna_r10.4.1_e8.2_400bps_hac@v4.3.0,1920,1.07054e+08,11775997952
NVIDIA RTX PRO 6000 Blackwell Workstation Edition,dna_r10.4.1_e8.2_400bps_hac@v4.3.0,1984,1.09269e+08,12158958080
NVIDIA RTX PRO 6000 Blackwell Workstation Edition,dna_r10.4.1_e8.2_400bps_hac@v4.3.0,2048,9.30439e+07,12559889408
NVIDIA RTX PRO 6000 Blackwell Workstation Edition,dna_r10.4.1_e8.2_400bps_hac@v4.3.0,2112,9.32989e+07,12943815168
NVIDIA RTX PRO 6000 Blackwell Workstation Edition,dna_r10.4.1_e8.2_400bps_hac@v4.3.0,2176,9.40475e+07,13327162368
NVIDIA RTX PRO 6000 Blackwell Workstation Edition,dna_r10.4.1_e8.2_400bps_hac@v4.3.0,2240,9.65536e+07,13728554496
NVIDIA RTX PRO 6000 Blackwell Workstation Edition,dna_r10.4.1_e8.2_400bps_hac@v4.3.0,2304,9.59956e+07,14107857408
NVIDIA RTX PRO 6000 Blackwell Workstation Edition,dna_r10.4.1_e8.2_400bps_hac@v4.3.0,2368,9.98491e+07,14507905536
NVIDIA RTX PRO 6000 Blackwell Workstation Edition,dna_r10.4.1_e8.2_400bps_hac@v4.3.0,2432,1.00014e+08,14898734592
NVIDIA RTX PRO 6000 Blackwell Workstation Edition,dna_r10.4.1_e8.2_400bps_hac@v4.3.0,2496,9.77428e+07,15295245824
NVIDIA RTX PRO 6000 Blackwell Workstation Edition,dna_r10.4.1_e8.2_400bps_hac@v4.3.0,2560,1.0353e+08,15676720640
NVIDIA RTX PRO 6000 Blackwell Workstation Edition,dna_r10.4.1_e8.2_400bps_hac@v4.3.0,2624,1.03061e+08,16069975040
NVIDIA RTX PRO 6000 Blackwell Workstation Edition,dna_r10.4.1_e8.2_400bps_hac@v4.3.0,2688,1.06676e+08,16467110912
NVIDIA RTX PRO 6000 Blackwell Workstation Edition,dna_r10.4.1_e8.2_400bps_hac@v4.3.0,2752,1.07567e+08,16801417728
NVIDIA RTX PRO 6000 Blackwell Workstation Edition,dna_r10.4.1_e8.2_400bps_hac@v4.3.0,2816,1.12918e+08,17242019840
NVIDIA RTX PRO 6000 Blackwell Workstation Edition,dna_r10.4.1_e8.2_400bps_hac@v4.3.0,2880,1.05972e+08,17635889152
NVIDIA RTX PRO 6000 Blackwell Workstation Edition,dna_r10.4.1_e8.2_400bps_hac@v4.3.0,2944,1.17464e+08,17951149056
NVIDIA RTX PRO 6000 Blackwell Workstation Edition,dna_r10.4.1_e8.2_400bps_hac@v4.3.0,3008,1.13522e+08,18409678848
NVIDIA RTX PRO 6000 Blackwell Workstation Edition,dna_r10.4.1_e8.2_400bps_hac@v4.3.0,3072,1.19125e+08,18812528128
NVIDIA RTX PRO 6000 Blackwell Workstation Edition,dna_r10.4.1_e8.2_400bps_hac@v4.3.0,3136,1.16271e+08,19192706048
NVIDIA RTX PRO 6000 Blackwell Workstation Edition,dna_r10.4.1_e8.2_400bps_hac@v4.3.0,3200,1.15514e+08,19591315456
NVIDIA RTX PRO 6000 Blackwell Workstation Edition,dna_r10.4.1_e8.2_400bps_hac@v4.3.0,3264,1.21324e+08,19987023360
NVIDIA RTX PRO 6000 Blackwell Workstation Edition,dna_r10.4.1_e8.2_400bps_hac@v4.3.0,3328,1.19889e+08,20372228608
NVIDIA RTX PRO 6000 Blackwell Workstation Edition,dna_r10.4.1_e8.2_400bps_hac@v4.3.0,3392,1.22682e+08,20695815680
NVIDIA RTX PRO 6000 Blackwell Workstation Edition,dna_r10.4.1_e8.2_400bps_hac@v4.3.0,3456,1.27875e+08,21168600064
NVIDIA RTX PRO 6000 Blackwell Workstation Edition,dna_r10.4.1_e8.2_400bps_hac@v4.3.0,3520,1.27008e+08,21550703104
NVIDIA RTX PRO 6000 Blackwell Workstation Edition,dna_r10.4.1_e8.2_400bps_hac@v4.3.0,3584,1.32349e+08,21940546560
NVIDIA RTX PRO 6000 Blackwell Workstation Edition,dna_r10.4.1_e8.2_400bps_hac@v4.3.0,3648,1.27599e+08,22351199744
NVIDIA RTX PRO 6000 Blackwell Workstation Edition,dna_r10.4.1_e8.2_400bps_hac@v4.3.0,3712,1.37156e+08,22722400768
NVIDIA RTX PRO 6000 Blackwell Workstation Edition,dna_r10.4.1_e8.2_400bps_hac@v4.3.0,3776,1.32218e+08,23119424512
NVIDIA RTX PRO 6000 Blackwell Workstation Edition,dna_r10.4.1_e8.2_400bps_hac@v4.3.0,3840,1.38111e+08,23501481984
NVIDIA RTX PRO 6000 Blackwell Workstation Edition,dna_r10.4.1_e8.2_400bps_hac@v4.3.0,3904,1.32941e+08,23892417536
NVIDIA RTX PRO 6000 Blackwell Workstation Edition,dna_r10.4.1_e8.2_400bps_hac@v4.3.0,3968,1.38471e+08,24206537216
NVIDIA RTX PRO 6000 Blackwell Workstation Edition,dna_r10.4.1_e8.2_400bps_hac@v4.3.0,4032,1.10189e+08,24678700544
NVIDIA RTX PRO 6000 Blackwell Workstation Edition,dna_r10.4.1_e8.2_400bps_hac@v4.3.0,4096,1.06498e+08,25104949248
NVIDIA RTX PRO 6000 Blackwell Workstation Edition,dna_r10.4.1_e8.2_400bps_hac@v4.3.0,4160,1.08827e+08,25491326464
NVIDIA RTX PRO 6000 Blackwell Workstation Edition,dna_r10.4.1_e8.2_400bps_hac@v4.3.0,4224,1.0895e+08,25864658432
NVIDIA RTX PRO 6000 Blackwell Workstation Edition,dna_r10.4.1_e8.2_400bps_hac@v4.3.0,4288,1.08362e+08,26255827456
NVIDIA RTX PRO 6000 Blackwell Workstation Edition,dna_r10.4.1_e8.2_400bps_hac@v4.3.0,4352,1.09594e+08,26631794688
NVIDIA RTX PRO 6000 Blackwell Workstation Edition,dna_r10.4.1_e8.2_400bps_hac@v4.3.0,4416,1.11644e+08,26950078976
NVIDIA RTX PRO 6000 Blackwell Workstation Edition,dna_r10.4.1_e8.2_400bps_hac@v4.3.0,4480,1.13181e+08,27423460352
NVIDIA RTX PRO 6000 Blackwell Workstation Edition,dna_r10.4.1_e8.2_400bps_hac@v4.3.0,4544,1.14446e+08,27853850624
NVIDIA RTX PRO 6000 Blackwell Workstation Edition,dna_r10.4.1_e8.2_400bps_hac@v4.3.0,4608,1.15581e+08,28214317056
NVIDIA RTX PRO 6000 Blackwell Workstation Edition,dna_r10.4.1_e8.2_400bps_hac@v4.3.0,4672,1.17278e+08,28598523392
NVIDIA RTX PRO 6000 Blackwell Workstation Edition,dna_r10.4.1_e8.2_400bps_hac@v4.3.0,4736,1.14896e+08,28997851648
NVIDIA RTX PRO 6000 Blackwell Workstation Edition,dna_r10.4.1_e8.2_400bps_hac@v4.3.0,4800,1.16534e+08,29387016704
NVIDIA RTX PRO 6000 Blackwell Workstation Edition,dna_r10.4.1_e8.2_400bps_hac@v4.3.0,4864,1.17528e+08,29774021120
NVIDIA RTX PRO 6000 Blackwell Workstation Edition,dna_r10.4.1_e8.2_400bps_hac@v4.3.0,4928,1.19324e+08,30155687936
NVIDIA RTX PRO 6000 Blackwell Workstation Edition,dna_r10.4.1_e8.2_400bps_hac@v4.3.0,4992,1.11418e+08,30541429248
NVIDIA RTX PRO 6000 Blackwell Workstation Edition,dna_r10.4.1_e8.2_400bps_hac@v4.3.0,5056,1.12449e+08,30963933696
NVIDIA RTX PRO 6000 Blackwell Workstation Edition,dna_r10.4.1_e8.2_400bps_hac@v4.3.0,5120,1.08218e+08,31332881920
NVIDIA RTX PRO 6000 Blackwell Workstation Edition,dna_r10.4.1_e8.2_400bps_hac@v4.3.0,5184,1.25378e+08,31743077888
NVIDIA RTX PRO 6000 Blackwell Workstation Edition,dna_r10.4.1_e8.2_400bps_hac@v4.3.0,5248,1.05147e+08,32115380736
NVIDIA RTX PRO 6000 Blackwell Workstation Edition,dna_r10.4.1_e8.2_400bps_hac@v4.3.0,5312,1.20894e+08,32500916224
NVIDIA RTX PRO 6000 Blackwell Workstation Edition,dna_r10.4.1_e8.2_400bps_hac@v4.3.0,5376,1.14283e+08,32943190016
NVIDIA RTX PRO 6000 Blackwell Workstation Edition,dna_r10.4.1_e8.2_400bps_hac@v4.3.0,5440,1.2538e+08,33292438016
NVIDIA RTX PRO 6000 Blackwell Workstation Edition,dna_r10.4.1_e8.2_400bps_hac@v4.3.0,5504,1.1146e+08,33684564992
NVIDIA RTX PRO 6000 Blackwell Workstation Edition,dna_r10.4.1_e8.2_400bps_hac@v4.3.0,5568,1.28681e+08,34070621696
NVIDIA RTX PRO 6000 Blackwell Workstation Edition,dna_r10.4.1_e8.2_400bps_hac@v4.3.0,5632,1.18434e+08,34455453184
NVIDIA RTX PRO 6000 Blackwell Workstation Edition,dna_r10.4.1_e8.2_400bps_hac@v4.3.0,5696,1.31662e+08,34900916736
NVIDIA RTX PRO 6000 Blackwell Workstation Edition,dna_r10.4.1_e8.2_400bps_hac@v4.3.0,5760,1.16725e+08,35247742976
NVIDIA RTX PRO 6000 Blackwell Workstation Edition,dna_r10.4.1_e8.2_400bps_hac@v4.3.0,5824,1.34796e+08,35633872896
NVIDIA RTX PRO 6000 Blackwell Workstation Edition,dna_r10.4.1_e8.2_400bps_hac@v4.3.0,5888,1.19044e+08,36029373440
NVIDIA RTX PRO 6000 Blackwell Workstation Edition,dna_r10.4.1_e8.2_400bps_hac@v4.3.0,5952,1.31597e+08,36416161280
NVIDIA RTX PRO 6000 Blackwell Workstation Edition,dna_r10.4.1_e8.2_400bps_hac@v4.3.0,6016,1.14687e+08,36819218944
NVIDIA RTX PRO 6000 Blackwell Workstation Edition,dna_r10.4.1_e8.2_400bps_hac@v4.3.0,6080,1.15666e+08,37212570112
NVIDIA RTX PRO 6000 Blackwell Workstation Edition,dna_r10.4.1_e8.2_400bps_hac@v4.3.0,6144,1.22952e+08,37609551872
NVIDIA RTX PRO 6000 Blackwell Workstation Edition,dna_r10.4.1_e8.2_400bps_hac@v4.3.0,6208,1.1354e+08,37979469824
NVIDIA RTX PRO 6000 Blackwell Workstation Edition,dna_r10.4.1_e8.2_400bps_hac@v4.3.0,6272,1.19208e+08,38363321856
NVIDIA RTX PRO 6000 Blackwell Workstation Edition,dna_r10.4.1_e8.2_400bps_hac@v4.3.0,6336,1.0867e+08,38742944768
NVIDIA RTX PRO 6000 Blackwell Workstation Edition,dna_r10.4.1_e8.2_400bps_hac@v4.3.0,6400,1.22474e+08,39163460608
NVIDIA RTX PRO 6000 Blackwell Workstation Edition,dna_r10.4.1_e8.2_400bps_hac@v4.3.0,6464,1.17997e+08,39544450560
NVIDIA RTX PRO 6000 Blackwell Workstation Edition,dna_r10.4.1_e8.2_400bps_hac@v4.3.0,6528,1.19468e+08,39939146752
NVIDIA RTX PRO 6000 Blackwell Workstation Edition,dna_r10.4.1_e8.2_400bps_hac@v4.3.0,6592,1.20002e+08,40329543680
NVIDIA RTX PRO 6000 Blackwell Workstation Edition,dna_r10.4.1_e8.2_400bps_hac@v4.3.0,6656,1.26915e+08,40727824384
NVIDIA RTX PRO 6000 Blackwell Workstation Edition,dna_r10.4.1_e8.2_400bps_hac@v4.3.0,6720,1.16501e+08,40983801344
NVIDIA RTX PRO 6000 Blackwell Workstation Edition,dna_r10.4.1_e8.2_400bps_hac@v4.3.0,6784,1.24075e+08,41367761408
NVIDIA RTX PRO 6000 Blackwell Workstation Edition,dna_r10.4.1_e8.2_400bps_hac@v4.3.0,6848,1.24614e+08,41737733120
NVIDIA RTX PRO 6000 Blackwell Workstation Edition,dna_r10.4.1_e8.2_400bps_hac@v4.3.0,6912,1.31602e+08,42284930048
NVIDIA RTX PRO 6000 Blackwell Workstation Edition,dna_r10.4.1_e8.2_400bps_hac@v4.3.0,6976,1.26744e+08,42728448512
NVIDIA RTX PRO 6000 Blackwell Workstation Edition,dna_r10.4.1_e8.2_400bps_hac@v4.3.0,7040,1.27894e+08,43072509440
NVIDIA RTX PRO 6000 Blackwell Workstation Edition,dna_r10.4.1_e8.2_400bps_hac@v4.3.0,7104,1.20921e+08,43521600512
NVIDIA RTX PRO 6000 Blackwell Workstation Edition,dna_r10.4.1_e8.2_400bps_hac@v4.3.0,7168,1.35614e+08,43812449792
NVIDIA RTX PRO 6000 Blackwell Workstation Edition,dna_r10.4.1_e8.2_400bps_hac@v4.3.0,7232,1.24552e+08,44106460672
NVIDIA RTX PRO 6000 Blackwell Workstation Edition,dna_r10.4.1_e8.2_400bps_hac@v4.3.0,7296,1.32511e+08,44643109888
NVIDIA RTX PRO 6000 Blackwell Workstation Edition,dna_r10.4.1_e8.2_400bps_hac@v4.3.0,7360,1.26409e+08,45033419264
NVIDIA RTX PRO 6000 Blackwell Workstation Edition,dna_r10.4.1_e8.2_400bps_hac@v4.3.0,7424,1.3975e+08,45446617088
NVIDIA RTX PRO 6000 Blackwell Workstation Edition,dna_r10.4.1_e8.2_400bps_hac@v4.3.0,7488,1.28093e+08,45803629568
NVIDIA RTX PRO 6000 Blackwell Workstation Edition,dna_r10.4.1_e8.2_400bps_hac@v4.3.0,7552,1.3671e+08,46204639744
NVIDIA RTX PRO 6000 Blackwell Workstation Edition,dna_r10.4.1_e8.2_400bps_hac@v4.3.0,7616,1.20728e+08,46643766784
NVIDIA RTX PRO 6000 Blackwell Workstation Edition,dna_r10.4.1_e8.2_400bps_hac@v4.3.0,7680,1.29514e+08,46983405056
NVIDIA RTX PRO 6000 Blackwell Workstation Edition,dna_r10.4.1_e8.2_400bps_hac@v4.3.0,7744,1.34246e+08,47376395776
NVIDIA RTX PRO 6000 Blackwell Workstation Edition,dna_r10.4.1_e8.2_400bps_hac@v4.3.0,7808,1.32091e+08,47602064384
NVIDIA RTX PRO 6000 Blackwell Workstation Edition,dna_r10.4.1_e8.2_400bps_hac@v4.3.0,7872,1.27754e+08,48167601152
NVIDIA RTX PRO 6000 Blackwell Workstation Edition,dna_r10.4.1_e8.2_400bps_hac@v4.3.0,7936,1.27035e+08,48624088064
NVIDIA RTX PRO 6000 Blackwell Workstation Edition,dna_r10.4.1_e8.2_400bps_hac@v4.3.0,8000,1.13133e+08,48759256064
NVIDIA RTX PRO 6000 Blackwell Workstation Edition,dna_r10.4.1_e8.2_400bps_hac@v4.3.0,8064,9.80217e+07,49339011072
NVIDIA RTX PRO 6000 Blackwell Workstation Edition,dna_r10.4.1_e8.2_400bps_hac@v4.3.0,8128,1.14853e+08,49714456064
NVIDIA RTX PRO 6000 Blackwell Workstation Edition,dna_r10.4.1_e8.2_400bps_hac@v4.3.0,8192,9.68011e+07,49931606016
NVIDIA RTX PRO 6000 Blackwell Workstation Edition,dna_r10.4.1_e8.2_400bps_hac@v4.3.0,8256,1.17659e+08,50315400192
NVIDIA RTX PRO 6000 Blackwell Workstation Edition,dna_r10.4.1_e8.2_400bps_hac@v4.3.0,8320,1.07365e+08,50901744640
NVIDIA RTX PRO 6000 Blackwell Workstation Edition,dna_r10.4.1_e8.2_400bps_hac@v4.3.0,8384,1.12954e+08,51286157824
NVIDIA RTX PRO 6000 Blackwell Workstation Edition,dna_r10.4.1_e8.2_400bps_hac@v4.3.0,8448,1.01823e+08,51679157248
NVIDIA RTX PRO 6000 Blackwell Workstation Edition,dna_r10.4.1_e8.2_400bps_hac@v4.3.0,8512,1.21336e+08,52037031936
NVIDIA RTX PRO 6000 Blackwell Workstation Edition,dna_r10.4.1_e8.2_400bps_hac@v4.3.0,8576,1.12214e+08,52462749184
NVIDIA RTX PRO 6000 Blackwell Workstation Edition,dna_r10.4.1_e8.2_400bps_hac@v4.3.0,8640,1.20135e+08,52809095168
NVIDIA RTX PRO 6000 Blackwell Workstation Edition,dna_r10.4.1_e8.2_400bps_hac@v4.3.0,8704,1.073e+08,53236550656
NVIDIA RTX PRO 6000 Blackwell Workstation Edition,dna_r10.4.1_e8.2_400bps_hac@v4.3.0,8768,1.15429e+08,53624772608
NVIDIA RTX PRO 6000 Blackwell Workstation Edition,dna_r10.4.1_e8.2_400bps_hac@v4.3.0,8832,1.12995e+08,54082659328
NVIDIA RTX PRO 6000 Blackwell Workstation Edition,dna_r10.4.1_e8.2_400bps_hac@v4.3.0,8896,1.12486e+08,54426889728
NVIDIA RTX PRO 6000 Blackwell Workstation Edition,dna_r10.4.1_e8.2_400bps_hac@v4.3.0,8960,1.10411e+08,54815403520
NVIDIA RTX PRO 6000 Blackwell Workstation Edition,dna_r10.4.1_e8.2_400bps_hac@v4.3.0,9024,1.19319e+08,54990124032
NVIDIA RTX PRO 6000 Blackwell Workstation Edition,dna_r10.4.1_e8.2_400bps_hac@v4.3.0,9088,1.10466e+08,55586754048
NVIDIA RTX PRO 6000 Blackwell Workstation Edition,dna_r10.4.1_e8.2_400bps_hac@v4.3.0,9152,1.28314e+08,55885901824
NVIDIA RTX PRO 6000 Blackwell Workstation Edition,dna_r10.4.1_e8.2_400bps_hac@v4.3.0,9216,1.12055e+08,56209507328
NVIDIA RTX PRO 6000 Blackwell Workstation Edition,dna_r10.4.1_e8.2_400bps_hac@v4.3.0,9280,1.29079e+08,56795231744
NVIDIA RTX PRO 6000 Blackwell Workstation Edition,dna_r10.4.1_e8.2_400bps_hac@v4.3.0,9344,1.14854e+08,57152245760
NVIDIA RTX PRO 6000 Blackwell Workstation Edition,dna_r10.4.1_e8.2_400bps_hac@v4.3.0,9408,1.25722e+08,57446994944
NVIDIA RTX PRO 6000 Blackwell Workstation Edition,dna_r10.4.1_e8.2_400bps_hac@v4.3.0,9472,1.15546e+08,57727006720
NVIDIA RTX PRO 6000 Blackwell Workstation Edition,dna_r10.4.1_e8.2_400bps_hac@v4.3.0,9536,1.26127e+08,58138128384
NVIDIA RTX PRO 6000 Blackwell Workstation Edition,dna_r10.4.1_e8.2_400bps_hac@v4.3.0,9600,1.16785e+08,58722904064
NVIDIA RTX PRO 6000 Blackwell Workstation Edition,dna_r10.4.1_e8.2_400bps_hac@v4.3.0,9664,1.20361e+08,59118305280
NVIDIA RTX PRO 6000 Blackwell Workstation Edition,dna_r10.4.1_e8.2_400bps_hac@v4.3.0,9728,1.15221e+08,59502184448
NVIDIA RTX PRO 6000 Blackwell Workstation Edition,dna_r10.4.1_e8.2_400bps_hac@v4.3.0,9792,1.25134e+08,59900805632
NVIDIA RTX PRO 6000 Blackwell Workstation Edition,dna_r10.4.1_e8.2_400bps_hac@v4.3.0,9856,1.15875e+08,60284597760
NVIDIA RTX PRO 6000 Blackwell Workstation Edition,dna_r10.4.1_e8.2_400bps_hac@v4.3.0,9920,1.29814e+08,60626433536
NVIDIA RTX PRO 6000 Blackwell Workstation Edition,dna_r10.4.1_e8.2_400bps_hac@v4.3.0,9984,1.17264e+08,61013203456
NVIDIA RTX PRO 6000 Blackwell Workstation Edition,dna_r10.4.1_e8.2_400bps_hac@v4.3.0,10048,1.1904e+08,61202117632
NVIDIA RTX PRO 6000 Blackwell Workstation Edition,dna_r10.4.1_e8.2_400bps_hac@v4.3.0,10112,1.19713e+08,61866640896
NVIDIA RTX PRO 6000 Blackwell Workstation Edition,dna_r10.4.1_e8.2_400bps_hac@v4.3.0,10176,1.22381e+08,62011647488
NVIDIA RTX PRO 6000 Blackwell Workstation Edition,dna_r10.4.1_e8.2_400bps_hac@v4.3.0,10240,1.13805e+08,62634219520
NVIDIA RTX PRO 6000 Blackwell Workstation Edition,dna_r10.4.1_e8.2_400bps_hac@v5.0.0,64,9.24309e+06,411132928
NVIDIA RTX PRO 6000 Blackwell Workstation Edition,dna_r10.4.1_e8.2_400bps_hac@v5.0.0,128,1.70793e+07,802499072
NVIDIA RTX PRO 6000 Blackwell Workstation Edition,dna_r10.4.1_e8.2_400bps_hac@v5.0.0,192,2.48467e+07,1193517056
NVIDIA RTX PRO 6000 Blackwell Workstation Edition,dna_r10.4.1_e8.2_400bps_hac@v5.0.0,256,3.28153e+07,1580380672
NVIDIA RTX PRO 6000 Blackwell Workstation Edition,dna_r10.4.1_e8.2_400bps_hac@v5.0.0,320,3.97848e+07,1972801536
NVIDIA RTX PRO 6000 Blackwell Workstation Edition,dna_r10.4.1_e8.2_400bps_hac@v5.0.0,384,4.69396e+07,2363986944
NVIDIA RTX PRO 6000 Blackwell Workstation Edition,dna_r10.4.1_e8.2_400bps_hac@v5.0.0,448,5.3867e+07,2753231872
NVIDIA RTX PRO 6000 Blackwell Workstation Edition,dna_r10.4.1_e8.2_400bps_hac@v5.0.0,512,6.09432e+07,3144243712
NVIDIA RTX PRO 6000 Blackwell Workstation Edition,dna_r10.4.1_e8.2_400bps_hac@v5.0.0,576,5.88634e+07,3533420544
NVIDIA RTX PRO 6000 Blackwell Workstation Edition,dna_r10.4.1_e8.2_400bps_hac@v5.0.0,640,6.47233e+07,3921620992
NVIDIA RTX PRO 6000 Blackwell Workstation Edition,dna_r10.4.1_e8.2_400bps_hac@v5.0.0,704,7.0544e+07,4315160064
NVIDIA RTX PRO 6000 Blackwell Workstation Edition,dna_r10.4.1_e8.2_400bps_hac@v5.0.0,768,7.30532e+07,4703601664
NVIDIA RTX PRO 6000 Blackwell Workstation Edition,dna_r10.4.1_e8.2_400bps_hac@v5.0.0,832,7.83276e+07,5122632704
NVIDIA RTX PRO 6000 Blackwell Workstation Edition,dna_r10.4.1_e8.2_400bps_hac@v5.0.0,896,8.25285e+07,5486442496
NVIDIA RTX PRO 6000 Blackwell Workstation Edition,dna_r10.4.1_e8.2_400bps_hac@v5.0.0,960,8.64758e+07,5890959872
NVIDIA RTX PRO 6000 Blackwell Workstation Edition,dna_r10.4.1_e8.2_400bps_hac@v5.0.0,1024,6.96994e+07,6267059200
NVIDIA RTX PRO 6000 Blackwell Workstation Edition,dna_r10.4.1_e8.2_400bps_hac@v5.0.0,1088,7.10266e+07,6691123200
NVIDIA RTX PRO 6000 Blackwell Workstation Edition,dna_r10.4.1_e8.2_400bps_hac@v5.0.0,1152,7.39779e+07,7068336640
NVIDIA RTX PRO 6000 Blackwell Workstation Edition,dna_r10.4.1_e8.2_400bps_hac@v5.0.0,1216,7.69527e+07,7465397248
NVIDIA RTX PRO 6000 Blackwell Workstation Edition,dna_r10.4.1_e8.2_400bps_hac@v5.0.0,1280,8.08787e+07,7849358848
NVIDIA RTX PRO 6000 Blackwell Workstation Edition,dna_r10.4.1_e8.2_400bps_hac@v5.0.0,1344,8.36038e+07,8248409600
NVIDIA RTX PRO 6000 Blackwell Workstation Edition,dna_r10.4.1_e8.2_400bps_hac@v5.0.0,1408,8.75602e+07,8642322944
NVIDIA RTX PRO 6000 Blackwell Workstation Edition,dna_r10.4.1_e8.2_400bps_hac@v5.0.0,1472,9.01201e+07,9033771008
NVIDIA RTX PRO 6000 Blackwell Workstation Edition,dna_r10.4.1_e8.2_400bps_hac@v5.0.0,1536,9.22189e+07,9423962624
NVIDIA RTX PRO 6000 Blackwell Workstation Edition,dna_r10.4.1_e8.2_400bps_hac@v5.0.0,1600,9.13981e+07,9810150912
NVIDIA RTX PRO 6000 Blackwell Workstation Edition,dna_r10.4.1_e8.2_400bps_hac@v5.0.0,1664,9.51208e+07,10220431872
NVIDIA RTX PRO 6000 Blackwell Workstation Edition,dna_r10.4.1_e8.2_400bps_hac@v5.0.0,1728,9.70507e+07,10594398208
NVIDIA RTX PRO 6000 Blackwell Workstation Edition,dna_r10.4.1_e8.2_400bps_hac@v5.0.0,1792,1.00514e+08,11015423488
NVIDIA RTX PRO 6000 Blackwell Workstation Edition,dna_r10.4.1_e8.2_400bps_hac@v5.0.0,1856,1.04233e+08,11372997632
NVIDIA RTX PRO 6000 Blackwell Workstation Edition,dna_r10.4.1_e8.2_400bps_hac@v5.0.0,1920,1.05842e+08,11763679744
NVIDIA RTX PRO 6000 Blackwell Workstation Edition,dna_r10.4.1_e8.2_400bps_hac@v5.0.0,1984,1.09305e+08,12153909760
NVIDIA RTX PRO 6000 Blackwell Workstation Edition,dna_r10.4.1_e8.2_400bps_hac@v5.0.0,2048,9.2288e+07,12553436160
NVIDIA RTX PRO 6000 Blackwell Workstation Edition,dna_r10.4.1_e8.2_400bps_hac@v5.0.0,2112,9.33436e+07,12952284672
NVIDIA RTX PRO 6000 Blackwell Workstation Edition,dna_r10.4.1_e8.2_400bps_hac@v5.0.0,2176,9.40864e+07,13360935424
NVIDIA RTX PRO 6000 Blackwell Workstation Edition,dna_r10.4.1_e8.2_400bps_hac@v5.0.0,2240,9.41036e+07,13720713728
NVIDIA RTX PRO 6000 Blackwell Workstation Edition,dna_r10.4.1_e8.2_400bps_hac@v5.0.0,2304,9.71613e+07,14121998848
NVIDIA RTX PRO 6000 Blackwell Workstation Edition,dna_r10.4.1_e8.2_400bps_hac@v5.0.0,2368,9.99536e+07,14507939328
NVIDIA RTX PRO 6000 Blackwell Workstation Edition,dna_r10.4.1_e8.2_400bps_hac@v5.0.0,2432,9.96075e+07,14912237568
NVIDIA RTX PRO 6000 Blackwell Workstation Edition,dna_r10.4.1_e8.2_400bps_hac@v5.0.0,2496,9.79526e+07,15281704960
NVIDIA RTX PRO 6000 Blackwell Workstation Edition,dna_r10.4.1_e8.2_400bps_hac@v5.0.0,2560,1.0513e+08,15676189184
NVIDIA RTX PRO 6000 Blackwell Workstation Edition,dna_r10.4.1_e8.2_400bps_hac@v5.0.0,2624,1.02914e+08,16069428736
NVIDIA RTX PRO 6000 Blackwell Workstation Edition,dna_r10.4.1_e8.2_400bps_hac@v5.0.0,2688,1.0799e+08,16462088704
NVIDIA RTX PRO 6000 Blackwell Workstation Edition,dna_r10.4.1_e8.2_400bps_hac@v5.0.0,2752,1.05194e+08,16863603712
NVIDIA RTX PRO 6000 Blackwell Workstation Edition,dna_r10.4.1_e8.2_400bps_hac@v5.0.0,2816,1.12836e+08,17242854400
NVIDIA RTX PRO 6000 Blackwell Workstation Edition,dna_r10.4.1_e8.2_400bps_hac@v5.0.0,2880,1.09989e+08,17632042496
NVIDIA RTX PRO 6000 Blackwell Workstation Edition,dna_r10.4.1_e8.2_400bps_hac@v5.0.0,2944,1.18071e+08,18029836800
NVIDIA RTX PRO 6000 Blackwell Workstation Edition,dna_r10.4.1_e8.2_400bps_hac@v5.0.0,3008,1.11789e+08,18425266688
NVIDIA RTX PRO 6000 Blackwell Workstation Edition,dna_r10.4.1_e8.2_400bps_hac@v5.0.0,3072,1.16403e+08,18828985856
NVIDIA RTX PRO 6000 Blackwell Workstation Edition,dna_r10.4.1_e8.2_400bps_hac@v5.0.0,3136,1.164e+08,19192735744
NVIDIA RTX PRO 6000 Blackwell Workstation Edition,dna_r10.4.1_e8.2_400bps_hac@v5.0.0,3200,1.21935e+08,19508814848
NVIDIA RTX PRO 6000 Blackwell Workstation Edition,dna_r10.4.1_e8.2_400bps_hac@v5.0.0,3264,1.20489e+08,19923221504
NVIDIA RTX PRO 6000 Blackwell Workstation Edition,dna_r10.4.1_e8.2_400bps_hac@v5.0.0,3328,1.26652e+08,20393549312
NVIDIA RTX PRO 6000 Blackwell Workstation Edition,dna_r10.4.1_e8.2_400bps_hac@v5.0.0,3392,1.22046e+08,20767417344
NVIDIA RTX PRO 6000 Blackwell Workstation Edition,dna_r10.4.1_e8.2_400bps_hac@v5.0.0,3456,1.27971e+08,21178366976
NVIDIA RTX PRO 6000 Blackwell Workstation Edition,dna_r10.4.1_e8.2_400bps_hac@v5.0.0,3520,1.27006e+08,21565706752
NVIDIA RTX PRO 6000 Blackwell Workstation Edition,dna_r10.4.1_e8.2_400bps_hac@v5.0.0,3584,1.32196e+08,21940546560
NVIDIA RTX PRO 6000 Blackwell Workstation Edition,dna_r10.4.1_e8.2_400bps_hac@v5.0.0,3648,1.27838e+08,22341667328
NVIDIA RTX PRO 6000 Blackwell Workstation Edition,dna_r10.4.1_e8.2_400bps_hac@v5.0.0,3712,1.3737e+08,22740109312
NVIDIA RTX PRO 6000 Blackwell Workstation Edition,dna_r10.4.1_e8.2_400bps_hac@v5.0.0,3776,1.28444e+08,23129968640
NVIDIA RTX PRO 6000 Blackwell Workstation Edition,dna_r10.4.1_e8.2_400bps_hac@v5.0.0,3840,1.37468e+08,23481906688
NVIDIA RTX PRO 6000 Blackwell Workstation Edition,dna_r10.4.1_e8.2_400bps_hac@v5.0.0,3904,1.32773e+08,23892226048
NVIDIA RTX PRO 6000 Blackwell Workstation Edition,dna_r10.4.1_e8.2_400bps_hac@v5.0.0,3968,1.34902e+08,24311498240
NVIDIA RTX PRO 6000 Blackwell Workstation Edition,dna_r10.4.1_e8.2_400bps_hac@v5.0.0,4032,1.05807e+08,24681203712
NVIDIA RTX PRO 6000 Blackwell Workstation Edition,dna_r10.4.1_e8.2_400bps_hac@v5.0.0,4096,1.02294e+08,25086582272
NVIDIA RTX PRO 6000 Blackwell Workstation Edition,dna_r10.4.1_e8.2_400bps_hac@v5.0.0,4160,1.05162e+08,25471096320
NVIDIA RTX PRO 6000 Blackwell Workstation Edition,dna_r10.4.1_e8.2_400bps_hac@v5.0.0,4224,1.06654e+08,25860702208
NVIDIA RTX PRO 6000 Blackwell Workstation Edition,dna_r10.4.1_e8.2_400bps_hac@v5.0.0,4288,1.08254e+08,26154667520
NVIDIA RTX PRO 6000 Blackwell Workstation Edition,dna_r10.4.1_e8.2_400bps_hac@v5.0.0,4352,1.0953e+08,26631902720
NVIDIA RTX PRO 6000 Blackwell Workstation Edition,dna_r10.4.1_e8.2_400bps_hac@v5.0.0,4416,1.11299e+08,27081945600
NVIDIA RTX PRO 6000 Blackwell Workstation Edition,dna_r10.4.1_e8.2_400bps_hac@v5.0.0,4480,1.10514e+08,27424262656
NVIDIA RTX PRO 6000 Blackwell Workstation Edition,dna_r10.4.1_e8.2_400bps_hac@v5.0.0,4544,1.10169e+08,27810767872
NVIDIA RTX PRO 6000 Blackwell Workstation Edition,dna_r10.4.1_e8.2_400bps_hac@v5.0.0,4608,1.11105e+08,28201530880
NVIDIA RTX PRO 6000 Blackwell Workstation Edition,dna_r10.4.1_e8.2_400bps_hac@v5.0.0,4672,1.13332e+08,28588617216
NVIDIA RTX PRO 6000 Blackwell Workstation Edition,dna_r10.4.1_e8.2_400bps_hac@v5.0.0,4736,1.14743e+08,28997741056
NVIDIA RTX PRO 6000 Blackwell Workstation Edition,dna_r10.4.1_e8.2_400bps_hac@v5.0.0,4800,1.16177e+08,29380194816
NVIDIA RTX PRO 6000 Blackwell Workstation Edition,dna_r10.4.1_e8.2_400bps_hac@v5.0.0,4864,1.17315e+08,29672951808
NVIDIA RTX PRO 6000 Blackwell Workstation Edition,dna_r10.4.1_e8.2_400bps_hac@v5.0.0,4928,1.16608e+08,30155656704
NVIDIA RTX PRO 6000 Blackwell Workstation Edition,dna_r10.4.1_e8.2_400bps_hac@v5.0.0,4992,1.10692e+08,30541837312
NVIDIA RTX PRO 6000 Blackwell Workstation Edition,dna_r10.4.1_e8.2_400bps_hac@v5.0.0,5056,1.07745e+08,30996155392
NVIDIA RTX PRO 6000 Blackwell Workstation Edition,dna_r10.4.1_e8.2_400bps_hac@v5.0.0,5120,1.07832e+08,31333048832
NVIDIA RTX PRO 6000 Blackwell Workstation Edition,dna_r10.4.1_e8.2_400bps_hac@v5.0.0,5184,1.20369e+08,31724890624
NVIDIA RTX PRO 6000 Blackwell Workstation Edition,dna_r10.4.1_e8.2_400bps_hac@v5.0.0,5248,1.06528e+08,32115614208
NVIDIA RTX PRO 6000 Blackwell Workstation Edition,dna_r10.4.1_e8.2_400bps_hac@v5.0.0,5312,1.23123e+08,32500916224
NVIDIA RTX PRO 6000 Blackwell Workstation Edition,dna_r10.4.1_e8.2_400bps_hac@v5.0.0,5376,1.13859e+08,32908506624
NVIDIA RTX PRO 6000 Blackwell Workstation Edition,dna_r10.4.1_e8.2_400bps_hac@v5.0.0,5440,1.2607e+08,33292096512
NVIDIA RTX PRO 6000 Blackwell Workstation Edition,dna_r10.4.1_e8.2_400bps_hac@v5.0.0,5504,1.11467e+08,33686866944
NVIDIA RTX PRO 6000 Blackwell Workstation Edition,dna_r10.4.1_e8.2_400bps_hac@v5.0.0,5568,1.28778e+08,34107649536
NVIDIA RTX PRO 6000 Blackwell Workstation Edition,dna_r10.4.1_e8.2_400bps_hac@v5.0.0,5632,1.13532e+08,34455579648
NVIDIA RTX PRO 6000 Blackwell Workstation Edition,dna_r10.4.1_e8.2_400bps_hac@v5.0.0,5696,1.21056e+08,34863307776
NVIDIA RTX PRO 6000 Blackwell Workstation Edition,dna_r10.4.1_e8.2_400bps_hac@v5.0.0,5760,1.11111e+08,35244489728
NVIDIA RTX PRO 6000 Blackwell Workstation Edition,dna_r10.4.1_e8.2_400bps_hac@v5.0.0,5824,1.28946e+08,35633874432
NVIDIA RTX PRO 6000 Blackwell Workstation Edition,dna_r10.4.1_e8.2_400bps_hac@v5.0.0,5888,1.18759e+08,36029403136
NVIDIA RTX PRO 6000 Blackwell Workstation Edition,dna_r10.4.1_e8.2_400bps_hac@v5.0.0,5952,1.31696e+08,36416523776
NVIDIA RTX PRO 6000 Blackwell Workstation Edition,dna_r10.4.1_e8.2_400bps_hac@v5.0.0,6016,1.1565e+08,36819312640
NVIDIA RTX PRO 6000 Blackwell Workstation Edition,dna_r10.4.1_e8.2_400bps_hac@v5.0.0,6080,1.11002e+08,37202958336
NVIDIA RTX PRO 6000 Blackwell Workstation Edition,dna_r10.4.1_e8.2_400bps_hac@v5.0.0,6144,1.15474e+08,37596984320
NVIDIA RTX PRO 6000 Blackwell Workstation Edition,dna_r10.4.1_e8.2_400bps_hac@v5.0.0,6208,1.12112e+08,37979124224
NVIDIA RTX PRO 6000 Blackwell Workstation Edition,dna_r10.4.1_e8.2_400bps_hac@v5.0.0,6272,1.13468e+08,38363662848
NVIDIA RTX PRO 6000 Blackwell Workstation Edition,dna_r10.4.1_e8.2_400bps_hac@v5.0.0,6336,1.08822e+08,38774719488
NVIDIA RTX PRO 6000 Blackwell Workstation Edition,dna_r10.4.1_e8.2_400bps_hac@v5.0.0,6400,1.2149e+08,39163427328
NVIDIA RTX PRO 6000 Blackwell Workstation Edition,dna_r10.4.1_e8.2_400bps_hac@v5.0.0,6464,1.12449e+08,39388836864
NVIDIA RTX PRO 6000 Blackwell Workstation Edition,dna_r10.4.1_e8.2_400bps_hac@v5.0.0,6528,1.19127e+08,39982000640
NVIDIA RTX PRO 6000 Blackwell Workstation Edition,dna_r10.4.1_e8.2_400bps_hac@v5.0.0,6592,1.19811e+08,40354194432
NVIDIA RTX PRO 6000 Blackwell Workstation Edition,dna_r10.4.1_e8.2_400bps_hac@v5.0.0,6656,1.24682e+08,40771533312
NVIDIA RTX PRO 6000 Blackwell Workstation Edition,dna_r10.4.1_e8.2_400bps_hac@v5.0.0,6720,1.20928e+08,41115277312
NVIDIA RTX PRO 6000 Blackwell Workstation Edition,dna_r10.4.1_e8.2_400bps_hac@v5.0.0,6784,1.15798e+08,41506091008
NVIDIA RTX PRO 6000 Blackwell Workstation Edition,dna_r10.4.1_e8.2_400bps_hac@v5.0.0,6848,1.10745e+08,41894065152
NVIDIA RTX PRO 6000 Blackwell Workstation Edition,dna_r10.4.1_e8.2_400bps_hac@v5.0.0,6912,1.19285e+08,42285050880
NVIDIA RTX PRO 6000 Blackwell Workstation Edition,dna_r10.4.1_e8.2_400bps_hac@v5.0.0,6976,1.17307e+08,42692589056
NVIDIA RTX PRO 6000 Blackwell Workstation Edition,dna_r10.4.1_e8.2_400bps_hac@v5.0.0,7040,1.26627e+08,43072364032
NVIDIA RTX PRO 6000 Blackwell Workstation Edition,dna_r10.4.1_e8.2_400bps_hac@v5.0.0,7104,1.2108e+08,43459921408
NVIDIA RTX PRO 6000 Blackwell Workstation Edition,dna_r10.4.1_e8.2_400bps_hac@v5.0.0,7168,1.14538e+08,43897703936
NVIDIA RTX PRO 6000 Blackwell Workstation Edition,dna_r10.4.1_e8.2_400bps_hac@v5.0.0,7232,1.22492e+08,44217936896
NVIDIA RTX PRO 6000 Blackwell Workstation Edition,dna_r10.4.1_e8.2_400bps_hac@v5.0.0,7296,1.17532e+08,44643322368
NVIDIA RTX PRO 6000 Blackwell Workstation Edition,dna_r10.4.1_e8.2_400bps_hac@v5.0.0,7360,1.18728e+08,45033463808
NVIDIA RTX PRO 6000 Blackwell Workstation Edition,dna_r10.4.1_e8.2_400bps_hac@v5.0.0,7424,1.32746e+08,45415367680
NVIDIA RTX PRO 6000 Blackwell Workstation Edition,dna_r10.4.1_e8.2_400bps_hac@v5.0.0,7488,1.2842e+08,45821907968
NVIDIA RTX PRO 6000 Blackwell Workstation Edition,dna_r10.4.1_e8.2_400bps_hac@v5.0.0,7552,1.2903e+08,46200446976
NVIDIA RTX PRO 6000 Blackwell Workstation Edition,dna_r10.4.1_e8.2_400bps_hac@v5.0.0,7616,1.27993e+08,46572354048
NVIDIA RTX PRO 6000 Blackwell Workstation Edition,dna_r10.4.1_e8.2_400bps_hac@v5.0.0,7680,1.23776e+08,46983185920
NVIDIA RTX PRO 6000 Blackwell Workstation Edition,dna_r10.4.1_e8.2_400bps_hac@v5.0.0,7744,1.25959e+08,47368474112
NVIDIA RTX PRO 6000 Blackwell Workstation Edition,dna_r10.4.1_e8.2_400bps_hac@v5.0.0,7808,1.25339e+08,47760506880
NVIDIA RTX PRO 6000 Blackwell Workstation Edition,dna_r10.4.1_e8.2_400bps_hac@v5.0.0,7872,1.25928e+08,48177207296
NVIDIA RTX PRO 6000 Blackwell Workstation Edition,dna_r10.4.1_e8.2_400bps_hac@v5.0.0,7936,1.31133e+08,48551428608
NVIDIA RTX PRO 6000 Blackwell Workstation Edition,dna_r10.4.1_e8.2_400bps_hac@v5.0.0,8000,1.05873e+08,48945117184
NVIDIA RTX PRO 6000 Blackwell Workstation Edition,dna_r10.4.1_e8.2_400bps_hac@v5.0.0,8064,1.06775e+08,49382476800
NVIDIA RTX PRO 6000 Blackwell Workstation Edition,dna_r10.4.1_e8.2_400bps_hac@v5.0.0,8128,1.14597e+08,49516356608
NVIDIA RTX PRO 6000 Blackwell Workstation Edition,dna_r10.4.1_e8.2_400bps_hac@v5.0.0,8192,1.02767e+08,49938914816
NVIDIA RTX PRO 6000 Blackwell Workstation Edition,dna_r10.4.1_e8.2_400bps_hac@v5.0.0,8256,1.17239e+08,50516030464
NVIDIA RTX PRO 6000 Blackwell Workstation Edition,dna_r10.4.1_e8.2_400bps_hac@v5.0.0,8320,1.03219e+08,50754055168
NVIDIA RTX PRO 6000 Blackwell Workstation Edition,dna_r10.4.1_e8.2_400bps_hac@v5.0.0,8384,1.1186e+08,51320444928
NVIDIA RTX PRO 6000 Blackwell Workstation Edition,dna_r10.4.1_e8.2_400bps_hac@v5.0.0,8448,1.03098e+08,51678443520
NVIDIA RTX PRO 6000 Blackwell Workstation Edition,dna_r10.4.1_e8.2_400bps_hac@v5.0.0,8512,1.19303e+08,52042792960
NVIDIA RTX PRO 6000 Blackwell Workstation Edition,dna_r10.4.1_e8.2_400bps_hac@v5.0.0,8576,1.0551e+08,52462814720
NVIDIA RTX PRO 6000 Blackwell Workstation Edition,dna_r10.4.1_e8.2_400bps_hac@v5.0.0,8640,1.12312e+08,52853220864
NVIDIA RTX PRO 6000 Blackwell Workstation Edition,dna_r10.4.1_e8.2_400bps_hac@v5.0.0,8704,1.04588e+08,53236550656
NVIDIA RTX PRO 6000 Blackwell Workstation Edition,dna_r10.4.1_e8.2_400bps_hac@v5.0.0,8768,1.18781e+08,53624735232
NVIDIA RTX PRO 6000 Blackwell Workstation Edition,dna_r10.4.1_e8.2_400bps_hac@v5.0.0,8832,1.08407e+08,54045387264
NVIDIA RTX PRO 6000 Blackwell Workstation Edition,dna_r10.4.1_e8.2_400bps_hac@v5.0.0,8896,1.15935e+08,54427020288
NVIDIA RTX PRO 6000 Blackwell Workstation Edition,dna_r10.4.1_e8.2_400bps_hac@v5.0.0,8960,1.08258e+08,54814976512
NVIDIA RTX PRO 6000 Blackwell Workstation Edition,dna_r10.4.1_e8.2_400bps_hac@v5.0.0,9024,1.27761e+08,55173025280
NVIDIA RTX PRO 6000 Blackwell Workstation Edition,dna_r10.4.1_e8.2_400bps_hac@v5.0.0,9088,1.08889e+08,55517548032
NVIDIA RTX PRO 6000 Blackwell Workstation Edition,dna_r10.4.1_e8.2_400bps_hac@v5.0.0,9152,1.1696e+08,55989378560
NVIDIA RTX PRO 6000 Blackwell Workstation Edition,dna_r10.4.1_e8.2_400bps_hac@v5.0.0,9216,1.08744e+08,56373232128
NVIDIA RTX PRO 6000 Blackwell Workstation Edition,dna_r10.4.1_e8.2_400bps_hac@v5.0.0,9280,1.17649e+08,56766319616
NVIDIA RTX PRO 6000 Blackwell Workstation Edition,dna_r10.4.1_e8.2_400bps_hac@v5.0.0,9344,1.13637e+08,57152273920
NVIDIA RTX PRO 6000 Blackwell Workstation Edition,dna_r10.4.1_e8.2_400bps_hac@v5.0.0,9408,1.14992e+08,57548651520
NVIDIA RTX PRO 6000 Blackwell Workstation Edition,dna_r10.4.1_e8.2_400bps_hac@v5.0.0,9472,1.10494e+08,57772824064
NVIDIA RTX PRO 6000 Blackwell Workstation Edition,dna_r10.4.1_e8.2_400bps_hac@v5.0.0,9536,1.29933e+08,58287076864
NVIDIA RTX PRO 6000 Blackwell Workstation Edition,dna_r10.4.1_e8.2_400bps_hac@v5.0.0,9600,1.15458e+08,58722950144
NVIDIA RTX PRO 6000 Blackwell Workstation Edition,dna_r10.4.1_e8.2_400bps_hac@v5.0.0,9664,1.23697e+08,59068138496
NVIDIA RTX PRO 6000 Blackwell Workstation Edition,dna_r10.4.1_e8.2_400bps_hac@v5.0.0,9728,1.13535e+08,59502326272
NVIDIA RTX PRO 6000 Blackwell Workstation Edition,dna_r10.4.1_e8.2_400bps_hac@v5.0.0,9792,1.33512e+08,59676484608
NVIDIA RTX PRO 6000 Blackwell Workstation Edition,dna_r10.4.1_e8.2_400bps_hac@v5.0.0,9856,1.18794e+08,60284697088
NVIDIA RTX PRO 6000 Blackwell Workstation Edition,dna_r10.4.1_e8.2_400bps_hac@v5.0.0,9920,1.30759e+08,60743344128
NVIDIA RTX PRO 6000 Blackwell Workstation Edition,dna_r10.4.1_e8.2_400bps_hac@v5.0.0,9984,1.16882e+08,61060435968
NVIDIA RTX PRO 6000 Blackwell Workstation Edition,dna_r10.4.1_e8.2_400bps_hac@v5.0.0,10048,1.21104e+08,61330351104
NVIDIA RTX PRO 6000 Blackwell Workstation Edition,dna_r10.4.1_e8.2_400bps_hac@v5.0.0,10112,1.21168e+08,61814010880
NVIDIA RTX PRO 6000 Blackwell Workstation Edition,dna_r10.4.1_e8.2_400bps_hac@v5.0.0,10176,1.13325e+08,62202088960
NVIDIA RTX PRO 6000 Blackwell Workstation Edition,dna_r10.4.1_e8.2_400bps_hac@v5.0.0,10240,1.19989e+08,62634333696
NVIDIA RTX PRO 6000 Blackwell Workstation Edition,dna_r10.4.1_e8.2_400bps_hac@v5.2.0,64,7.2682e+06,418998272
NVIDIA RTX PRO 6000 Blackwell Workstation Edition,dna_r10.4.1_e8.2_400bps_hac@v5.2.0,128,1.33622e+07,810174976
NVIDIA RTX PRO 6000 Blackwell Workstation Edition,dna_r10.4.1_e8.2_400bps_hac@v5.2.0,192,1.94264e+07,1200701440
NVIDIA RTX PRO 6000 Blackwell Workstation Edition,dna_r10.4.1_e8.2_400bps_hac@v5.2.0,256,2.57061e+07,1587616768
NVIDIA RTX PRO 6000 Blackwell Workstation Edition,dna_r10.4.1_e8.2_400bps_hac@v5.2.0,320,3.11755e+07,1978068992
NVIDIA RTX PRO 6000 Blackwell Workstation Edition,dna_r10.4.1_e8.2_400bps_hac@v5.2.0,384,3.73912e+07,2383030272
NVIDIA RTX PRO 6000 Blackwell Workstation Edition,dna_r10.4.1_e8.2_400bps_hac@v5.2.0,448,4.26938e+07,2774536192
NVIDIA RTX PRO 6000 Blackwell Workstation Edition,dna_r10.4.1_e8.2_400bps_hac@v5.2.0,512,4.77667e+07,3151346688
NVIDIA RTX PRO 6000 Blackwell Workstation Edition,dna_r10.4.1_e8.2_400bps_hac@v5.2.0,576,4.63105e+07,3540457984
NVIDIA RTX PRO 6000 Blackwell Workstation Edition,dna_r10.4.1_e8.2_400bps_hac@v5.2.0,640,5.07565e+07,3931642368
NVIDIA RTX PRO 6000 Blackwell Workstation Edition,dna_r10.4.1_e8.2_400bps_hac@v5.2.0,704,5.51116e+07,4322243072
NVIDIA RTX PRO 6000 Blackwell Workstation Edition,dna_r10.4.1_e8.2_400bps_hac@v5.2.0,768,5.78046e+07,4710225408
NVIDIA RTX PRO 6000 Blackwell Workstation Edition,dna_r10.4.1_e8.2_400bps_hac@v5.2.0,832,6.18054e+07,5101709824
NVIDIA RTX PRO 6000 Blackwell Workstation Edition,dna_r10.4.1_e8.2_400bps_hac@v5.2.0,896,6.56733e+07,5486420480
NVIDIA RTX PRO 6000 Blackwell Workstation Edition,dna_r10.4.1_e8.2_400bps_hac@v5.2.0,960,6.93432e+07,5912229888
NVIDIA RTX PRO 6000 Blackwell Workstation Edition,dna_r10.4.1_e8.2_400bps_hac@v5.2.0,1024,5.45887e+07,6292103168
NVIDIA RTX PRO 6000 Blackwell Workstation Edition,dna_r10.4.1_e8.2_400bps_hac@v5.2.0,1088,5.4874e+07,6698179072
NVIDIA RTX PRO 6000 Blackwell Workstation Edition,dna_r10.4.1_e8.2_400bps_hac@v5.2.0,1152,5.69642e+07,7069785600
NVIDIA RTX PRO 6000 Blackwell Workstation Edition,dna_r10.4.1_e8.2_400bps_hac@v5.2.0,1216,6.0067e+07,7444275712
NVIDIA RTX PRO 6000 Blackwell Workstation Edition,dna_r10.4.1_e8.2_400bps_hac@v5.2.0,1280,6.1951e+07,7855089152
NVIDIA RTX PRO 6000 Blackwell Workstation Edition,dna_r10.4.1_e8.2_400bps_hac@v5.2.0,1344,6.49132e+07,8266549248
NVIDIA RTX PRO 6000 Blackwell Workstation Edition,dna_r10.4.1_e8.2_400bps_hac@v5.2.0,1408,6.8087e+07,8650472960
NVIDIA RTX PRO 6000 Blackwell Workstation Edition,dna_r10.4.1_e8.2_400bps_hac@v5.2.0,1472,6.97224e+07,9031667200
NVIDIA RTX PRO 6000 Blackwell Workstation Edition,dna_r10.4.1_e8.2_400bps_hac@v5.2.0,1536,7.25983e+07,9393324544
NVIDIA RTX PRO 6000 Blackwell Workstation Edition,dna_r10.4.1_e8.2_400bps_hac@v5.2.0,1600,7.25219e+07,9841340416
NVIDIA RTX PRO 6000 Blackwell Workstation Edition,dna_r10.4.1_e8.2_400bps_hac@v5.2.0,1664,7.54358e+07,10168486400
NVIDIA RTX PRO 6000 Blackwell Workstation Edition,dna_r10.4.1_e8.2_400bps_hac@v5.2.0,1728,7.66143e+07,10600745472
NVIDIA RTX PRO 6000 Blackwell Workstation Edition,dna_r10.4.1_e8.2_400bps_hac@v5.2.0,1792,7.93555e+07,11022486528
NVIDIA RTX PRO 6000 Blackwell Workstation Edition,dna_r10.4.1_e8.2_400bps_hac@v5.2.0,1856,8.22251e+07,11356942848
NVIDIA RTX PRO 6000 Blackwell Workstation Edition,dna_r10.4.1_e8.2_400bps_hac@v5.2.0,1920,8.47351e+07,11772750336
NVIDIA RTX PRO 6000 Blackwell Workstation Edition,dna_r10.4.1_e8.2_400bps_hac@v5.2.0,1984,8.58627e+07,12189684736
NVIDIA RTX PRO 6000 Blackwell Workstation Edition,dna_r10.4.1_e8.2_400bps_hac@v5.2.0,2048,7.19468e+07,12566749696
NVIDIA RTX PRO 6000 Blackwell Workstation Edition,dna_r10.4.1_e8.2_400bps_hac@v5.2.0,2112,7.114e+07,12949411840
NVIDIA RTX PRO 6000 Blackwell Workstation Edition,dna_r10.4.1_e8.2_400bps_hac@v5.2.0,2176,7.27698e+07,13333984256
NVIDIA RTX PRO 6000 Blackwell Workstation Edition,dna_r10.4.1_e8.2_400bps_hac@v5.2.0,2240,7.45796e+07,13727329280
NVIDIA RTX PRO 6000 Blackwell Workstation Edition,dna_r10.4.1_e8.2_400bps_hac@v5.2.0,2304,7.66035e+07,14114979328
NVIDIA RTX PRO 6000 Blackwell Workstation Edition,dna_r10.4.1_e8.2_400bps_hac@v5.2.0,2368,7.65071e+07,14514502144
NVIDIA RTX PRO 6000 Blackwell Workstation Edition,dna_r10.4.1_e8.2_400bps_hac@v5.2.0,2432,7.82659e+07,14907020288
NVIDIA RTX PRO 6000 Blackwell Workstation Edition,dna_r10.4.1_e8.2_400bps_hac@v5.2.0,2496,7.58795e+07,15305247232
NVIDIA RTX PRO 6000 Blackwell Workstation Edition,dna_r10.4.1_e8.2_400bps_hac@v5.2.0,2560,8.25369e+07,15683659264
NVIDIA RTX PRO 6000 Blackwell Workstation Edition,dna_r10.4.1_e8.2_400bps_hac@v5.2.0,2624,7.97946e+07,16076640256
NVIDIA RTX PRO 6000 Blackwell Workstation Edition,dna_r10.4.1_e8.2_400bps_hac@v5.2.0,2688,8.42493e+07,16469443584
NVIDIA RTX PRO 6000 Blackwell Workstation Edition,dna_r10.4.1_e8.2_400bps_hac@v5.2.0,2752,8.35005e+07,16864157696
NVIDIA RTX PRO 6000 Blackwell Workstation Edition,dna_r10.4.1_e8.2_400bps_hac@v5.2.0,2816,8.80879e+07,17256843776
NVIDIA RTX PRO 6000 Blackwell Workstation Edition,dna_r10.4.1_e8.2_400bps_hac@v5.2.0,2880,8.73802e+07,17642365952
NVIDIA RTX PRO 6000 Blackwell Workstation Edition,dna_r10.4.1_e8.2_400bps_hac@v5.2.0,2944,9.20847e+07,18033716736
NVIDIA RTX PRO 6000 Blackwell Workstation Edition,dna_r10.4.1_e8.2_400bps_hac@v5.2.0,3008,8.82643e+07,18429820416
NVIDIA RTX PRO 6000 Blackwell Workstation Edition,dna_r10.4.1_e8.2_400bps_hac@v5.2.0,3072,9.25354e+07,18819205632
NVIDIA RTX PRO 6000 Blackwell Workstation Edition,dna_r10.4.1_e8.2_400bps_hac@v5.2.0,3136,9.19887e+07,19199715840
NVIDIA RTX PRO 6000 Blackwell Workstation Edition,dna_r10.4.1_e8.2_400bps_hac@v5.2.0,3200,9.66651e+07,19604180992
NVIDIA RTX PRO 6000 Blackwell Workstation Edition,dna_r10.4.1_e8.2_400bps_hac@v5.2.0,3264,9.56119e+07,19999669248
NVIDIA RTX PRO 6000 Blackwell Workstation Edition,dna_r10.4.1_e8.2_400bps_hac@v5.2.0,3328,1.00613e+08,20379402752
NVIDIA RTX PRO 6000 Blackwell Workstation Edition,dna_r10.4.1_e8.2_400bps_hac@v5.2.0,3392,9.6018e+07,20790999552
NVIDIA RTX PRO 6000 Blackwell Workstation Edition,dna_r10.4.1_e8.2_400bps_hac@v5.2.0,3456,1.04526e+08,21166320128
NVIDIA RTX PRO 6000 Blackwell Workstation Edition,dna_r10.4.1_e8.2_400bps_hac@v5.2.0,3520,9.95109e+07,21515284992
NVIDIA RTX PRO 6000 Blackwell Workstation Edition,dna_r10.4.1_e8.2_400bps_hac@v5.2.0,3584,1.07791e+08,21851696640
NVIDIA RTX PRO 6000 Blackwell Workstation Edition,dna_r10.4.1_e8.2_400bps_hac@v5.2.0,3648,1.02682e+08,22256315392
NVIDIA RTX PRO 6000 Blackwell Workstation Edition,dna_r10.4.1_e8.2_400bps_hac@v5.2.0,3712,1.0782e+08,22754184704
NVIDIA RTX PRO 6000 Blackwell Workstation Edition,dna_r10.4.1_e8.2_400bps_hac@v5.2.0,3776,1.05779e+08,23127176704
NVIDIA RTX PRO 6000 Blackwell Workstation Edition,dna_r10.4.1_e8.2_400bps_hac@v5.2.0,3840,1.11611e+08,23508215808
NVIDIA RTX PRO 6000 Blackwell Workstation Edition,dna_r10.4.1_e8.2_400bps_hac@v5.2.0,3904,1.06203e+08,23902872064
NVIDIA RTX PRO 6000 Blackwell Workstation Edition,dna_r10.4.1_e8.2_400bps_hac@v5.2.0,3968,1.1167e+08,24293555712
NVIDIA RTX PRO 6000 Blackwell Workstation Edition,dna_r10.4.1_e8.2_400bps_hac@v5.2.0,4032,8.60746e+07,24700192768
NVIDIA RTX PRO 6000 Blackwell Workstation Edition,dna_r10.4.1_e8.2_400bps_hac@v5.2.0,4096,8.27633e+07,25093253632
NVIDIA RTX PRO 6000 Blackwell Workstation Edition,dna_r10.4.1_e8.2_400bps_hac@v5.2.0,4160,8.47486e+07,25477612032
NVIDIA RTX PRO 6000 Blackwell Workstation Edition,dna_r10.4.1_e8.2_400bps_hac@v5.2.0,4224,8.58609e+07,25867683328
NVIDIA RTX PRO 6000 Blackwell Workstation Edition,dna_r10.4.1_e8.2_400bps_hac@v5.2.0,4288,8.7079e+07,26266142720
NVIDIA RTX PRO 6000 Blackwell Workstation Edition,dna_r10.4.1_e8.2_400bps_hac@v5.2.0,4352,8.84336e+07,26643488256
NVIDIA RTX PRO 6000 Blackwell Workstation Edition,dna_r10.4.1_e8.2_400bps_hac@v5.2.0,4416,8.56746e+07,27047287296
NVIDIA RTX PRO 6000 Blackwell Workstation Edition,dna_r10.4.1_e8.2_400bps_hac@v5.2.0,4480,8.68415e+07,27430650880
NVIDIA RTX PRO 6000 Blackwell Workstation Edition,dna_r10.4.1_e8.2_400bps_hac@v5.2.0,4544,8.81029e+07,27818059776
NVIDIA RTX PRO 6000 Blackwell Workstation Edition,dna_r10.4.1_e8.2_400bps_hac@v5.2.0,4608,8.90489e+07,28204898816
NVIDIA RTX PRO 6000 Blackwell Workstation Edition,dna_r10.4.1_e8.2_400bps_hac@v5.2.0,4672,9.04633e+07,28595781120
NVIDIA RTX PRO 6000 Blackwell Workstation Edition,dna_r10.4.1_e8.2_400bps_hac@v5.2.0,4736,9.16795e+07,29006001152
NVIDIA RTX PRO 6000 Blackwell Workstation Edition,dna_r10.4.1_e8.2_400bps_hac@v5.2.0,4800,9.27184e+07,29387550720
NVIDIA RTX PRO 6000 Blackwell Workstation Edition,dna_r10.4.1_e8.2_400bps_hac@v5.2.0,4864,9.30346e+07,29781030400
NVIDIA RTX PRO 6000 Blackwell Workstation Edition,dna_r10.4.1_e8.2_400bps_hac@v5.2.0,4928,9.52249e+07,30049326080
NVIDIA RTX PRO 6000 Blackwell Workstation Edition,dna_r10.4.1_e8.2_400bps_hac@v5.2.0,4992,8.69437e+07,30461793280
NVIDIA RTX PRO 6000 Blackwell Workstation Edition,dna_r10.4.1_e8.2_400bps_hac@v5.2.0,5056,8.78049e+07,30865574912
NVIDIA RTX PRO 6000 Blackwell Workstation Edition,dna_r10.4.1_e8.2_400bps_hac@v5.2.0,5120,8.80752e+07,31260672512
NVIDIA RTX PRO 6000 Blackwell Workstation Edition,dna_r10.4.1_e8.2_400bps_hac@v5.2.0,5184,9.51345e+07,31612062208
NVIDIA RTX PRO 6000 Blackwell Workstation Edition,dna_r10.4.1_e8.2_400bps_hac@v5.2.0,5248,8.10999e+07,32003638784
NVIDIA RTX PRO 6000 Blackwell Workstation Edition,dna_r10.4.1_e8.2_400bps_hac@v5.2.0,5312,9.71987e+07,32384902144
NVIDIA RTX PRO 6000 Blackwell Workstation Edition,dna_r10.4.1_e8.2_400bps_hac@v5.2.0,5376,8.20461e+07,32915478016
NVIDIA RTX PRO 6000 Blackwell Workstation Edition,dna_r10.4.1_e8.2_400bps_hac@v5.2.0,5440,9.90954e+07,33299117056
NVIDIA RTX PRO 6000 Blackwell Workstation Edition,dna_r10.4.1_e8.2_400bps_hac@v5.2.0,5504,8.50574e+07,33744634880
NVIDIA RTX PRO 6000 Blackwell Workstation Edition,dna_r10.4.1_e8.2_400bps_hac@v5.2.0,5568,1.01958e+08,34103061504
NVIDIA RTX PRO 6000 Blackwell Workstation Edition,dna_r10.4.1_e8.2_400bps_hac@v5.2.0,5632,9.17873e+07,34486742016
NVIDIA RTX PRO 6000 Blackwell Workstation Edition,dna_r10.4.1_e8.2_400bps_hac@v5.2.0,5696,1.0416e+08,34907583488
NVIDIA RTX PRO 6000 Blackwell Workstation Edition,dna_r10.4.1_e8.2_400bps_hac@v5.2.0,5760,8.89104e+07,35134604800
NVIDIA RTX PRO 6000 Blackwell Workstation Edition,dna_r10.4.1_e8.2_400bps_hac@v5.2.0,5824,1.06478e+08,35649758720
NVIDIA RTX PRO 6000 Blackwell Workstation Edition,dna_r10.4.1_e8.2_400bps_hac@v5.2.0,5888,9.07989e+07,36036221440
NVIDIA RTX PRO 6000 Blackwell Workstation Edition,dna_r10.4.1_e8.2_400bps_hac@v5.2.0,5952,1.03235e+08,36423302144
NVIDIA RTX PRO 6000 Blackwell Workstation Edition,dna_r10.4.1_e8.2_400bps_hac@v5.2.0,6016,8.67774e+07,36839198720
NVIDIA RTX PRO 6000 Blackwell Workstation Edition,dna_r10.4.1_e8.2_400bps_hac@v5.2.0,6080,8.34217e+07,37209752064
NVIDIA RTX PRO 6000 Blackwell Workstation Edition,dna_r10.4.1_e8.2_400bps_hac@v5.2.0,6144,9.28756e+07,37627219968
NVIDIA RTX PRO 6000 Blackwell Workstation Edition,dna_r10.4.1_e8.2_400bps_hac@v5.2.0,6208,8.94998e+07,37986133504
NVIDIA RTX PRO 6000 Blackwell Workstation Edition,dna_r10.4.1_e8.2_400bps_hac@v5.2.0,6272,9.52893e+07,38370363904
NVIDIA RTX PRO 6000 Blackwell Workstation Edition,dna_r10.4.1_e8.2_400bps_hac@v5.2.0,6336,9.007e+07,38624158720
NVIDIA RTX PRO 6000 Blackwell Workstation Edition,dna_r10.4.1_e8.2_400bps_hac@v5.2.0,6400,9.82233e+07,39026825216
NVIDIA RTX PRO 6000 Blackwell Workstation Edition,dna_r10.4.1_e8.2_400bps_hac@v5.2.0,6464,9.30302e+07,39415032832
NVIDIA RTX PRO 6000 Blackwell Workstation Edition,dna_r10.4.1_e8.2_400bps_hac@v5.2.0,6528,9.40919e+07,39945298944
NVIDIA RTX PRO 6000 Blackwell Workstation Edition,dna_r10.4.1_e8.2_400bps_hac@v5.2.0,6592,9.46237e+07,40380049920
NVIDIA RTX PRO 6000 Blackwell Workstation Edition,dna_r10.4.1_e8.2_400bps_hac@v5.2.0,6656,1.01456e+08,40747065856
NVIDIA RTX PRO 6000 Blackwell Workstation Edition,dna_r10.4.1_e8.2_400bps_hac@v5.2.0,6720,9.03956e+07,41136947712
NVIDIA RTX PRO 6000 Blackwell Workstation Edition,dna_r10.4.1_e8.2_400bps_hac@v5.2.0,6784,9.1095e+07,41578117632
NVIDIA RTX PRO 6000 Blackwell Workstation Edition,dna_r10.4.1_e8.2_400bps_hac@v5.2.0,6848,8.90946e+07,41913839104
NVIDIA RTX PRO 6000 Blackwell Workstation Edition,dna_r10.4.1_e8.2_400bps_hac@v5.2.0,6912,1.04077e+08,42308597248
NVIDIA RTX PRO 6000 Blackwell Workstation Edition,dna_r10.4.1_e8.2_400bps_hac@v5.2.0,6976,9.32809e+07,42689953792
NVIDIA RTX PRO 6000 Blackwell Workstation Edition,dna_r10.4.1_e8.2_400bps_hac@v5.2.0,7040,9.37461e+07,43105894400
NVIDIA RTX PRO 6000 Blackwell Workstation Edition,dna_r10.4.1_e8.2_400bps_hac@v5.2.0,7104,9.44164e+07,43426441728
NVIDIA RTX PRO 6000 Blackwell Workstation Edition,dna_r10.4.1_e8.2_400bps_hac@v5.2.0,7168,9.79411e+07,43856897024
NVIDIA RTX PRO 6000 Blackwell Workstation Edition,dna_r10.4.1_e8.2_400bps_hac@v5.2.0,7232,1.02196e+08,44270123520
NVIDIA RTX PRO 6000 Blackwell Workstation Edition,dna_r10.4.1_e8.2_400bps_hac@v5.2.0,7296,1.03075e+08,44650324480
NVIDIA RTX PRO 6000 Blackwell Workstation Edition,dna_r10.4.1_e8.2_400bps_hac@v5.2.0,7360,9.7552e+07,45061192704
NVIDIA RTX PRO 6000 Blackwell Workstation Edition,dna_r10.4.1_e8.2_400bps_hac@v5.2.0,7424,1.11175e+08,45384355840
NVIDIA RTX PRO 6000 Blackwell Workstation Edition,dna_r10.4.1_e8.2_400bps_hac@v5.2.0,7488,9.89679e+07,45626807296
NVIDIA RTX PRO 6000 Blackwell Workstation Edition,dna_r10.4.1_e8.2_400bps_hac@v5.2.0,7552,9.99248e+07,46023182336
NVIDIA RTX PRO 6000 Blackwell Workstation Edition,dna_r10.4.1_e8.2_400bps_hac@v5.2.0,7616,1.01441e+08,46425850880
NVIDIA RTX PRO 6000 Blackwell Workstation Edition,dna_r10.4.1_e8.2_400bps_hac@v5.2.0,7680,1.07581e+08,47021439488
NVIDIA RTX PRO 6000 Blackwell Workstation Edition,dna_r10.4.1_e8.2_400bps_hac@v5.2.0,7744,1.01166e+08,47201825792
NVIDIA RTX PRO 6000 Blackwell Workstation Edition,dna_r10.4.1_e8.2_400bps_hac@v5.2.0,7808,1.09787e+08,47628892160
NVIDIA RTX PRO 6000 Blackwell Workstation Edition,dna_r10.4.1_e8.2_400bps_hac@v5.2.0,7872,9.6428e+07,48174492160
NVIDIA RTX PRO 6000 Blackwell Workstation Edition,dna_r10.4.1_e8.2_400bps_hac@v5.2.0,7936,1.08791e+08,48396657664
NVIDIA RTX PRO 6000 Blackwell Workstation Edition,dna_r10.4.1_e8.2_400bps_hac@v5.2.0,8000,9.12397e+07,49006109184
NVIDIA RTX PRO 6000 Blackwell Workstation Edition,dna_r10.4.1_e8.2_400bps_hac@v5.2.0,8064,7.73351e+07,49150150656
NVIDIA RTX PRO 6000 Blackwell Workstation Edition,dna_r10.4.1_e8.2_400bps_hac@v5.2.0,8128,9.2742e+07,49733509632
NVIDIA RTX PRO 6000 Blackwell Workstation Edition,dna_r10.4.1_e8.2_400bps_hac@v5.2.0,8192,7.45273e+07,50097094656
NVIDIA RTX PRO 6000 Blackwell Workstation Edition,dna_r10.4.1_e8.2_400bps_hac@v5.2.0,8256,9.21051e+07,50522725376
NVIDIA RTX PRO 6000 Blackwell Workstation Edition,dna_r10.4.1_e8.2_400bps_hac@v5.2.0,8320,7.96348e+07,50922720256
NVIDIA RTX PRO 6000 Blackwell Workstation Edition,dna_r10.4.1_e8.2_400bps_hac@v5.2.0,8384,8.61991e+07,51300983296
NVIDIA RTX PRO 6000 Blackwell Workstation Edition,dna_r10.4.1_e8.2_400bps_hac@v5.2.0,8448,8.68161e+07,51741712896
NVIDIA RTX PRO 6000 Blackwell Workstation Edition,dna_r10.4.1_e8.2_400bps_hac@v5.2.0,8512,8.93504e+07,51889132544
NVIDIA RTX PRO 6000 Blackwell Workstation Edition,dna_r10.4.1_e8.2_400bps_hac@v5.2.0,8576,8.79846e+07,52256147456
NVIDIA RTX PRO 6000 Blackwell Workstation Edition,dna_r10.4.1_e8.2_400bps_hac@v5.2.0,8640,8.96874e+07,52860204544
NVIDIA RTX PRO 6000 Blackwell Workstation Edition,dna_r10.4.1_e8.2_400bps_hac@v5.2.0,8704,8.26302e+07,53244068352
NVIDIA RTX PRO 6000 Blackwell Workstation Edition,dna_r10.4.1_e8.2_400bps_hac@v5.2.0,8768,8.9931e+07,53632037376
NVIDIA RTX PRO 6000 Blackwell Workstation Edition,dna_r10.4.1_e8.2_400bps_hac@v5.2.0,8832,8.65943e+07,54006931456
NVIDIA RTX PRO 6000 Blackwell Workstation Edition,dna_r10.4.1_e8.2_400bps_hac@v5.2.0,8896,9.1852e+07,54434959360
NVIDIA RTX PRO 6000 Blackwell Workstation Edition,dna_r10.4.1_e8.2_400bps_hac@v5.2.0,8960,7.72335e+07,54822853632
NVIDIA RTX PRO 6000 Blackwell Workstation Edition,dna_r10.4.1_e8.2_400bps_hac@v5.2.0,9024,9.42204e+07,55213760000
NVIDIA RTX PRO 6000 Blackwell Workstation Edition,dna_r10.4.1_e8.2_400bps_hac@v5.2.0,9088,9.05471e+07,55594655232
NVIDIA RTX PRO 6000 Blackwell Workstation Edition,dna_r10.4.1_e8.2_400bps_hac@v5.2.0,9152,9.47378e+07,56014813696
NVIDIA RTX PRO 6000 Blackwell Workstation Edition,dna_r10.4.1_e8.2_400bps_hac@v5.2.0,9216,8.51046e+07,56170123776
NVIDIA RTX PRO 6000 Blackwell Workstation Edition,dna_r10.4.1_e8.2_400bps_hac@v5.2.0,9280,9.51968e+07,56773419520
NVIDIA RTX PRO 6000 Blackwell Workstation Edition,dna_r10.4.1_e8.2_400bps_hac@v5.2.0,9344,8.70415e+07,57182581248
NVIDIA RTX PRO 6000 Blackwell Workstation Edition,dna_r10.4.1_e8.2_400bps_hac@v5.2.0,9408,9.60855e+07,57555392000
NVIDIA RTX PRO 6000 Blackwell Workstation Edition,dna_r10.4.1_e8.2_400bps_hac@v5.2.0,9472,9.16939e+07,57947303936
NVIDIA RTX PRO 6000 Blackwell Workstation Edition,dna_r10.4.1_e8.2_400bps_hac@v5.2.0,9536,9.81713e+07,58341778432
NVIDIA RTX PRO 6000 Blackwell Workstation Edition,dna_r10.4.1_e8.2_400bps_hac@v5.2.0,9600,9.08744e+07,58730831360
NVIDIA RTX PRO 6000 Blackwell Workstation Edition,dna_r10.4.1_e8.2_400bps_hac@v5.2.0,9664,9.11666e+07,59155196416
NVIDIA RTX PRO 6000 Blackwell Workstation Edition,dna_r10.4.1_e8.2_400bps_hac@v5.2.0,9728,9.13324e+07,59285676544
NVIDIA RTX PRO 6000 Blackwell Workstation Edition,dna_r10.4.1_e8.2_400bps_hac@v5.2.0,9792,1.00342e+08,59908479488
NVIDIA RTX PRO 6000 Blackwell Workstation Edition,dna_r10.4.1_e8.2_400bps_hac@v5.2.0,9856,9.23378e+07,60183064576
NVIDIA RTX PRO 6000 Blackwell Workstation Edition,dna_r10.4.1_e8.2_400bps_hac@v5.2.0,9920,1.01349e+08,60634581504
NVIDIA RTX PRO 6000 Blackwell Workstation Edition,dna_r10.4.1_e8.2_400bps_hac@v5.2.0,9984,9.27343e+07,61043275776
NVIDIA RTX PRO 6000 Blackwell Workstation Edition,dna_r10.4.1_e8.2_400bps_hac@v5.2.0,10048,8.48256e+07,61558400512
NVIDIA RTX PRO 6000 Blackwell Workstation Edition,dna_r10.4.1_e8.2_400bps_hac@v5.2.0,10112,9.38699e+07,61873684992
NVIDIA RTX PRO 6000 Blackwell Workstation Edition,dna_r10.4.1_e8.2_400bps_hac@v5.2.0,10176,9.44569e+07,62061260288
NVIDIA RTX PRO 6000 Blackwell Workstation Edition,dna_r10.4.1_e8.2_400bps_hac@v5.2.0,10240,9.2227e+07,62641636352
NVIDIA RTX PRO 6000 Blackwell Workstation Edition,dna_r10.4.1_e8.2_400bps_sup@v4.3.0,64,1.08695e+06,1584813056
NVIDIA RTX PRO 6000 Blackwell Workstation Edition,dna_r10.4.1_e8.2_400bps_sup@v4.3.0,128,2.17306e+06,3026612224
NVIDIA RTX PRO 6000 Blackwell Workstation Edition,dna_r10.4.1_e8.2_400bps_sup@v4.3.0,192,3.25516e+06,4474808832
NVIDIA RTX PRO 6000 Blackwell Workstation Edition,dna_r10.4.1_e8.2_400bps_sup@v4.3.0,256,4.33674e+06,5913958912
NVIDIA RTX PRO 6000 Blackwell Workstation Edition,dna_r10.4.1_e8.2_400bps_sup@v4.3.0,320,5.41951e+06,7354812416
NVIDIA RTX PRO 6000 Blackwell Workstation Edition,dna_r10.4.1_e8.2_400bps_sup@v4.3.0,384,6.49729e+06,8795024384
NVIDIA RTX PRO 6000 Blackwell Workstation Edition,dna_r10.4.1_e8.2_400bps_sup@v4.3.0,448,7.56922e+06,10236755456
NVIDIA RTX PRO 6000 Blackwell Workstation Edition,dna_r10.4.1_e8.2_400bps_sup@v4.3.0,512,8.65252e+06,11682442752
NVIDIA RTX PRO 6000 Blackwell Workstation Edition,dna_r10.4.1_e8.2_400bps_sup@v4.3.0,576,9.71203e+06,13122704384
NVIDIA RTX PRO 6000 Blackwell Workstation Edition,dna_r10.4.1_e8.2_400bps_sup@v4.3.0,640,1.07725e+07,14564678144
NVIDIA RTX PRO 6000 Blackwell Workstation Edition,dna_r10.4.1_e8.2_400bps_sup@v4.3.0,704,1.12112e+07,16008985600
NVIDIA RTX PRO 6000 Blackwell Workstation Edition,dna_r10.4.1_e8.2_400bps_sup@v4.3.0,768,1.22128e+07,17452637184
NVIDIA RTX PRO 6000 Blackwell Workstation Edition,dna_r10.4.1_e8.2_400bps_sup@v4.3.0,832,1.32057e+07,18893082112
NVIDIA RTX PRO 6000 Blackwell Workstation Edition,dna_r10.4.1_e8.2_400bps_sup@v4.3.0,896,1.42327e+07,20334881792
NVIDIA RTX PRO 6000 Blackwell Workstation Edition,dna_r10.4.1_e8.2_400bps_sup@v4.3.0,960,1.52266e+07,21774843904
NVIDIA RTX PRO 6000 Blackwell Workstation Edition,dna_r10.4.1_e8.2_400bps_sup@v4.3.0,1024,1.62007e+07,23220677632
NVIDIA RTX PRO 6000 Blackwell Workstation Edition,dna_r10.4.1_e8.2_400bps_sup@v4.3.0,1088,1.62059e+07,24677774848
NVIDIA RTX PRO 6000 Blackwell Workstation Edition,dna_r10.4.1_e8.2_400bps_sup@v4.3.0,1152,1.70935e+07,26123344896
NVIDIA RTX PRO 6000 Blackwell Workstation Edition,dna_r10.4.1_e8.2_400bps_sup@v4.3.0,1216,1.80549e+07,27546142208
NVIDIA RTX PRO 6000 Blackwell Workstation Edition,dna_r10.4.1_e8.2_400bps_sup@v4.3.0,1280,1.88397e+07,29008718336
NVIDIA RTX PRO 6000 Blackwell Workstation Edition,dna_r10.4.1_e8.2_400bps_sup@v4.3.0,1344,1.99372e+07,30426826752
NVIDIA RTX PRO 6000 Blackwell Workstation Edition,dna_r10.4.1_e8.2_400bps_sup@v4.3.0,1408,2.08868e+07,31899493376
NVIDIA RTX PRO 6000 Blackwell Workstation Edition,dna_r10.4.1_e8.2_400bps_sup@v4.3.0,1472,2.17913e+07,33340920320
NVIDIA RTX PRO 6000 Blackwell Workstation Edition,dna_r10.4.1_e8.2_400bps_sup@v4.3.0,1536,1.81847e+07,34781703680
NVIDIA RTX PRO 6000 Blackwell Workstation Edition,dna_r10.4.1_e8.2_400bps_sup@v4.3.0,1600,1.89336e+07,36228216832
NVIDIA RTX PRO 6000 Blackwell Workstation Edition,dna_r10.4.1_e8.2_400bps_sup@v4.3.0,1664,1.96662e+07,37668098560
NVIDIA RTX PRO 6000 Blackwell Workstation Edition,dna_r10.4.1_e8.2_400bps_sup@v4.3.0,1728,1.88505e+07,39144020992
NVIDIA RTX PRO 6000 Blackwell Workstation Edition,dna_r10.4.1_e8.2_400bps_sup@v4.3.0,1792,1.95168e+07,40565163008
NVIDIA RTX PRO 6000 Blackwell Workstation Edition,dna_r10.4.1_e8.2_400bps_sup@v4.3.0,1856,2.01724e+07,41998014976
NVIDIA RTX PRO 6000 Blackwell Workstation Edition,dna_r10.4.1_e8.2_400bps_sup@v4.3.0,1920,2.08574e+07,43442814464
NVIDIA RTX PRO 6000 Blackwell Workstation Edition,dna_r10.4.1_e8.2_400bps_sup@v4.3.0,1984,2.14682e+07,44883783168
NVIDIA RTX PRO 6000 Blackwell Workstation Edition,dna_r10.4.1_e8.2_400bps_sup@v4.3.0,2048,2.00986e+07,46334363648
NVIDIA RTX PRO 6000 Blackwell Workstation Edition,dna_r10.4.1_e8.2_400bps_sup@v4.3.0,2112,2.08294e+07,47776183296
NVIDIA RTX PRO 6000 Blackwell Workstation Edition,dna_r10.4.1_e8.2_400bps_sup@v4.3.0,2176,2.14159e+07,49213667328
NVIDIA RTX PRO 6000 Blackwell Workstation Edition,dna_r10.4.1_e8.2_400bps_sup@v4.3.0,2240,2.20362e+07,50659015168
NVIDIA RTX PRO 6000 Blackwell Workstation Edition,dna_r10.4.1_e8.2_400bps_sup@v4.3.0,2304,2.04334e+07,52058588672
NVIDIA RTX PRO 6000 Blackwell Workstation Edition,dna_r10.4.1_e8.2_400bps_sup@v4.3.0,2368,2.09863e+07,53550186496
NVIDIA RTX PRO 6000 Blackwell Workstation Edition,dna_r10.4.1_e8.2_400bps_sup@v4.3.0,2432,2.14596e+07,54993252864
NVIDIA RTX PRO 6000 Blackwell Workstation Edition,dna_r10.4.1_e8.2_400bps_sup@v4.3.0,2496,2.20171e+07,56429088256
NVIDIA RTX PRO 6000 Blackwell Workstation Edition,dna_r10.4.1_e8.2_400bps_sup@v4.3.0,2560,2.02307e+07,57873836032
NVIDIA RTX PRO 6000 Blackwell Workstation Edition,dna_r10.4.1_e8.2_400bps_sup@v4.3.0,2624,2.07778e+07,59321447936
NVIDIA RTX PRO 6000 Blackwell Workstation Edition,dna_r10.4.1_e8.2_400bps_sup@v4.3.0,2688,2.12546e+07,60765846528
NVIDIA RTX PRO 6000 Blackwell Workstation Edition,dna_r10.4.1_e8.2_400bps_sup@v4.3.0,2752,2.16315e+07,62160751616
NVIDIA RTX PRO 6000 Blackwell Workstation Edition,dna_r10.4.1_e8.2_400bps_sup@v4.3.0,2816,2.20464e+07,63595175424
NVIDIA RTX PRO 6000 Blackwell Workstation Edition,dna_r10.4.1_e8.2_400bps_sup@v4.3.0,2880,2.24756e+07,65018567680
NVIDIA RTX PRO 6000 Blackwell Workstation Edition,dna_r10.4.1_e8.2_400bps_sup@v4.3.0,2944,2.03896e+07,66555343360
NVIDIA RTX PRO 6000 Blackwell Workstation Edition,dna_r10.4.1_e8.2_400bps_sup@v4.3.0,3008,2.06299e+07,67928737792
NVIDIA RTX PRO 6000 Blackwell Workstation Edition,dna_r10.4.1_e8.2_400bps_sup@v4.3.0,3072,2.07233e+07,69354561536
NVIDIA RTX PRO 6000 Blackwell Workstation Edition,dna_r10.4.1_e8.2_400bps_sup@v4.3.0,3136,2.14672e+07,70789776384
NVIDIA RTX PRO 6000 Blackwell Workstation Edition,dna_r10.4.1_e8.2_400bps_sup@v4.3.0,3200,2.17266e+07,72251798016
NVIDIA RTX PRO 6000 Blackwell Workstation Edition,dna_r10.4.1_e8.2_400bps_sup@v4.3.0,3264,2.21508e+07,73667819008
NVIDIA RTX PRO 6000 Blackwell Workstation Edition,dna_r10.4.1_e8.2_400bps_sup@v4.3.0,3328,1.96236e+07,75196641792
NVIDIA RTX PRO 6000 Blackwell Workstation Edition,dna_r10.4.1_e8.2_400bps_sup@v4.3.0,3392,1.9793e+07,76642305536
NVIDIA RTX PRO 6000 Blackwell Workstation Edition,dna_r10.4.1_e8.2_400bps_sup@v4.3.0,3456,2.14703e+07,78035128832
NVIDIA RTX PRO 6000 Blackwell Workstation Edition,dna_r10.4.1_e8.2_400bps_sup@v4.3.0,3520,2.08368e+07,79507906048
NVIDIA RTX PRO 6000 Blackwell Workstation Edition,dna_r10.4.1_e8.2_400bps_sup@v4.3.0,3584,2.18383e+07,80905283072
NVIDIA RTX PRO 6000 Blackwell Workstation Edition,dna_r10.4.1_e8.2_400bps_sup@v4.3.0,3648,2.05214e+07,82331136000
NVIDIA RTX PRO 6000 Blackwell Workstation Edition,dna_r10.4.1_e8.2_400bps_sup@v4.3.0,3712,1.96794e+07,83763687936
NVIDIA RTX PRO 6000 Blackwell Workstation Edition,dna_r10.4.1_e8.2_400bps_sup@v4.3.0,3776,2.01937e+07,85273697792
NVIDIA RTX PRO 6000 Blackwell Workstation Edition,dna_r10.4.1_e8.2_400bps_sup@v4.3.0,3840,2.11919e+07,86668682752
NVIDIA RTX PRO 6000 Blackwell Workstation Edition,dna_r10.4.1_e8.2_400bps_sup@v4.3.0,3904,2.18572e+07,88092509184
NVIDIA RTX PRO 6000 Blackwell Workstation Edition,dna_r10.4.1_e8.2_400bps_sup@v4.3.0,3968,2.01861e+07,89555920384
NVIDIA RTX PRO 6000 Blackwell Workstation Edition,dna_r10.4.1_e8.2_400bps_sup@v4.3.0,4032,2.04826e+07,90971576832
NVIDIA RTX PRO 6000 Blackwell Workstation Edition,dna_r10.4.1_e8.2_400bps_sup@v4.3.0,4096,1.92089e+07,92455682560
NVIDIA RTX PRO 6000 Blackwell Workstation Edition,dna_r10.4.1_e8.2_400bps_sup@v4.3.0,4160,2.11038e+07,92435983360
NVIDIA RTX PRO 6000 Blackwell Workstation Edition,dna_r10.4.1_e8.2_400bps_sup@v5.0.0,32,7.75173e+06,2271947776
NVIDIA RTX PRO 6000 Blackwell Workstation Edition,dna_r10.4.1_e8.2_400bps_sup@v5.0.0,64,1.13563e+07,3054645760
NVIDIA RTX PRO 6000 Blackwell Workstation Edition,dna_r10.4.1_e8.2_400bps_sup@v5.0.0,96,1.2783e+07,3835246592
NVIDIA RTX PRO 6000 Blackwell Workstation Edition,dna_r10.4.1_e8.2_400bps_sup@v5.0.0,128,1.45701e+07,4601691136
NVIDIA RTX PRO 6000 Blackwell Workstation Edition,dna_r10.4.1_e8.2_400bps_sup@v5.0.0,160,1.54532e+07,5383602688
NVIDIA RTX PRO 6000 Blackwell Workstation Edition,dna_r10.4.1_e8.2_400bps_sup@v5.0.0,192,1.42091e+07,6167218176
NVIDIA RTX PRO 6000 Blackwell Workstation Edition,dna_r10.4.1_e8.2_400bps_sup@v5.0.0,224,1.55957e+07,6947163648
NVIDIA RTX PRO 6000 Blackwell Workstation Edition,dna_r10.4.1_e8.2_400bps_sup@v5.0.0,256,1.62836e+07,7729338368
NVIDIA RTX PRO 6000 Blackwell Workstation Edition,dna_r10.4.1_e8.2_400bps_sup@v5.0.0,288,1.65371e+07,8511576576
NVIDIA RTX PRO 6000 Blackwell Workstation Edition,dna_r10.4.1_e8.2_400bps_sup@v5.0.0,320,1.67732e+07,9294079488
NVIDIA RTX PRO 6000 Blackwell Workstation Edition,dna_r10.4.1_e8.2_400bps_sup@v5.0.0,352,1.70472e+07,10076513792
NVIDIA RTX PRO 6000 Blackwell Workstation Edition,dna_r10.4.1_e8.2_400bps_sup@v5.0.0,384,1.68462e+07,10861702144
NVIDIA RTX PRO 6000 Blackwell Workstation Edition,dna_r10.4.1_e8.2_400bps_sup@v5.0.0,416,1.72234e+07,11643154944
NVIDIA RTX PRO 6000 Blackwell Workstation Edition,dna_r10.4.1_e8.2_400bps_sup@v5.0.0,448,1.69598e+07,12426442752
NVIDIA RTX PRO 6000 Blackwell Workstation Edition,dna_r10.4.1_e8.2_400bps_sup@v5.0.0,480,1.69955e+07,13210254848
NVIDIA RTX PRO 6000 Blackwell Workstation Edition,dna_r10.4.1_e8.2_400bps_sup@v5.0.0,512,1.7517e+07,13992496128
NVIDIA RTX PRO 6000 Blackwell Workstation Edition,dna_r10.4.1_e8.2_400bps_sup@v5.0.0,544,1.7305e+07,14776306176
NVIDIA RTX PRO 6000 Blackwell Workstation Edition,dna_r10.4.1_e8.2_400bps_sup@v5.0.0,576,1.68767e+07,15557499392
NVIDIA RTX PRO 6000 Blackwell Workstation Edition,dna_r10.4.1_e8.2_400bps_sup@v5.0.0,608,1.70583e+07,16339542016
NVIDIA RTX PRO 6000 Blackwell Workstation Edition,dna_r10.4.1_e8.2_400bps_sup@v5.0.0,640,1.72252e+07,17140327936
NVIDIA RTX PRO 6000 Blackwell Workstation Edition,dna_r10.4.1_e8.2_400bps_sup@v5.0.0,672,1.71701e+07,17903955456
NVIDIA RTX PRO 6000 Blackwell Workstation Edition,dna_r10.4.1_e8.2_400bps_sup@v5.0.0,704,1.80613e+07,18686194688
NVIDIA RTX PRO 6000 Blackwell Workstation Edition,dna_r10.4.1_e8.2_400bps_sup@v5.0.0,736,1.78968e+07,19470400000
NVIDIA RTX PRO 6000 Blackwell Workstation Edition,dna_r10.4.1_e8.2_400bps_sup@v5.0.0,768,1.77173e+07,20250935296
NVIDIA RTX PRO 6000 Blackwell Workstation Edition,dna_r10.4.1_e8.2_400bps_sup@v5.0.0,800,1.75659e+07,21033175040
NVIDIA RTX PRO 6000 Blackwell Workstation Edition,dna_r10.4.1_e8.2_400bps_sup@v5.0.0,832,1.72422e+07,21816462848
NVIDIA RTX PRO 6000 Blackwell Workstation Edition,dna_r10.4.1_e8.2_400bps_sup@v5.0.0,864,1.6841e+07,22598308864
NVIDIA RTX PRO 6000 Blackwell Workstation Edition,dna_r10.4.1_e8.2_400bps_sup@v5.0.0,896,1.74806e+07,23384087040
NVIDIA RTX PRO 6000 Blackwell Workstation Edition,dna_r10.4.1_e8.2_400bps_sup@v5.0.0,928,1.70014e+07,24181858816
NVIDIA RTX PRO 6000 Blackwell Workstation Edition,dna_r10.4.1_e8.2_400bps_sup@v5.0.0,960,1.7581e+07,24945944576
NVIDIA RTX PRO 6000 Blackwell Workstation Edition,dna_r10.4.1_e8.2_400bps_sup@v5.0.0,992,1.798e+07,25730932224
NVIDIA RTX PRO 6000 Blackwell Workstation Edition,dna_r10.4.1_e8.2_400bps_sup@v5.0.0,1024,1.74711e+07,26513044480
NVIDIA RTX PRO 6000 Blackwell Workstation Edition,dna_r10.4.1_e8.2_400bps_sup@v5.2.0,32,7.81757e+06,2272734208
NVIDIA RTX PRO 6000 Blackwell Workstation Edition,dna_r10.4.1_e8.2_400bps_sup@v5.2.0,64,1.15138e+07,3054645760
NVIDIA RTX PRO 6000 Blackwell Workstation Edition,dna_r10.4.1_e8.2_400bps_sup@v5.2.0,96,1.32735e+07,3837605888
NVIDIA RTX PRO 6000 Blackwell Workstation Edition,dna_r10.4.1_e8.2_400bps_sup@v5.2.0,128,1.47275e+07,4601691136
NVIDIA RTX PRO 6000 Blackwell Workstation Edition,dna_r10.4.1_e8.2_400bps_sup@v5.2.0,160,1.56668e+07,5383602688
NVIDIA RTX PRO 6000 Blackwell Workstation Edition,dna_r10.4.1_e8.2_400bps_sup@v5.2.0,192,1.52756e+07,6166038528
NVIDIA RTX PRO 6000 Blackwell Workstation Edition,dna_r10.4.1_e8.2_400bps_sup@v5.2.0,224,1.58972e+07,6947163648
NVIDIA RTX PRO 6000 Blackwell Workstation Edition,dna_r10.4.1_e8.2_400bps_sup@v5.2.0,256,1.62929e+07,7729338368
NVIDIA RTX PRO 6000 Blackwell Workstation Edition,dna_r10.4.1_e8.2_400bps_sup@v5.2.0,288,1.65571e+07,8511576576
NVIDIA RTX PRO 6000 Blackwell Workstation Edition,dna_r10.4.1_e8.2_400bps_sup@v5.2.0,320,1.68344e+07,9294079488
NVIDIA RTX PRO 6000 Blackwell Workstation Edition,dna_r10.4.1_e8.2_400bps_sup@v5.2.0,352,1.72284e+07,10076513792
NVIDIA RTX PRO 6000 Blackwell Workstation Edition,dna_r10.4.1_e8.2_400bps_sup@v5.2.0,384,1.69058e+07,10861702144
NVIDIA RTX PRO 6000 Blackwell Workstation Edition,dna_r10.4.1_e8.2_400bps_sup@v5.2.0,416,1.72878e+07,11643154944
NVIDIA RTX PRO 6000 Blackwell Workstation Edition,dna_r10.4.1_e8.2_400bps_sup@v5.2.0,448,1.69855e+07,12437452800
NVIDIA RTX PRO 6000 Blackwell Workstation Edition,dna_r10.4.1_e8.2_400bps_sup@v5.2.0,480,1.76036e+07,13210254848
NVIDIA RTX PRO 6000 Blackwell Workstation Edition,dna_r10.4.1_e8.2_400bps_sup@v5.2.0,512,1.75215e+07,13992496128
NVIDIA RTX PRO 6000 Blackwell Workstation Edition,dna_r10.4.1_e8.2_400bps_sup@v5.2.0,544,1.73018e+07,14776306176
NVIDIA RTX PRO 6000 Blackwell Workstation Edition,dna_r10.4.1_e8.2_400bps_sup@v5.2.0,576,1.7593e+07,15557499392
NVIDIA RTX PRO 6000 Blackwell Workstation Edition,dna_r10.4.1_e8.2_400bps_sup@v5.2.0,608,1.71089e+07,16339542016
NVIDIA RTX PRO 6000 Blackwell Workstation Edition,dna_r10.4.1_e8.2_400bps_sup@v5.2.0,640,1.72113e+07,17124599296
NVIDIA RTX PRO 6000 Blackwell Workstation Edition,dna_r10.4.1_e8.2_400bps_sup@v5.2.0,672,1.7135e+07,17903955456
NVIDIA RTX PRO 6000 Blackwell Workstation Edition,dna_r10.4.1_e8.2_400bps_sup@v5.2.0,704,1.80242e+07,18686194688
NVIDIA RTX PRO 6000 Blackwell Workstation Edition,dna_r10.4.1_e8.2_400bps_sup@v5.2.0,736,1.79536e+07,19470400000
NVIDIA RTX PRO 6000 Blackwell Workstation Edition,dna_r10.4.1_e8.2_400bps_sup@v5.2.0,768,1.69356e+07,20250935296
NVIDIA RTX PRO 6000 Blackwell Workstation Edition,dna_r10.4.1_e8.2_400bps_sup@v5.2.0,800,1.75541e+07,21033175040
NVIDIA RTX PRO 6000 Blackwell Workstation Edition,dna_r10.4.1_e8.2_400bps_sup@v5.2.0,832,1.65268e+07,21816462848
NVIDIA RTX PRO 6000 Blackwell Workstation Edition,dna_r10.4.1_e8.2_400bps_sup@v5.2.0,864,1.79138e+07,22598308864
NVIDIA RTX PRO 6000 Blackwell Workstation Edition,dna_r10.4.1_e8.2_400bps_sup@v5.2.0,896,1.75082e+07,23384087040
NVIDIA RTX PRO 6000 Blackwell Workstation Edition,dna_r10.4.1_e8.2_400bps_sup@v5.2.0,928,1.70389e+07,24164753920
NVIDIA RTX PRO 6000 Blackwell Workstation Edition,dna_r10.4.1_e8.2_400bps_sup@v5.2.0,960,1.75771e+07,24945944576
NVIDIA RTX PRO 6000 Blackwell Workstation Edition,dna_r10.4.1_e8.2_400bps_sup@v5.2.0,992,1.68923e+07,25749351936
NVIDIA RTX PRO 6000 Blackwell Workstation Edition,dna_r10.4.1_e8.2_400bps_sup@v5.2.0,1024,1.60857e+07,26531918848
NVIDIA RTX PRO 6000 Blackwell Workstation Edition,rna004_130bps_fast@v5.1.0,64,2.14896e+07,1252741632
NVIDIA RTX PRO 6000 Blackwell Workstation Edition,rna004_130bps_fast@v5.1.0,128,3.76167e+07,1428935168
NVIDIA RTX PRO 6000 Blackwell Workstation Edition,rna004_130bps_fast@v5.1.0,192,5.51471e+07,1604745216
NVIDIA RTX PRO 6000 Blackwell Workstation Edition,rna004_130bps_fast@v5.1.0,256,7.17021e+07,1780554752
NVIDIA RTX PRO 6000 Blackwell Workstation Edition,rna004_130bps_fast@v5.1.0,320,8.81167e+07,1956364800
NVIDIA RTX PRO 6000 Blackwell Workstation Edition,rna004_130bps_fast@v5.1.0,384,1.02496e+08,2132174336
NVIDIA RTX PRO 6000 Blackwell Workstation Edition,rna004_130bps_fast@v5.1.0,448,1.17004e+08,2310081536
NVIDIA RTX PRO 6000 Blackwell Workstation Edition,rna004_130bps_fast@v5.1.0,512,1.29267e+08,2483793920
NVIDIA RTX PRO 6000 Blackwell Workstation Edition,rna004_130bps_fast@v5.1.0,576,1.41256e+08,2661701120
NVIDIA RTX PRO 6000 Blackwell Workstation Edition,rna004_130bps_fast@v5.1.0,640,1.55002e+08,2835413504
NVIDIA RTX PRO 6000 Blackwell Workstation Edition,rna004_130bps_fast@v5.1.0,704,1.68676e+08,3013020672
NVIDIA RTX PRO 6000 Blackwell Workstation Edition,rna004_130bps_fast@v5.1.0,768,1.59563e+08,3189130240
NVIDIA RTX PRO 6000 Blackwell Workstation Edition,rna004_130bps_fast@v5.1.0,832,1.70168e+08,3363117568
NVIDIA RTX PRO 6000 Blackwell Workstation Edition,rna004_130bps_fast@v5.1.0,896,1.78973e+08,3542658560
NVIDIA RTX PRO 6000 Blackwell Workstation Edition,rna004_130bps_fast@v5.1.0,960,1.87833e+08,3714462720
NVIDIA RTX PRO 6000 Blackwell Workstation Edition,rna004_130bps_fast@v5.1.0,1024,1.99629e+08,3893839872
NVIDIA RTX PRO 6000 Blackwell Workstation Edition,rna004_130bps_fast@v5.1.0,1088,2.07089e+08,4068179456
NVIDIA RTX PRO 6000 Blackwell Workstation Edition,rna004_130bps_fast@v5.1.0,1152,2.15169e+08,4244046336
NVIDIA RTX PRO 6000 Blackwell Workstation Edition,rna004_130bps_fast@v5.1.0,1216,2.2314e+08,4421490688
NVIDIA RTX PRO 6000 Blackwell Workstation Edition,rna004_130bps_fast@v5.1.0,1280,2.30412e+08,4593511424
NVIDIA RTX PRO 6000 Blackwell Workstation Edition,rna004_130bps_fast@v5.1.0,1344,2.40122e+08,4772184576
NVIDIA RTX PRO 6000 Blackwell Workstation Edition,rna004_130bps_fast@v5.1.0,1408,2.47608e+08,4978988544
NVIDIA RTX PRO 6000 Blackwell Workstation Edition,rna004_130bps_fast@v5.1.0,1472,2.53872e+08,5127873536
NVIDIA RTX PRO 6000 Blackwell Workstation Edition,rna004_130bps_fast@v5.1.0,1536,2.33535e+08,5300611072
NVIDIA RTX PRO 6000 Blackwell Workstation Edition,rna004_130bps_fast@v5.1.0,1600,2.41227e+08,5477766656
NVIDIA RTX PRO 6000 Blackwell Workstation Edition,rna004_130bps_fast@v5.1.0,1664,2.41175e+08,5652019712
NVIDIA RTX PRO 6000 Blackwell Workstation Edition,rna004_130bps_fast@v5.1.0,1728,2.50142e+08,5831642112
NVIDIA RTX PRO 6000 Blackwell Workstation Edition,rna004_130bps_fast@v5.1.0,1792,2.59084e+08,6006241280
NVIDIA RTX PRO 6000 Blackwell Workstation Edition,rna004_130bps_fast@v5.1.0,1856,2.6443e+08,6219000320
NVIDIA RTX PRO 6000 Blackwell Workstation Edition,rna004_130bps_fast@v5.1.0,1920,2.65979e+08,6394998272
NVIDIA RTX PRO 6000 Blackwell Workstation Edition,rna004_130bps_fast@v5.1.0,1984,2.70736e+08,6532103168
NVIDIA RTX PRO 6000 Blackwell Workstation Edition,rna004_130bps_fast@v5.1.0,2048,2.79535e+08,6750210048
NVIDIA RTX PRO 6000 Blackwell Workstation Edition,rna004_130bps_fast@v5.1.0,2112,2.79765e+08,6884736512
NVIDIA RTX PRO 6000 Blackwell Workstation Edition,rna004_130bps_fast@v5.1.0,2176,2.88232e+08,7103603200
NVIDIA RTX PRO 6000 Blackwell Workstation Edition,rna004_130bps_fast@v5.1.0,2240,2.90548e+08,7282512896
NVIDIA RTX PRO 6000 Blackwell Workstation Edition,rna004_130bps_fast@v5.1.0,2304,2.73531e+08,7412922368
NVIDIA RTX PRO 6000 Blackwell Workstation Edition,rna004_130bps_fast@v5.1.0,2368,2.71867e+08,7587068416
NVIDIA RTX PRO 6000 Blackwell Workstation Edition,rna004_130bps_fast@v5.1.0,2432,2.79171e+08,7816173056
NVIDIA RTX PRO 6000 Blackwell Workstation Edition,rna004_130bps_fast@v5.1.0,2496,2.80978e+08,7939908608
NVIDIA RTX PRO 6000 Blackwell Workstation Edition,rna004_130bps_fast@v5.1.0,2560,2.83871e+08,8165943296
NVIDIA RTX PRO 6000 Blackwell Workstation Edition,rna004_130bps_fast@v5.1.0,2624,2.89748e+08,8295869952
NVIDIA RTX PRO 6000 Blackwell Workstation Edition,rna004_130bps_fast@v5.1.0,2688,2.91701e+08,8520780288
NVIDIA RTX PRO 6000 Blackwell Workstation Edition,rna004_130bps_fast@v5.1.0,2752,2.97395e+08,8646069248
NVIDIA RTX PRO 6000 Blackwell Workstation Edition,rna004_130bps_fast@v5.1.0,2816,2.87861e+08,8818276352
NVIDIA RTX PRO 6000 Blackwell Workstation Edition,rna004_130bps_fast@v5.1.0,2880,2.93352e+08,9053928448
NVIDIA RTX PRO 6000 Blackwell Workstation Edition,rna004_130bps_fast@v5.1.0,2944,3.07584e+08,9172635136
NVIDIA RTX PRO 6000 Blackwell Workstation Edition,rna004_130bps_fast@v5.1.0,3008,3.09264e+08,9347537920
NVIDIA RTX PRO 6000 Blackwell Workstation Edition,rna004_130bps_fast@v5.1.0,3072,2.89143e+08,9587705856
NVIDIA RTX PRO 6000 Blackwell Workstation Edition,rna004_130bps_fast@v5.1.0,3136,2.96925e+08,9698857984
NVIDIA RTX PRO 6000 Blackwell Workstation Edition,rna004_130bps_fast@v5.1.0,3200,3.00139e+08,9874022912
NVIDIA RTX PRO 6000 Blackwell Workstation Edition,rna004_130bps_fast@v5.1.0,3264,3.04142e+08,10051467264
NVIDIA RTX PRO 6000 Blackwell Workstation Edition,rna004_130bps_fast@v5.1.0,3328,3.06229e+08,10227349504
NVIDIA RTX PRO 6000 Blackwell Workstation Edition,rna004_130bps_fast@v5.1.0,3392,2.91702e+08,10474816512
NVIDIA RTX PRO 6000 Blackwell Workstation Edition,rna004_130bps_fast@v5.1.0,3456,3.02529e+08,10579677184
NVIDIA RTX PRO 6000 Blackwell Workstation Edition,rna004_130bps_fast@v5.1.0,3520,2.9834e+08,10754040832
NVIDIA RTX PRO 6000 Blackwell Workstation Edition,rna004_130bps_fast@v5.1.0,3584,2.98332e+08,10933069824
NVIDIA RTX PRO 6000 Blackwell Workstation Edition,rna004_130bps_fast@v5.1.0,3648,3.09389e+08,11103710208
NVIDIA RTX PRO 6000 Blackwell Workstation Edition,rna004_130bps_fast@v5.1.0,3712,3.02543e+08,11286429696
NVIDIA RTX PRO 6000 Blackwell Workstation Edition,rna004_130bps_fast@v5.1.0,3776,2.92286e+08,11462593536
NVIDIA RTX PRO 6000 Blackwell Workstation Edition,rna004_130bps_fast@v5.1.0,3840,3.02416e+08,11632465920
NVIDIA RTX PRO 6000 Blackwell Workstation Edition,rna004_130bps_fast@v5.1.0,3904,2.95272e+08,11811437568
NVIDIA RTX PRO 6000 Blackwell Workstation Edition,rna004_130bps_fast@v5.1.0,3968,2.85548e+08,11984175104
NVIDIA RTX PRO 6000 Blackwell Workstation Edition,rna004_130bps_fast@v5.1.0,4032,2.82163e+08,12165151744
NVIDIA RTX PRO 6000 Blackwell Workstation Edition,rna004_130bps_fast@v5.1.0,4096,2.89207e+08,12339218432
NVIDIA RTX PRO 6000 Blackwell Workstation Edition,rna004_130bps_fast@v5.1.0,4160,2.89049e+08,12513285120
NVIDIA RTX PRO 6000 Blackwell Workstation Edition,rna004_130bps_fast@v5.1.0,4224,2.95381e+08,12691902464
NVIDIA RTX PRO 6000 Blackwell Workstation Edition,rna004_130bps_fast@v5.1.0,4288,2.90827e+08,12864640000
NVIDIA RTX PRO 6000 Blackwell Workstation Edition,rna004_130bps_fast@v5.1.0,4352,2.95039e+08,13041571840
NVIDIA RTX PRO 6000 Blackwell Workstation Edition,rna004_130bps_fast@v5.1.0,4416,2.9923e+08,13236814848
NVIDIA RTX PRO 6000 Blackwell Workstation Edition,rna004_130bps_fast@v5.1.0,4480,2.95613e+08,13412978688
NVIDIA RTX PRO 6000 Blackwell Workstation Edition,rna004_130bps_fast@v5.1.0,4544,2.86358e+08,13591239680
NVIDIA RTX PRO 6000 Blackwell Workstation Edition,rna004_130bps_fast@v5.1.0,4608,2.98972e+08,13763209216
NVIDIA RTX PRO 6000 Blackwell Workstation Edition,rna004_130bps_fast@v5.1.0,4672,2.95139e+08,13922595840
NVIDIA RTX PRO 6000 Blackwell Workstation Edition,rna004_130bps_fast@v5.1.0,4736,2.88926e+08,14119731200
NVIDIA RTX PRO 6000 Blackwell Workstation Edition,rna004_130bps_fast@v5.1.0,4800,2.79709e+08,14291700736
NVIDIA RTX PRO 6000 Blackwell Workstation Edition,rna004_130bps_fast@v5.1.0,4864,2.99314e+08,14451087360
NVIDIA RTX PRO 6000 Blackwell Workstation Edition,rna004_130bps_fast@v5.1.0,4928,2.81975e+08,14644028416
NVIDIA RTX PRO 6000 Blackwell Workstation Edition,rna004_130bps_fast@v5.1.0,4992,2.9043e+08,14824386560
NVIDIA RTX PRO 6000 Blackwell Workstation Edition,rna004_130bps_fast@v5.1.0,5056,3.03287e+08,14979578880
NVIDIA RTX PRO 6000 Blackwell Workstation Edition,rna004_130bps_fast@v5.1.0,5120,2.86079e+08,15151548416
NVIDIA RTX PRO 6000 Blackwell Workstation Edition,rna004_130bps_fast@v5.1.0,5184,3.02149e+08,15329809408
NVIDIA RTX PRO 6000 Blackwell Workstation Edition,rna004_130bps_fast@v5.1.0,5248,3.01919e+08,15510167552
NVIDIA RTX PRO 6000 Blackwell Workstation Edition,rna004_130bps_fast@v5.1.0,5312,2.96915e+08,15684234240
NVIDIA RTX PRO 6000 Blackwell Workstation Edition,rna004_130bps_fast@v5.1.0,5376,2.97695e+08,15858300928
NVIDIA RTX PRO 6000 Blackwell Workstation Edition,rna004_130bps_fast@v5.1.0,5440,3.08916e+08,16032367616
NVIDIA RTX PRO 6000 Blackwell Workstation Edition,rna004_130bps_fast@v5.1.0,5504,2.86776e+08,16210628608
NVIDIA RTX PRO 6000 Blackwell Workstation Edition,rna004_130bps_fast@v5.1.0,5568,3.10839e+08,16386792448
NVIDIA RTX PRO 6000 Blackwell Workstation Edition,rna004_130bps_fast@v5.1.0,5632,3.1492e+08,16562956288
NVIDIA RTX PRO 6000 Blackwell Workstation Edition,rna004_130bps_fast@v5.1.0,5696,2.92958e+08,16737022976
NVIDIA RTX PRO 6000 Blackwell Workstation Edition,rna004_130bps_fast@v5.1.0,5760,2.84986e+08,16911089664
NVIDIA RTX PRO 6000 Blackwell Workstation Edition,rna004_130bps_fast@v5.1.0,5824,2.97739e+08,17089350656
NVIDIA RTX PRO 6000 Blackwell Workstation Edition,rna004_130bps_fast@v5.1.0,5888,3.04312e+08,17265514496
NVIDIA RTX PRO 6000 Blackwell Workstation Edition,rna004_130bps_fast@v5.1.0,5952,3.14831e+08,17441678336
NVIDIA RTX PRO 6000 Blackwell Workstation Edition,rna004_130bps_fast@v5.1.0,6016,3.18399e+08,17617842176
NVIDIA RTX PRO 6000 Blackwell Workstation Edition,rna004_130bps_fast@v5.1.0,6080,3.09936e+08,17791908864
NVIDIA RTX PRO 6000 Blackwell Workstation Edition,rna004_130bps_fast@v5.1.0,6144,3.11377e+08,17968072704
NVIDIA RTX PRO 6000 Blackwell Workstation Edition,rna004_130bps_fast@v5.1.0,6208,3.15042e+08,18144236544
NVIDIA RTX PRO 6000 Blackwell Workstation Edition,rna004_130bps_fast@v5.1.0,6272,3.15511e+08,18318303232
NVIDIA RTX PRO 6000 Blackwell Workstation Edition,rna004_130bps_fast@v5.1.0,6336,3.16755e+08,18498661376
NVIDIA RTX PRO 6000 Blackwell Workstation Edition,rna004_130bps_fast@v5.1.0,6400,3.23005e+08,18674825216
NVIDIA RTX PRO 6000 Blackwell Workstation Edition,rna004_130bps_fast@v5.1.0,6464,3.10495e+08,18846794752
NVIDIA RTX PRO 6000 Blackwell Workstation Edition,rna004_130bps_fast@v5.1.0,6528,2.80906e+08,19022958592
NVIDIA RTX PRO 6000 Blackwell Workstation Edition,rna004_130bps_fast@v5.1.0,6592,2.89301e+08,19199122432
NVIDIA RTX PRO 6000 Blackwell Workstation Edition,rna004_130bps_fast@v5.1.0,6656,3.09958e+08,19377383424
NVIDIA RTX PRO 6000 Blackwell Workstation Edition,rna004_130bps_fast@v5.1.0,6720,3.07038e+08,19555644416
NVIDIA RTX PRO 6000 Blackwell Workstation Edition,rna004_130bps_fast@v5.1.0,6784,2.99578e+08,19725516800
NVIDIA RTX PRO 6000 Blackwell Workstation Edition,rna004_130bps_fast@v5.1.0,6848,3.01371e+08,19905874944
NVIDIA RTX PRO 6000 Blackwell Workstation Edition,rna004_130bps_fast@v5.1.0,6912,3.09425e+08,20077844480
NVIDIA RTX PRO 6000 Blackwell Workstation Edition,rna004_130bps_fast@v5.1.0,6976,3.12525e+08,20251911168
NVIDIA RTX PRO 6000 Blackwell Workstation Edition,rna004_130bps_fast@v5.1.0,7040,3.11348e+08,20434366464
NVIDIA RTX PRO 6000 Blackwell Workstation Edition,rna004_130bps_fast@v5.1.0,7104,3.18118e+08,20606336000
NVIDIA RTX PRO 6000 Blackwell Workstation Edition,rna004_130bps_fast@v5.1.0,7168,3.12778e+08,20784596992
NVIDIA RTX PRO 6000 Blackwell Workstation Edition,rna004_130bps_fast@v5.1.0,7232,2.89216e+08,20956566528
NVIDIA RTX PRO 6000 Blackwell Workstation Edition,rna004_130bps_fast@v5.1.0,7296,2.95769e+08,21132730368
NVIDIA RTX PRO 6000 Blackwell Workstation Edition,rna004_130bps_fast@v5.1.0,7360,2.85456e+08,21315185664
NVIDIA RTX PRO 6000 Blackwell Workstation Edition,rna004_130bps_fast@v5.1.0,7424,3.11557e+08,21487155200
NVIDIA RTX PRO 6000 Blackwell Workstation Edition,rna004_130bps_fast@v5.1.0,7488,3.21061e+08,21663319040
NVIDIA RTX PRO 6000 Blackwell Workstation Edition,rna004_130bps_fast@v5.1.0,7552,3.10008e+08,21841580032
NVIDIA RTX PRO 6000 Blackwell Workstation Edition,rna004_130bps_fast@v5.1.0,7616,3.02308e+08,22013549568
NVIDIA RTX PRO 6000 Blackwell Workstation Edition,rna004_130bps_fast@v5.1.0,7680,3.07405e+08,22189713408
NVIDIA RTX PRO 6000 Blackwell Workstation Edition,rna004_130bps_fast@v5.1.0,7744,2.88929e+08,22365877248
NVIDIA RTX PRO 6000 Blackwell Workstation Edition,rna004_130bps_fast@v5.1.0,7808,2.8322e+08,22542041088
NVIDIA RTX PRO 6000 Blackwell Workstation Edition,rna004_130bps_fast@v5.1.0,7872,2.46077e+08,22722399232
NVIDIA RTX PRO 6000 Blackwell Workstation Edition,rna004_130bps_fast@v5.1.0,7936,2.73094e+08,22892271616
NVIDIA RTX PRO 6000 Blackwell Workstation Edition,rna004_130bps_fast@v5.1.0,8000,3.02943e+08,23070532608
NVIDIA RTX PRO 6000 Blackwell Workstation Edition,rna004_130bps_fast@v5.1.0,8064,3.05212e+08,23244599296
NVIDIA RTX PRO 6000 Blackwell Workstation Edition,rna004_130bps_fast@v5.1.0,8128,2.87101e+08,23424957440
NVIDIA RTX PRO 6000 Blackwell Workstation Edition,rna004_130bps_fast@v5.1.0,8192,2.90908e+08,23599024128
NVIDIA RTX PRO 6000 Blackwell Workstation Edition,rna004_130bps_fast@v5.1.0,8256,2.73947e+08,23770993664
NVIDIA RTX PRO 6000 Blackwell Workstation Edition,rna004_130bps_fast@v5.1.0,8320,3.00172e+08,23915700224
NVIDIA RTX PRO 6000 Blackwell Workstation Edition,rna004_130bps_fast@v5.1.0,8384,3.02502e+08,24052018176
NVIDIA RTX PRO 6000 Blackwell Workstation Edition,rna004_130bps_fast@v5.1.0,8448,2.84388e+08,24203016192
NVIDIA RTX PRO 6000 Blackwell Workstation Edition,rna004_130bps_fast@v5.1.0,8512,3.06194e+08,24515494912
NVIDIA RTX PRO 6000 Blackwell Workstation Edition,rna004_130bps_fast@v5.1.0,8576,2.98128e+08,24484040704
NVIDIA RTX PRO 6000 Blackwell Workstation Edition,rna004_130bps_fast@v5.1.0,8640,2.88163e+08,24626650112
NVIDIA RTX PRO 6000 Blackwell Workstation Edition,rna004_130bps_fast@v5.1.0,8704,2.85892e+08,24771356672
NVIDIA RTX PRO 6000 Blackwell Workstation Edition,rna004_130bps_fast@v5.1.0,8768,2.99576e+08,24913966080
NVIDIA RTX PRO 6000 Blackwell Workstation Edition,rna004_130bps_fast@v5.1.0,8832,2.84869e+08,25054478336
NVIDIA RTX PRO 6000 Blackwell Workstation Edition,rna004_130bps_fast@v5.1.0,8896,2.85805e+08,25375345664
NVIDIA RTX PRO 6000 Blackwell Workstation Edition,rna004_130bps_fast@v5.1.0,8960,2.74352e+08,25339697152
NVIDIA RTX PRO 6000 Blackwell Workstation Edition,rna004_130bps_fast@v5.1.0,9024,3.07926e+08,25482306560
NVIDIA RTX PRO 6000 Blackwell Workstation Edition,rna004_130bps_fast@v5.1.0,9088,3.07978e+08,25624915968
NVIDIA RTX PRO 6000 Blackwell Workstation Edition,rna004_130bps_fast@v5.1.0,9152,3.00679e+08,25832537088
NVIDIA RTX PRO 6000 Blackwell Workstation Edition,rna004_130bps_fast@v5.1.0,9216,2.56445e+08,25908037632
NVIDIA RTX PRO 6000 Blackwell Workstation Edition,rna004_130bps_fast@v5.1.0,9280,3.00064e+08,26052744192
NVIDIA RTX PRO 6000 Blackwell Workstation Edition,rna004_130bps_fast@v5.1.0,9344,3.09651e+08,26193256448
NVIDIA RTX PRO 6000 Blackwell Workstation Edition,rna004_130bps_fast@v5.1.0,9408,3.02229e+08,26522512384
NVIDIA RTX PRO 6000 Blackwell Workstation Edition,rna004_130bps_fast@v5.1.0,9472,2.6363e+08,26480572416
NVIDIA RTX PRO 6000 Blackwell Workstation Edition,rna004_130bps_fast@v5.1.0,9536,3.07128e+08,26618987520
NVIDIA RTX PRO 6000 Blackwell Workstation Edition,rna004_130bps_fast@v5.1.0,9600,3.08113e+08,26956632064
NVIDIA RTX PRO 6000 Blackwell Workstation Edition,rna004_130bps_fast@v5.1.0,9664,2.91908e+08,26904206336
NVIDIA RTX PRO 6000 Blackwell Workstation Edition,rna004_130bps_fast@v5.1.0,9728,3.13298e+08,27046815744
NVIDIA RTX PRO 6000 Blackwell Workstation Edition,rna004_130bps_fast@v5.1.0,9792,3.04393e+08,27191522304
NVIDIA RTX PRO 6000 Blackwell Workstation Edition,rna004_130bps_fast@v5.1.0,9856,2.98441e+08,27332034560
NVIDIA RTX PRO 6000 Blackwell Workstation Edition,rna004_130bps_fast@v5.1.0,9920,2.70811e+08,27474643968
NVIDIA RTX PRO 6000 Blackwell Workstation Edition,rna004_130bps_fast@v5.1.0,9984,3.10566e+08,27619350528
NVIDIA RTX PRO 6000 Blackwell Workstation Edition,rna004_130bps_fast@v5.1.0,10048,3.06276e+08,27757765632
NVIDIA RTX PRO 6000 Blackwell Workstation Edition,rna004_130bps_fast@v5.1.0,10112,2.88e+08,27898277888
NVIDIA RTX PRO 6000 Blackwell Workstation Edition,rna004_130bps_fast@v5.1.0,10176,2.50983e+08,28047178752
NVIDIA RTX PRO 6000 Blackwell Workstation Edition,rna004_130bps_fast@v5.1.0,10240,2.97242e+08,28185593856
NVIDIA RTX PRO 6000 Blackwell Workstation Edition,rna004_130bps_fast@v5.2.0,64,1.95908e+07,1274210304
NVIDIA RTX PRO 6000 Blackwell Workstation Edition,rna004_130bps_fast@v5.2.0,128,3.45945e+07,1468894208
NVIDIA RTX PRO 6000 Blackwell Workstation Edition,rna004_130bps_fast@v5.2.0,192,5.03123e+07,1667772928
NVIDIA RTX PRO 6000 Blackwell Workstation Edition,rna004_130bps_fast@v5.2.0,256,6.6024e+07,1862456832
NVIDIA RTX PRO 6000 Blackwell Workstation Edition,rna004_130bps_fast@v5.2.0,320,7.99878e+07,2059238400
NVIDIA RTX PRO 6000 Blackwell Workstation Edition,rna004_130bps_fast@v5.2.0,384,9.20536e+07,2256019456
NVIDIA RTX PRO 6000 Blackwell Workstation Edition,rna004_130bps_fast@v5.2.0,448,1.06502e+08,2452801024
NVIDIA RTX PRO 6000 Blackwell Workstation Edition,rna004_130bps_fast@v5.2.0,512,1.19602e+08,2647484928
NVIDIA RTX PRO 6000 Blackwell Workstation Edition,rna004_130bps_fast@v5.2.0,576,1.29756e+08,2846363648
NVIDIA RTX PRO 6000 Blackwell Workstation Edition,rna004_130bps_fast@v5.2.0,640,1.41733e+08,3041047552
NVIDIA RTX PRO 6000 Blackwell Workstation Edition,rna004_130bps_fast@v5.2.0,704,1.52001e+08,3251609088
NVIDIA RTX PRO 6000 Blackwell Workstation Edition,rna004_130bps_fast@v5.2.0,768,1.43273e+08,3434610176
NVIDIA RTX PRO 6000 Blackwell Workstation Edition,rna004_130bps_fast@v5.2.0,832,1.54277e+08,3629702656
NVIDIA RTX PRO 6000 Blackwell Workstation Edition,rna004_130bps_fast@v5.2.0,896,1.63038e+08,3830081536
NVIDIA RTX PRO 6000 Blackwell Workstation Edition,rna004_130bps_fast@v5.2.0,960,1.72223e+08,4022857216
NVIDIA RTX PRO 6000 Blackwell Workstation Edition,rna004_130bps_fast@v5.2.0,1024,1.78568e+08,4221108736
NVIDIA RTX PRO 6000 Blackwell Workstation Edition,rna004_130bps_fast@v5.2.0,1088,1.88508e+08,4416419840
NVIDIA RTX PRO 6000 Blackwell Workstation Edition,rna004_130bps_fast@v5.2.0,1152,1.9257e+08,4613282304
NVIDIA RTX PRO 6000 Blackwell Workstation Edition,rna004_130bps_fast@v5.2.0,1216,2.00774e+08,4810417664
NVIDIA RTX PRO 6000 Blackwell Workstation Edition,rna004_130bps_fast@v5.2.0,1280,2.07244e+08,5004666368
NVIDIA RTX PRO 6000 Blackwell Workstation Edition,rna004_130bps_fast@v5.2.0,1344,2.13607e+08,5202213888
NVIDIA RTX PRO 6000 Blackwell Workstation Edition,rna004_130bps_fast@v5.2.0,1408,2.20917e+08,5398532096
NVIDIA RTX PRO 6000 Blackwell Workstation Edition,rna004_130bps_fast@v5.2.0,1472,2.27877e+08,5599402496
NVIDIA RTX PRO 6000 Blackwell Workstation Edition,rna004_130bps_fast@v5.2.0,1536,2.08077e+08,5791457792
NVIDIA RTX PRO 6000 Blackwell Workstation Edition,rna004_130bps_fast@v5.2.0,1600,2.13117e+08,5989584896
NVIDIA RTX PRO 6000 Blackwell Workstation Edition,rna004_130bps_fast@v5.2.0,1664,2.16806e+08,6184809472
NVIDIA RTX PRO 6000 Blackwell Workstation Edition,rna004_130bps_fast@v5.2.0,1728,2.22007e+08,6383306240
NVIDIA RTX PRO 6000 Blackwell Workstation Edition,rna004_130bps_fast@v5.2.0,1792,2.29644e+08,6580974080
NVIDIA RTX PRO 6000 Blackwell Workstation Edition,rna004_130bps_fast@v5.2.0,1856,2.34949e+08,6774858752
NVIDIA RTX PRO 6000 Blackwell Workstation Edition,rna004_130bps_fast@v5.2.0,1920,2.34697e+08,6971176960
NVIDIA RTX PRO 6000 Blackwell Workstation Edition,rna004_130bps_fast@v5.2.0,1984,2.41838e+08,7207333376
NVIDIA RTX PRO 6000 Blackwell Workstation Edition,rna004_130bps_fast@v5.2.0,2048,2.47628e+08,7364788736
NVIDIA RTX PRO 6000 Blackwell Workstation Edition,rna004_130bps_fast@v5.2.0,2112,2.51245e+08,7602372608
NVIDIA RTX PRO 6000 Blackwell Workstation Edition,rna004_130bps_fast@v5.2.0,2176,2.53269e+08,7756450816
NVIDIA RTX PRO 6000 Blackwell Workstation Edition,rna004_130bps_fast@v5.2.0,2240,2.57312e+08,7953714688
NVIDIA RTX PRO 6000 Blackwell Workstation Edition,rna004_130bps_fast@v5.2.0,2304,2.41836e+08,8149135872
NVIDIA RTX PRO 6000 Blackwell Workstation Edition,rna004_130bps_fast@v5.2.0,2368,2.42831e+08,8346350592
NVIDIA RTX PRO 6000 Blackwell Workstation Edition,rna004_130bps_fast@v5.2.0,2432,2.48986e+08,8543997952
NVIDIA RTX PRO 6000 Blackwell Workstation Edition,rna004_130bps_fast@v5.2.0,2496,2.39173e+08,8739036672
NVIDIA RTX PRO 6000 Blackwell Workstation Edition,rna004_130bps_fast@v5.2.0,2560,2.58053e+08,8934842880
NVIDIA RTX PRO 6000 Blackwell Workstation Edition,rna004_130bps_fast@v5.2.0,2624,2.56271e+08,9189369856
NVIDIA RTX PRO 6000 Blackwell Workstation Edition,rna004_130bps_fast@v5.2.0,2688,2.3711e+08,9328296960
NVIDIA RTX PRO 6000 Blackwell Workstation Edition,rna004_130bps_fast@v5.2.0,2752,2.61113e+08,9526986240
NVIDIA RTX PRO 6000 Blackwell Workstation Edition,rna004_130bps_fast@v5.2.0,2816,2.67067e+08,9776787968
NVIDIA RTX PRO 6000 Blackwell Workstation Edition,rna004_130bps_fast@v5.2.0,2880,2.56575e+08,9976788480
NVIDIA RTX PRO 6000 Blackwell Workstation Edition,rna004_130bps_fast@v5.2.0,2944,2.69371e+08,10114369536
NVIDIA RTX PRO 6000 Blackwell Workstation Edition,rna004_130bps_fast@v5.2.0,3008,2.65699e+08,10373158400
NVIDIA RTX PRO 6000 Blackwell Workstation Edition,rna004_130bps_fast@v5.2.0,3072,2.56966e+08,10508468736
NVIDIA RTX PRO 6000 Blackwell Workstation Edition,rna004_130bps_fast@v5.2.0,3136,2.60979e+08,10764324352
NVIDIA RTX PRO 6000 Blackwell Workstation Edition,rna004_130bps_fast@v5.2.0,3200,2.62739e+08,10897546240
NVIDIA RTX PRO 6000 Blackwell Workstation Edition,rna004_130bps_fast@v5.2.0,3264,2.49021e+08,11095962112
NVIDIA RTX PRO 6000 Blackwell Workstation Edition,rna004_130bps_fast@v5.2.0,3328,2.56763e+08,11359924736
NVIDIA RTX PRO 6000 Blackwell Workstation Edition,rna004_130bps_fast@v5.2.0,3392,2.55054e+08,11489951232
NVIDIA RTX PRO 6000 Blackwell Workstation Edition,rna004_130bps_fast@v5.2.0,3456,2.52683e+08,11756292608
NVIDIA RTX PRO 6000 Blackwell Workstation Edition,rna004_130bps_fast@v5.2.0,3520,2.54539e+08,11880324608
NVIDIA RTX PRO 6000 Blackwell Workstation Edition,rna004_130bps_fast@v5.2.0,3584,2.74746e+08,12080325120
NVIDIA RTX PRO 6000 Blackwell Workstation Edition,rna004_130bps_fast@v5.2.0,3648,2.68305e+08,12271937024
NVIDIA RTX PRO 6000 Blackwell Workstation Edition,rna004_130bps_fast@v5.2.0,3712,2.73667e+08,12473530880
NVIDIA RTX PRO 6000 Blackwell Workstation Edition,rna004_130bps_fast@v5.2.0,3776,2.64715e+08,12670666240
NVIDIA RTX PRO 6000 Blackwell Workstation Edition,rna004_130bps_fast@v5.2.0,3840,2.61359e+08,12861510144
NVIDIA RTX PRO 6000 Blackwell Workstation Edition,rna004_130bps_fast@v5.2.0,3904,2.66753e+08,13059356160
NVIDIA RTX PRO 6000 Blackwell Workstation Edition,rna004_130bps_fast@v5.2.0,3968,2.51381e+08,13255162368
NVIDIA RTX PRO 6000 Blackwell Workstation Edition,rna004_130bps_fast@v5.2.0,4032,2.46179e+08,13455013376
NVIDIA RTX PRO 6000 Blackwell Workstation Edition,rna004_130bps_fast@v5.2.0,4096,2.54978e+08,13650051584
NVIDIA RTX PRO 6000 Blackwell Workstation Edition,rna004_130bps_fast@v5.2.0,4160,2.47217e+08,13845089792
NVIDIA RTX PRO 6000 Blackwell Workstation Edition,rna004_130bps_fast@v5.2.0,4224,2.54781e+08,14042581504
NVIDIA RTX PRO 6000 Blackwell Workstation Edition,rna004_130bps_fast@v5.2.0,4288,2.53631e+08,14238387712
NVIDIA RTX PRO 6000 Blackwell Workstation Edition,rna004_130bps_fast@v5.2.0,4352,2.65857e+08,14434193920
NVIDIA RTX PRO 6000 Blackwell Workstation Edition,rna004_130bps_fast@v5.2.0,4416,2.57625e+08,14650408448
NVIDIA RTX PRO 6000 Blackwell Workstation Edition,rna004_130bps_fast@v5.2.0,4480,2.64937e+08,14828669440
NVIDIA RTX PRO 6000 Blackwell Workstation Edition,rna004_130bps_fast@v5.2.0,4544,2.56156e+08,15044679168
NVIDIA RTX PRO 6000 Blackwell Workstation Edition,rna004_130bps_fast@v5.2.0,4608,2.55842e+08,15220843008
NVIDIA RTX PRO 6000 Blackwell Workstation Edition,rna004_130bps_fast@v5.2.0,4672,2.58417e+08,15436852736
NVIDIA RTX PRO 6000 Blackwell Workstation Edition,rna004_130bps_fast@v5.2.0,4736,2.48602e+08,15636085248
NVIDIA RTX PRO 6000 Blackwell Workstation Edition,rna004_130bps_fast@v5.2.0,4800,2.43381e+08,15826929152
NVIDIA RTX PRO 6000 Blackwell Workstation Edition,rna004_130bps_fast@v5.2.0,4864,2.41243e+08,16007287296
NVIDIA RTX PRO 6000 Blackwell Workstation Edition,rna004_130bps_fast@v5.2.0,4928,2.40843e+08,16221199872
NVIDIA RTX PRO 6000 Blackwell Workstation Edition,rna004_130bps_fast@v5.2.0,4992,2.34331e+08,16422529536
NVIDIA RTX PRO 6000 Blackwell Workstation Edition,rna004_130bps_fast@v5.2.0,5056,2.64543e+08,16598693376
NVIDIA RTX PRO 6000 Blackwell Workstation Edition,rna004_130bps_fast@v5.2.0,5120,2.6497e+08,16789537280
NVIDIA RTX PRO 6000 Blackwell Workstation Edition,rna004_130bps_fast@v5.2.0,5184,2.41892e+08,16988769792
NVIDIA RTX PRO 6000 Blackwell Workstation Edition,rna004_130bps_fast@v5.2.0,5248,2.72546e+08,17190099456
NVIDIA RTX PRO 6000 Blackwell Workstation Edition,rna004_130bps_fast@v5.2.0,5312,2.46741e+08,17383040512
NVIDIA RTX PRO 6000 Blackwell Workstation Edition,rna004_130bps_fast@v5.2.0,5376,2.46025e+08,17580175872
NVIDIA RTX PRO 6000 Blackwell Workstation Edition,rna004_130bps_fast@v5.2.0,5440,2.48024e+08,17773116928
NVIDIA RTX PRO 6000 Blackwell Workstation Edition,rna004_130bps_fast@v5.2.0,5504,2.4652e+08,17970252288
NVIDIA RTX PRO 6000 Blackwell Workstation Edition,rna004_130bps_fast@v5.2.0,5568,2.43199e+08,18169484800
NVIDIA RTX PRO 6000 Blackwell Workstation Edition,rna004_130bps_fast@v5.2.0,5632,2.60864e+08,18364523008
NVIDIA RTX PRO 6000 Blackwell Workstation Edition,rna004_130bps_fast@v5.2.0,5696,2.79288e+08,18559561216
NVIDIA RTX PRO 6000 Blackwell Workstation Edition,rna004_130bps_fast@v5.2.0,5760,2.66375e+08,18754599424
NVIDIA RTX PRO 6000 Blackwell Workstation Edition,rna004_130bps_fast@v5.2.0,5824,2.69009e+08,18951734784
NVIDIA RTX PRO 6000 Blackwell Workstation Edition,rna004_130bps_fast@v5.2.0,5888,2.77814e+08,19150967296
NVIDIA RTX PRO 6000 Blackwell Workstation Edition,rna004_130bps_fast@v5.2.0,5952,2.59038e+08,19346005504
NVIDIA RTX PRO 6000 Blackwell Workstation Edition,rna004_130bps_fast@v5.2.0,6016,2.66851e+08,19543140864
NVIDIA RTX PRO 6000 Blackwell Workstation Edition,rna004_130bps_fast@v5.2.0,6080,2.6836e+08,19738179072
NVIDIA RTX PRO 6000 Blackwell Workstation Edition,rna004_130bps_fast@v5.2.0,6144,2.61285e+08,19935314432
NVIDIA RTX PRO 6000 Blackwell Workstation Edition,rna004_130bps_fast@v5.2.0,6208,2.73788e+08,20130352640
NVIDIA RTX PRO 6000 Blackwell Workstation Edition,rna004_130bps_fast@v5.2.0,6272,2.71135e+08,20325390848
NVIDIA RTX PRO 6000 Blackwell Workstation Edition,rna004_130bps_fast@v5.2.0,6336,2.67973e+08,20526720512
NVIDIA RTX PRO 6000 Blackwell Workstation Edition,rna004_130bps_fast@v5.2.0,6400,2.58333e+08,20721758720
NVIDIA RTX PRO 6000 Blackwell Workstation Edition,rna004_130bps_fast@v5.2.0,6464,2.62379e+08,20916796928
NVIDIA RTX PRO 6000 Blackwell Workstation Edition,rna004_130bps_fast@v5.2.0,6528,2.72252e+08,21111835136
NVIDIA RTX PRO 6000 Blackwell Workstation Edition,rna004_130bps_fast@v5.2.0,6592,2.78924e+08,21308970496
NVIDIA RTX PRO 6000 Blackwell Workstation Edition,rna004_130bps_fast@v5.2.0,6656,2.80745e+08,21508203008
NVIDIA RTX PRO 6000 Blackwell Workstation Edition,rna004_130bps_fast@v5.2.0,6720,2.77168e+08,21705338368
NVIDIA RTX PRO 6000 Blackwell Workstation Edition,rna004_130bps_fast@v5.2.0,6784,2.62588e+08,21898279424
NVIDIA RTX PRO 6000 Blackwell Workstation Edition,rna004_130bps_fast@v5.2.0,6848,2.62626e+08,22097511936
NVIDIA RTX PRO 6000 Blackwell Workstation Edition,rna004_130bps_fast@v5.2.0,6912,2.54233e+08,22288355840
NVIDIA RTX PRO 6000 Blackwell Workstation Edition,rna004_130bps_fast@v5.2.0,6976,2.52264e+08,22485491200
NVIDIA RTX PRO 6000 Blackwell Workstation Edition,rna004_130bps_fast@v5.2.0,7040,2.53907e+08,22686820864
NVIDIA RTX PRO 6000 Blackwell Workstation Edition,rna004_130bps_fast@v5.2.0,7104,2.31184e+08,22879761920
NVIDIA RTX PRO 6000 Blackwell Workstation Edition,rna004_130bps_fast@v5.2.0,7168,2.46171e+08,23078994432
NVIDIA RTX PRO 6000 Blackwell Workstation Edition,rna004_130bps_fast@v5.2.0,7232,2.83295e+08,23269838336
NVIDIA RTX PRO 6000 Blackwell Workstation Edition,rna004_130bps_fast@v5.2.0,7296,2.84812e+08,23466973696
NVIDIA RTX PRO 6000 Blackwell Workstation Edition,rna004_130bps_fast@v5.2.0,7360,2.67278e+08,23670400512
NVIDIA RTX PRO 6000 Blackwell Workstation Edition,rna004_130bps_fast@v5.2.0,7424,2.58861e+08,23863341568
NVIDIA RTX PRO 6000 Blackwell Workstation Edition,rna004_130bps_fast@v5.2.0,7488,2.66611e+08,24060476928
NVIDIA RTX PRO 6000 Blackwell Workstation Edition,rna004_130bps_fast@v5.2.0,7552,2.80272e+08,24257612288
NVIDIA RTX PRO 6000 Blackwell Workstation Edition,rna004_130bps_fast@v5.2.0,7616,2.62415e+08,24450553344
NVIDIA RTX PRO 6000 Blackwell Workstation Edition,rna004_130bps_fast@v5.2.0,7680,2.65854e+08,24647688704
NVIDIA RTX PRO 6000 Blackwell Workstation Edition,rna004_130bps_fast@v5.2.0,7744,2.51816e+08,24844824064
NVIDIA RTX PRO 6000 Blackwell Workstation Edition,rna004_130bps_fast@v5.2.0,7808,2.60079e+08,25039862272
NVIDIA RTX PRO 6000 Blackwell Workstation Edition,rna004_130bps_fast@v5.2.0,7872,2.63658e+08,25241191936
NVIDIA RTX PRO 6000 Blackwell Workstation Edition,rna004_130bps_fast@v5.2.0,7936,2.22069e+08,25432035840
NVIDIA RTX PRO 6000 Blackwell Workstation Edition,rna004_130bps_fast@v5.2.0,8000,2.39285e+08,25629171200
NVIDIA RTX PRO 6000 Blackwell Workstation Edition,rna004_130bps_fast@v5.2.0,8064,2.58355e+08,25826306560
NVIDIA RTX PRO 6000 Blackwell Workstation Edition,rna004_130bps_fast@v5.2.0,8128,2.70028e+08,26025539072
NVIDIA RTX PRO 6000 Blackwell Workstation Edition,rna004_130bps_fast@v5.2.0,8192,2.60204e+08,26220577280
NVIDIA RTX PRO 6000 Blackwell Workstation Edition,rna004_130bps_fast@v5.2.0,8256,2.66031e+08,26413518336
NVIDIA RTX PRO 6000 Blackwell Workstation Edition,rna004_130bps_fast@v5.2.0,8320,2.60932e+08,26577099264
NVIDIA RTX PRO 6000 Blackwell Workstation Edition,rna004_130bps_fast@v5.2.0,8384,2.55635e+08,26736485888
NVIDIA RTX PRO 6000 Blackwell Workstation Edition,rna004_130bps_fast@v5.2.0,8448,2.14225e+08,26906358272
NVIDIA RTX PRO 6000 Blackwell Workstation Edition,rna004_130bps_fast@v5.2.0,8512,2.41507e+08,27067842048
NVIDIA RTX PRO 6000 Blackwell Workstation Edition,rna004_130bps_fast@v5.2.0,8576,2.62948e+08,27229325824
NVIDIA RTX PRO 6000 Blackwell Workstation Edition,rna004_130bps_fast@v5.2.0,8640,2.62952e+08,27390809600
NVIDIA RTX PRO 6000 Blackwell Workstation Edition,rna004_130bps_fast@v5.2.0,8704,2.72641e+08,27556487680
NVIDIA RTX PRO 6000 Blackwell Workstation Edition,rna004_130bps_fast@v5.2.0,8768,2.38288e+08,27720068608
NVIDIA RTX PRO 6000 Blackwell Workstation Edition,rna004_130bps_fast@v5.2.0,8832,2.49559e+08,27881552384
NVIDIA RTX PRO 6000 Blackwell Workstation Edition,rna004_130bps_fast@v5.2.0,8896,2.57406e+08,28040939008
NVIDIA RTX PRO 6000 Blackwell Workstation Edition,rna004_130bps_fast@v5.2.0,8960,2.74477e+08,28206617088
NVIDIA RTX PRO 6000 Blackwell Workstation Edition,rna004_130bps_fast@v5.2.0,9024,2.59416e+08,28370198016
NVIDIA RTX PRO 6000 Blackwell Workstation Edition,rna004_130bps_fast@v5.2.0,9088,2.67156e+08,28533778944
NVIDIA RTX PRO 6000 Blackwell Workstation Edition,rna004_130bps_fast@v5.2.0,9152,2.54348e+08,28697359872
NVIDIA RTX PRO 6000 Blackwell Workstation Edition,rna004_130bps_fast@v5.2.0,9216,2.61319e+08,28856746496
NVIDIA RTX PRO 6000 Blackwell Workstation Edition,rna004_130bps_fast@v5.2.0,9280,2.63406e+08,29022424576
NVIDIA RTX PRO 6000 Blackwell Workstation Edition,rna004_130bps_fast@v5.2.0,9344,2.5036e+08,29183908352
NVIDIA RTX PRO 6000 Blackwell Workstation Edition,rna004_130bps_fast@v5.2.0,9408,2.39579e+08,29343294976
NVIDIA RTX PRO 6000 Blackwell Workstation Edition,rna004_130bps_fast@v5.2.0,9472,2.73579e+08,29513167360
NVIDIA RTX PRO 6000 Blackwell Workstation Edition,rna004_130bps_fast@v5.2.0,9536,2.76874e+08,29670456832
NVIDIA RTX PRO 6000 Blackwell Workstation Edition,rna004_130bps_fast@v5.2.0,9600,2.63137e+08,29834037760
NVIDIA RTX PRO 6000 Blackwell Workstation Edition,rna004_130bps_fast@v5.2.0,9664,2.41487e+08,29997618688
NVIDIA RTX PRO 6000 Blackwell Workstation Edition,rna004_130bps_fast@v5.2.0,9728,2.46953e+08,30159102464
NVIDIA RTX PRO 6000 Blackwell Workstation Edition,rna004_130bps_fast@v5.2.0,9792,2.63052e+08,30324780544
NVIDIA RTX PRO 6000 Blackwell Workstation Edition,rna004_130bps_fast@v5.2.0,9856,2.73226e+08,30486264320
NVIDIA RTX PRO 6000 Blackwell Workstation Edition,rna004_130bps_fast@v5.2.0,9920,2.71753e+08,30647748096
NVIDIA RTX PRO 6000 Blackwell Workstation Edition,rna004_130bps_fast@v5.2.0,9984,2.53971e+08,30815523328
NVIDIA RTX PRO 6000 Blackwell Workstation Edition,rna004_130bps_fast@v5.2.0,10048,2.4365e+08,30972812800
NVIDIA RTX PRO 6000 Blackwell Workstation Edition,rna004_130bps_fast@v5.2.0,10112,2.49871e+08,31134296576
NVIDIA RTX PRO 6000 Blackwell Workstation Edition,rna004_130bps_fast@v5.2.0,10176,2.71325e+08,31304168960
NVIDIA RTX PRO 6000 Blackwell Workstation Edition,rna004_130bps_fast@v5.2.0,10240,2.62978e+08,31463555584
NVIDIA RTX PRO 6000 Blackwell Workstation Edition,rna004_130bps_hac@v5.1.0,64,8.15297e+06,489911296
NVIDIA RTX PRO 6000 Blackwell Workstation Edition,rna004_130bps_hac@v5.1.0,128,1.4898e+07,957454848
NVIDIA RTX PRO 6000 Blackwell Workstation Edition,rna004_130bps_hac@v5.1.0,192,2.17723e+07,1425124352
NVIDIA RTX PRO 6000 Blackwell Workstation Edition,rna004_130bps_hac@v5.1.0,256,2.84821e+07,1892436480
NVIDIA RTX PRO 6000 Blackwell Workstation Edition,rna004_130bps_hac@v5.1.0,320,3.46749e+07,2361371648
NVIDIA RTX PRO 6000 Blackwell Workstation Edition,rna004_130bps_hac@v5.1.0,384,4.12099e+07,2830618112
NVIDIA RTX PRO 6000 Blackwell Workstation Edition,rna004_130bps_hac@v5.1.0,448,4.67296e+07,3297462272
NVIDIA RTX PRO 6000 Blackwell Workstation Edition,rna004_130bps_hac@v5.1.0,512,5.2286e+07,3765351424
NVIDIA RTX PRO 6000 Blackwell Workstation Edition,rna004_130bps_hac@v5.1.0,576,5.09069e+07,4252707840
NVIDIA RTX PRO 6000 Blackwell Workstation Edition,rna004_130bps_hac@v5.1.0,640,5.58716e+07,4699222016
NVIDIA RTX PRO 6000 Blackwell Workstation Edition,rna004_130bps_hac@v5.1.0,704,6.00337e+07,5166873088
NVIDIA RTX PRO 6000 Blackwell Workstation Edition,rna004_130bps_hac@v5.1.0,768,6.31696e+07,5662829568
NVIDIA RTX PRO 6000 Blackwell Workstation Edition,rna004_130bps_hac@v5.1.0,832,6.67766e+07,6096724480
NVIDIA RTX PRO 6000 Blackwell Workstation Edition,rna004_130bps_hac@v5.1.0,896,7.10344e+07,6605859840
NVIDIA RTX PRO 6000 Blackwell Workstation Edition,rna004_130bps_hac@v5.1.0,960,7.41508e+07,7058645504
NVIDIA RTX PRO 6000 Blackwell Workstation Edition,rna004_130bps_hac@v5.1.0,1024,5.94917e+07,7533499904
NVIDIA RTX PRO 6000 Blackwell Workstation Edition,rna004_130bps_hac@v5.1.0,1088,6.02833e+07,8011040768
NVIDIA RTX PRO 6000 Blackwell Workstation Edition,rna004_130bps_hac@v5.1.0,1152,6.26308e+07,8471525888
NVIDIA RTX PRO 6000 Blackwell Workstation Edition,rna004_130bps_hac@v5.1.0,1216,6.48879e+07,8933697024
NVIDIA RTX PRO 6000 Blackwell Workstation Edition,rna004_130bps_hac@v5.1.0,1280,6.81785e+07,9405989888
NVIDIA RTX PRO 6000 Blackwell Workstation Edition,rna004_130bps_hac@v5.1.0,1344,7.03465e+07,9893828608
NVIDIA RTX PRO 6000 Blackwell Workstation Edition,rna004_130bps_hac@v5.1.0,1408,7.36575e+07,10349881344
NVIDIA RTX PRO 6000 Blackwell Workstation Edition,rna004_130bps_hac@v5.1.0,1472,7.55456e+07,10781733376
NVIDIA RTX PRO 6000 Blackwell Workstation Edition,rna004_130bps_hac@v5.1.0,1536,7.71428e+07,11289403904
NVIDIA RTX PRO 6000 Blackwell Workstation Edition,rna004_130bps_hac@v5.1.0,1600,7.73541e+07,11749112320
NVIDIA RTX PRO 6000 Blackwell Workstation Edition,rna004_130bps_hac@v5.1.0,1664,8.03298e+07,12226638848
NVIDIA RTX PRO 6000 Blackwell Workstation Edition,rna004_130bps_hac@v5.1.0,1728,8.34395e+07,12703144448
NVIDIA RTX PRO 6000 Blackwell Workstation Edition,rna004_130bps_hac@v5.1.0,1792,8.46775e+07,13156889600
NVIDIA RTX PRO 6000 Blackwell Workstation Edition,rna004_130bps_hac@v5.1.0,1856,8.76797e+07,13624105472
NVIDIA RTX PRO 6000 Blackwell Workstation Edition,rna004_130bps_hac@v5.1.0,1920,9.06894e+07,14092279808
NVIDIA RTX PRO 6000 Blackwell Workstation Edition,rna004_130bps_hac@v5.1.0,1984,9.17172e+07,14569980928
NVIDIA RTX PRO 6000 Blackwell Workstation Edition,rna004_130bps_hac@v5.1.0,2048,7.81634e+07,15034080256
NVIDIA RTX PRO 6000 Blackwell Workstation Edition,rna004_130bps_hac@v5.1.0,2112,7.68135e+07,15499002880
NVIDIA RTX PRO 6000 Blackwell Workstation Edition,rna004_130bps_hac@v5.1.0,2176,7.91156e+07,15980703232
NVIDIA RTX PRO 6000 Blackwell Workstation Edition,rna004_130bps_hac@v5.1.0,2240,7.92199e+07,16441226240
NVIDIA RTX PRO 6000 Blackwell Workstation Edition,rna004_130bps_hac@v5.1.0,2304,8.13968e+07,16870784000
NVIDIA RTX PRO 6000 Blackwell Workstation Edition,rna004_130bps_hac@v5.1.0,2368,8.36938e+07,17374411264
NVIDIA RTX PRO 6000 Blackwell Workstation Edition,rna004_130bps_hac@v5.1.0,2432,8.59277e+07,17858406912
NVIDIA RTX PRO 6000 Blackwell Workstation Edition,rna004_130bps_hac@v5.1.0,2496,8.33186e+07,18316490752
NVIDIA RTX PRO 6000 Blackwell Workstation Edition,rna004_130bps_hac@v5.1.0,2560,8.76006e+07,18800782848
NVIDIA RTX PRO 6000 Blackwell Workstation Edition,rna004_130bps_hac@v5.1.0,2624,8.73954e+07,19254435840
NVIDIA RTX PRO 6000 Blackwell Workstation Edition,rna004_130bps_hac@v5.1.0,2688,9.20261e+07,19716804096
NVIDIA RTX PRO 6000 Blackwell Workstation Edition,rna004_130bps_hac@v5.1.0,2752,8.89217e+07,20211776512
NVIDIA RTX PRO 6000 Blackwell Workstation Edition,rna004_130bps_hac@v5.1.0,2816,9.62386e+07,20657364992
NVIDIA RTX PRO 6000 Blackwell Workstation Edition,rna004_130bps_hac@v5.1.0,2880,9.29856e+07,21130727424
NVIDIA RTX PRO 6000 Blackwell Workstation Edition,rna004_130bps_hac@v5.1.0,2944,9.78948e+07,21616922112
NVIDIA RTX PRO 6000 Blackwell Workstation Edition,rna004_130bps_hac@v5.1.0,3008,9.41429e+07,22086871552
NVIDIA RTX PRO 6000 Blackwell Workstation Edition,rna004_130bps_hac@v5.1.0,3072,1.011e+08,22537238016
NVIDIA RTX PRO 6000 Blackwell Workstation Edition,rna004_130bps_hac@v5.1.0,3136,9.79867e+07,22997232640
NVIDIA RTX PRO 6000 Blackwell Workstation Edition,rna004_130bps_hac@v5.1.0,3200,1.03052e+08,23472733696
NVIDIA RTX PRO 6000 Blackwell Workstation Edition,rna004_130bps_hac@v5.1.0,3264,1.02e+08,23945287680
NVIDIA RTX PRO 6000 Blackwell Workstation Edition,rna004_130bps_hac@v5.1.0,3328,1.0682e+08,24407942656
NVIDIA RTX PRO 6000 Blackwell Workstation Edition,rna004_130bps_hac@v5.1.0,3392,1.02526e+08,24891543040
NVIDIA RTX PRO 6000 Blackwell Workstation Edition,rna004_130bps_hac@v5.1.0,3456,1.07855e+08,25357462528
NVIDIA RTX PRO 6000 Blackwell Workstation Edition,rna004_130bps_hac@v5.1.0,3520,1.06291e+08,25819720192
NVIDIA RTX PRO 6000 Blackwell Workstation Edition,rna004_130bps_hac@v5.1.0,3584,1.11195e+08,26290994688
NVIDIA RTX PRO 6000 Blackwell Workstation Edition,rna004_130bps_hac@v5.1.0,3648,1.10052e+08,26762502656
NVIDIA RTX PRO 6000 Blackwell Workstation Edition,rna004_130bps_hac@v5.1.0,3712,1.15533e+08,27230937088
NVIDIA RTX PRO 6000 Blackwell Workstation Edition,rna004_130bps_hac@v5.1.0,3776,1.10273e+08,27699165696
NVIDIA RTX PRO 6000 Blackwell Workstation Edition,rna004_130bps_hac@v5.1.0,3840,1.1564e+08,28171294720
NVIDIA RTX PRO 6000 Blackwell Workstation Edition,rna004_130bps_hac@v5.1.0,3904,1.13821e+08,28649903616
NVIDIA RTX PRO 6000 Blackwell Workstation Edition,rna004_130bps_hac@v5.1.0,3968,1.19427e+08,29121014784
NVIDIA RTX PRO 6000 Blackwell Workstation Edition,rna004_130bps_hac@v5.1.0,4032,9.02023e+07,29593643008
NVIDIA RTX PRO 6000 Blackwell Workstation Edition,rna004_130bps_hac@v5.1.0,4096,8.96074e+07,30038708224
NVIDIA RTX PRO 6000 Blackwell Workstation Edition,rna004_130bps_hac@v5.1.0,4160,8.83971e+07,30531080704
NVIDIA RTX PRO 6000 Blackwell Workstation Edition,rna004_130bps_hac@v5.1.0,4224,9.00588e+07,30981681152
NVIDIA RTX PRO 6000 Blackwell Workstation Edition,rna004_130bps_hac@v5.1.0,4288,9.13021e+07,31443154432
NVIDIA RTX PRO 6000 Blackwell Workstation Edition,rna004_130bps_hac@v5.1.0,4352,9.26932e+07,31908978176
NVIDIA RTX PRO 6000 Blackwell Workstation Edition,rna004_130bps_hac@v5.1.0,4416,9.42253e+07,32379387392
NVIDIA RTX PRO 6000 Blackwell Workstation Edition,rna004_130bps_hac@v5.1.0,4480,9.47427e+07,32868082176
NVIDIA RTX PRO 6000 Blackwell Workstation Edition,rna004_130bps_hac@v5.1.0,4544,9.66525e+07,33298186752
NVIDIA RTX PRO 6000 Blackwell Workstation Edition,rna004_130bps_hac@v5.1.0,4608,9.30712e+07,33785265152
NVIDIA RTX PRO 6000 Blackwell Workstation Edition,rna004_130bps_hac@v5.1.0,4672,9.49463e+07,34253407744
NVIDIA RTX PRO 6000 Blackwell Workstation Edition,rna004_130bps_hac@v5.1.0,4736,9.62341e+07,34733872128
NVIDIA RTX PRO 6000 Blackwell Workstation Edition,rna004_130bps_hac@v5.1.0,4800,9.75734e+07,35191989248
NVIDIA RTX PRO 6000 Blackwell Workstation Edition,rna004_130bps_hac@v5.1.0,4864,9.85819e+07,35663488512
NVIDIA RTX PRO 6000 Blackwell Workstation Edition,rna004_130bps_hac@v5.1.0,4928,9.94404e+07,36126396928
NVIDIA RTX PRO 6000 Blackwell Workstation Edition,rna004_130bps_hac@v5.1.0,4992,9.53736e+07,36495207424
NVIDIA RTX PRO 6000 Blackwell Workstation Edition,rna004_130bps_hac@v5.1.0,5056,9.17868e+07,37079680000
NVIDIA RTX PRO 6000 Blackwell Workstation Edition,rna004_130bps_hac@v5.1.0,5120,8.79669e+07,37539127808
NVIDIA RTX PRO 6000 Blackwell Workstation Edition,rna004_130bps_hac@v5.1.0,5184,1.00154e+08,38012498944
NVIDIA RTX PRO 6000 Blackwell Workstation Edition,rna004_130bps_hac@v5.1.0,5248,8.6185e+07,38511771136
NVIDIA RTX PRO 6000 Blackwell Workstation Edition,rna004_130bps_hac@v5.1.0,5312,1.02494e+08,38949711872
NVIDIA RTX PRO 6000 Blackwell Workstation Edition,rna004_130bps_hac@v5.1.0,5376,9.31662e+07,39414346752
NVIDIA RTX PRO 6000 Blackwell Workstation Edition,rna004_130bps_hac@v5.1.0,5440,1.04925e+08,39875801600
NVIDIA RTX PRO 6000 Blackwell Workstation Edition,rna004_130bps_hac@v5.1.0,5504,8.93617e+07,40363330048
NVIDIA RTX PRO 6000 Blackwell Workstation Edition,rna004_130bps_hac@v5.1.0,5568,1.06258e+08,40695528960
NVIDIA RTX PRO 6000 Blackwell Workstation Edition,rna004_130bps_hac@v5.1.0,5632,9.55352e+07,41288450560
NVIDIA RTX PRO 6000 Blackwell Workstation Edition,rna004_130bps_hac@v5.1.0,5696,1.09572e+08,41758551040
NVIDIA RTX PRO 6000 Blackwell Workstation Edition,rna004_130bps_hac@v5.1.0,5760,9.43064e+07,42226368512
NVIDIA RTX PRO 6000 Blackwell Workstation Edition,rna004_130bps_hac@v5.1.0,5824,1.11888e+08,42713754624
NVIDIA RTX PRO 6000 Blackwell Workstation Edition,rna004_130bps_hac@v5.1.0,5888,9.62686e+07,43166305280
NVIDIA RTX PRO 6000 Blackwell Workstation Edition,rna004_130bps_hac@v5.1.0,5952,1.08945e+08,43637387776
NVIDIA RTX PRO 6000 Blackwell Workstation Edition,rna004_130bps_hac@v5.1.0,6016,9.82681e+07,44145843712
NVIDIA RTX PRO 6000 Blackwell Workstation Edition,rna004_130bps_hac@v5.1.0,6080,9.34961e+07,44576753664
NVIDIA RTX PRO 6000 Blackwell Workstation Edition,rna004_130bps_hac@v5.1.0,6144,9.92868e+07,44903606272
NVIDIA RTX PRO 6000 Blackwell Workstation Edition,rna004_130bps_hac@v5.1.0,6208,9.53515e+07,45505678848
NVIDIA RTX PRO 6000 Blackwell Workstation Edition,rna004_130bps_hac@v5.1.0,6272,1.02083e+08,45969044992
NVIDIA RTX PRO 6000 Blackwell Workstation Edition,rna004_130bps_hac@v5.1.0,6336,9.72274e+07,46451365376
NVIDIA RTX PRO 6000 Blackwell Workstation Edition,rna004_130bps_hac@v5.1.0,6400,1.04242e+08,46916391936
NVIDIA RTX PRO 6000 Blackwell Workstation Edition,rna004_130bps_hac@v5.1.0,6464,9.87079e+07,47377333248
NVIDIA RTX PRO 6000 Blackwell Workstation Edition,rna004_130bps_hac@v5.1.0,6528,1.00121e+08,47846721024
NVIDIA RTX PRO 6000 Blackwell Workstation Edition,rna004_130bps_hac@v5.1.0,6592,1.00938e+08,48327590400
NVIDIA RTX PRO 6000 Blackwell Workstation Edition,rna004_130bps_hac@v5.1.0,6656,1.07442e+08,48639784960
NVIDIA RTX PRO 6000 Blackwell Workstation Edition,rna004_130bps_hac@v5.1.0,6720,1.02598e+08,49225703936
NVIDIA RTX PRO 6000 Blackwell Workstation Edition,rna004_130bps_hac@v5.1.0,6784,1.03903e+08,49798649856
NVIDIA RTX PRO 6000 Blackwell Workstation Edition,rna004_130bps_hac@v5.1.0,6848,1.03132e+08,50040726528
NVIDIA RTX PRO 6000 Blackwell Workstation Edition,rna004_130bps_hac@v5.1.0,6912,1.11913e+08,50628830720
NVIDIA RTX PRO 6000 Blackwell Workstation Edition,rna004_130bps_hac@v5.1.0,6976,9.91289e+07,50967696384
NVIDIA RTX PRO 6000 Blackwell Workstation Edition,rna004_130bps_hac@v5.1.0,7040,1.07161e+08,51423405056
NVIDIA RTX PRO 6000 Blackwell Workstation Edition,rna004_130bps_hac@v5.1.0,7104,1.01906e+08,51941890560
NVIDIA RTX PRO 6000 Blackwell Workstation Edition,rna004_130bps_hac@v5.1.0,7168,1.14598e+08,52374927360
NVIDIA RTX PRO 6000 Blackwell Workstation Edition,rna004_130bps_hac@v5.1.0,7232,1.02669e+08,52866704384
NVIDIA RTX PRO 6000 Blackwell Workstation Edition,rna004_130bps_hac@v5.1.0,7296,1.08751e+08,53307769856
NVIDIA RTX PRO 6000 Blackwell Workstation Edition,rna004_130bps_hac@v5.1.0,7360,9.86778e+07,53968285696
NVIDIA RTX PRO 6000 Blackwell Workstation Edition,rna004_130bps_hac@v5.1.0,7424,1.12896e+08,54427660800
NVIDIA RTX PRO 6000 Blackwell Workstation Edition,rna004_130bps_hac@v5.1.0,7488,1.05954e+08,54890565632
NVIDIA RTX PRO 6000 Blackwell Workstation Edition,rna004_130bps_hac@v5.1.0,7552,1.07547e+08,55370263040
NVIDIA RTX PRO 6000 Blackwell Workstation Edition,rna004_130bps_hac@v5.1.0,7616,1.08791e+08,55838907904
NVIDIA RTX PRO 6000 Blackwell Workstation Edition,rna004_130bps_hac@v5.1.0,7680,1.15866e+08,56295758336
NVIDIA RTX PRO 6000 Blackwell Workstation Edition,rna004_130bps_hac@v5.1.0,7744,1.10402e+08,56843044864
NVIDIA RTX PRO 6000 Blackwell Workstation Edition,rna004_130bps_hac@v5.1.0,7808,1.10525e+08,57239763968
NVIDIA RTX PRO 6000 Blackwell Workstation Edition,rna004_130bps_hac@v5.1.0,7872,1.11701e+08,57583482368
NVIDIA RTX PRO 6000 Blackwell Workstation Edition,rna004_130bps_hac@v5.1.0,7936,1.19943e+08,58212611072
NVIDIA RTX PRO 6000 Blackwell Workstation Edition,rna004_130bps_hac@v5.1.0,8000,9.17253e+07,58676290048
NVIDIA RTX PRO 6000 Blackwell Workstation Edition,rna004_130bps_hac@v5.1.0,8064,8.45118e+07,59109515776
NVIDIA RTX PRO 6000 Blackwell Workstation Edition,rna004_130bps_hac@v5.1.0,8128,9.17452e+07,59589343232
NVIDIA RTX PRO 6000 Blackwell Workstation Edition,rna004_130bps_hac@v5.1.0,8192,8.90579e+07,60049843712
NVIDIA RTX PRO 6000 Blackwell Workstation Edition,rna004_130bps_hac@v5.1.0,8256,9.30132e+07,60511010304
NVIDIA RTX PRO 6000 Blackwell Workstation Edition,rna004_130bps_hac@v5.1.0,8320,8.72608e+07,60972317184
NVIDIA RTX PRO 6000 Blackwell Workstation Edition,rna004_130bps_hac@v5.1.0,8384,1.02806e+08,61237765120
NVIDIA RTX PRO 6000 Blackwell Workstation Edition,rna004_130bps_hac@v5.1.0,8448,8.22205e+07,61929968640
NVIDIA RTX PRO 6000 Blackwell Workstation Edition,rna004_130bps_hac@v5.1.0,8512,9.2499e+07,62395728384
NVIDIA RTX PRO 6000 Blackwell Workstation Edition,rna004_130bps_hac@v5.1.0,8576,8.86335e+07,62659758080
NVIDIA RTX PRO 6000 Blackwell Workstation Edition,rna004_130bps_hac@v5.1.0,8640,9.67632e+07,63182175744
NVIDIA RTX PRO 6000 Blackwell Workstation Edition,rna004_130bps_hac@v5.1.0,8704,8.80903e+07,63798324224
NVIDIA RTX PRO 6000 Blackwell Workstation Edition,rna004_130bps_hac@v5.1.0,8768,9.29526e+07,64262849536
NVIDIA RTX PRO 6000 Blackwell Workstation Edition,rna004_130bps_hac@v5.1.0,8832,9.07953e+07,64558588928
NVIDIA RTX PRO 6000 Blackwell Workstation Edition,rna004_130bps_hac@v5.1.0,8896,9.89952e+07,65148457472
NVIDIA RTX PRO 6000 Blackwell Workstation Edition,rna004_130bps_hac@v5.1.0,8960,9.21211e+07,65678633984
NVIDIA RTX PRO 6000 Blackwell Workstation Edition,rna004_130bps_hac@v5.1.0,9024,1.00509e+08,66146199040
NVIDIA RTX PRO 6000 Blackwell Workstation Edition,rna004_130bps_hac@v5.1.0,9088,9.36047e+07,66609923584
NVIDIA RTX PRO 6000 Blackwell Workstation Edition,rna004_130bps_hac@v5.1.0,9152,9.56387e+07,67073934336
NVIDIA RTX PRO 6000 Blackwell Workstation Edition,rna004_130bps_hac@v5.1.0,9216,9.03676e+07,67547643392
NVIDIA RTX PRO 6000 Blackwell Workstation Edition,rna004_130bps_hac@v5.1.0,9280,9.47971e+07,67777379328
NVIDIA RTX PRO 6000 Blackwell Workstation Edition,rna004_130bps_hac@v5.1.0,9344,9.612e+07,68259244032
NVIDIA RTX PRO 6000 Blackwell Workstation Edition,rna004_130bps_hac@v5.1.0,9408,9.7485e+07,68911866880
NVIDIA RTX PRO 6000 Blackwell Workstation Edition,rna004_130bps_hac@v5.1.0,9472,9.6304e+07,69200895488
NVIDIA RTX PRO 6000 Blackwell Workstation Edition,rna004_130bps_hac@v5.1.0,9536,9.71439e+07,69660186112
NVIDIA RTX PRO 6000 Blackwell Workstation Edition,rna004_130bps_hac@v5.1.0,9600,9.65232e+07,70106892288
NVIDIA RTX PRO 6000 Blackwell Workstation Edition,rna004_130bps_hac@v5.1.0,9664,1.00595e+08,70591349760
NVIDIA RTX PRO 6000 Blackwell Workstation Edition,rna004_130bps_hac@v5.1.0,9728,9.89734e+07,71044347904
NVIDIA RTX PRO 6000 Blackwell Workstation Edition,rna004_130bps_hac@v5.1.0,9792,9.15577e+07,71769778688
NVIDIA RTX PRO 6000 Blackwell Workstation Edition,rna004_130bps_hac@v5.1.0,9856,9.89344e+07,71977610752
NVIDIA RTX PRO 6000 Blackwell Workstation Edition,rna004_130bps_hac@v5.1.0,9920,1.0616e+08,72459970048
NVIDIA RTX PRO 6000 Blackwell Workstation Edition,rna004_130bps_hac@v5.1.0,9984,1.0072e+08,72957348352
NVIDIA RTX PRO 6000 Blackwell Workstation Edition,rna004_130bps_hac@v5.1.0,10048,9.40686e+07,73378551296
NVIDIA RTX PRO 6000 Blackwell Workstation Edition,rna004_130bps_hac@v5.1.0,10112,1.0228e+08,74155194880
NVIDIA RTX PRO 6000 Blackwell Workstation Edition,rna004_130bps_hac@v5.1.0,10176,9.42874e+07,74317113856
NVIDIA RTX PRO 6000 Blackwell Workstation Edition,rna004_130bps_hac@v5.1.0,10240,1.00876e+08,74853933056
NVIDIA RTX PRO 6000 Blackwell Workstation Edition,rna004_130bps_hac@v5.2.0,64,7.71866e+06,490093568
NVIDIA RTX PRO 6000 Blackwell Workstation Edition,rna004_130bps_hac@v5.2.0,128,1.41538e+07,957592064
NVIDIA RTX PRO 6000 Blackwell Workstation Edition,rna004_130bps_hac@v5.2.0,192,2.06607e+07,1424740352
NVIDIA RTX PRO 6000 Blackwell Workstation Edition,rna004_130bps_hac@v5.2.0,256,2.72604e+07,1894029824
NVIDIA RTX PRO 6000 Blackwell Workstation Edition,rna004_130bps_hac@v5.2.0,320,3.31151e+07,2359221248
NVIDIA RTX PRO 6000 Blackwell Workstation Edition,rna004_130bps_hac@v5.2.0,384,3.93348e+07,2829043712
NVIDIA RTX PRO 6000 Blackwell Workstation Edition,rna004_130bps_hac@v5.2.0,448,4.45209e+07,3294939648
NVIDIA RTX PRO 6000 Blackwell Workstation Edition,rna004_130bps_hac@v5.2.0,512,5.03471e+07,3783353856
NVIDIA RTX PRO 6000 Blackwell Workstation Edition,rna004_130bps_hac@v5.2.0,576,4.8622e+07,4231863808
NVIDIA RTX PRO 6000 Blackwell Workstation Edition,rna004_130bps_hac@v5.2.0,640,5.32514e+07,4699368448
NVIDIA RTX PRO 6000 Blackwell Workstation Edition,rna004_130bps_hac@v5.2.0,704,5.79662e+07,5192608256
NVIDIA RTX PRO 6000 Blackwell Workstation Edition,rna004_130bps_hac@v5.2.0,768,6.089e+07,5662823424
NVIDIA RTX PRO 6000 Blackwell Workstation Edition,rna004_130bps_hac@v5.2.0,832,6.43493e+07,6120039936
NVIDIA RTX PRO 6000 Blackwell Workstation Edition,rna004_130bps_hac@v5.2.0,896,6.83808e+07,6589884928
NVIDIA RTX PRO 6000 Blackwell Workstation Edition,rna004_130bps_hac@v5.2.0,960,7.13295e+07,7033562112
NVIDIA RTX PRO 6000 Blackwell Workstation Edition,rna004_130bps_hac@v5.2.0,1024,5.76869e+07,7526230528
NVIDIA RTX PRO 6000 Blackwell Workstation Edition,rna004_130bps_hac@v5.2.0,1088,5.92302e+07,7998540288
NVIDIA RTX PRO 6000 Blackwell Workstation Edition,rna004_130bps_hac@v5.2.0,1152,6.04074e+07,8463189504
NVIDIA RTX PRO 6000 Blackwell Workstation Edition,rna004_130bps_hac@v5.2.0,1216,6.37177e+07,8934181376
NVIDIA RTX PRO 6000 Blackwell Workstation Edition,rna004_130bps_hac@v5.2.0,1280,6.57537e+07,9401171968
NVIDIA RTX PRO 6000 Blackwell Workstation Edition,rna004_130bps_hac@v5.2.0,1344,6.90131e+07,9893783040
NVIDIA RTX PRO 6000 Blackwell Workstation Edition,rna004_130bps_hac@v5.2.0,1408,7.04989e+07,10339905536
NVIDIA RTX PRO 6000 Blackwell Workstation Edition,rna004_130bps_hac@v5.2.0,1472,7.38792e+07,10842696704
NVIDIA RTX PRO 6000 Blackwell Workstation Edition,rna004_130bps_hac@v5.2.0,1536,7.56438e+07,11282594304
NVIDIA RTX PRO 6000 Blackwell Workstation Edition,rna004_130bps_hac@v5.2.0,1600,7.57673e+07,11748959232
NVIDIA RTX PRO 6000 Blackwell Workstation Edition,rna004_130bps_hac@v5.2.0,1664,7.87109e+07,12226744320
NVIDIA RTX PRO 6000 Blackwell Workstation Edition,rna004_130bps_hac@v5.2.0,1728,8.17216e+07,12691987456
NVIDIA RTX PRO 6000 Blackwell Workstation Edition,rna004_130bps_hac@v5.2.0,1792,8.28585e+07,13157053952
NVIDIA RTX PRO 6000 Blackwell Workstation Edition,rna004_130bps_hac@v5.2.0,1856,8.54469e+07,13631237120
NVIDIA RTX PRO 6000 Blackwell Workstation Edition,rna004_130bps_hac@v5.2.0,1920,8.6845e+07,14089982464
NVIDIA RTX PRO 6000 Blackwell Workstation Edition,rna004_130bps_hac@v5.2.0,1984,8.97608e+07,14570574336
NVIDIA RTX PRO 6000 Blackwell Workstation Edition,rna004_130bps_hac@v5.2.0,2048,7.6146e+07,15069533696
NVIDIA RTX PRO 6000 Blackwell Workstation Edition,rna004_130bps_hac@v5.2.0,2112,7.6719e+07,15499034624
NVIDIA RTX PRO 6000 Blackwell Workstation Edition,rna004_130bps_hac@v5.2.0,2176,7.90384e+07,15974353920
NVIDIA RTX PRO 6000 Blackwell Workstation Edition,rna004_130bps_hac@v5.2.0,2240,7.88491e+07,16441989632
NVIDIA RTX PRO 6000 Blackwell Workstation Edition,rna004_130bps_hac@v5.2.0,2304,8.12056e+07,16913297408
NVIDIA RTX PRO 6000 Blackwell Workstation Edition,rna004_130bps_hac@v5.2.0,2368,8.13811e+07,17416849920
NVIDIA RTX PRO 6000 Blackwell Workstation Edition,rna004_130bps_hac@v5.2.0,2432,8.34648e+07,17844394496
NVIDIA RTX PRO 6000 Blackwell Workstation Edition,rna004_130bps_hac@v5.2.0,2496,8.07737e+07,18361829888
NVIDIA RTX PRO 6000 Blackwell Workstation Edition,rna004_130bps_hac@v5.2.0,2560,8.75777e+07,18782804480
NVIDIA RTX PRO 6000 Blackwell Workstation Edition,rna004_130bps_hac@v5.2.0,2624,8.48652e+07,19252573696
NVIDIA RTX PRO 6000 Blackwell Workstation Edition,rna004_130bps_hac@v5.2.0,2688,8.93571e+07,19656946176
NVIDIA RTX PRO 6000 Blackwell Workstation Edition,rna004_130bps_hac@v5.2.0,2752,8.8911e+07,20196389888
NVIDIA RTX PRO 6000 Blackwell Workstation Edition,rna004_130bps_hac@v5.2.0,2816,9.36128e+07,20654697472
NVIDIA RTX PRO 6000 Blackwell Workstation Edition,rna004_130bps_hac@v5.2.0,2880,9.01563e+07,21152819200
NVIDIA RTX PRO 6000 Blackwell Workstation Edition,rna004_130bps_hac@v5.2.0,2944,9.78843e+07,21599373824
NVIDIA RTX PRO 6000 Blackwell Workstation Edition,rna004_130bps_hac@v5.2.0,3008,9.40757e+07,22063964160
NVIDIA RTX PRO 6000 Blackwell Workstation Edition,rna004_130bps_hac@v5.2.0,3072,9.82821e+07,22536131584
NVIDIA RTX PRO 6000 Blackwell Workstation Edition,rna004_130bps_hac@v5.2.0,3136,9.50185e+07,22996004352
NVIDIA RTX PRO 6000 Blackwell Workstation Edition,rna004_130bps_hac@v5.2.0,3200,1.03071e+08,23490622976
NVIDIA RTX PRO 6000 Blackwell Workstation Edition,rna004_130bps_hac@v5.2.0,3264,9.88535e+07,23938219520
NVIDIA RTX PRO 6000 Blackwell Workstation Edition,rna004_130bps_hac@v5.2.0,3328,1.03894e+08,24425905664
NVIDIA RTX PRO 6000 Blackwell Workstation Edition,rna004_130bps_hac@v5.2.0,3392,1.0241e+08,24877664256
NVIDIA RTX PRO 6000 Blackwell Workstation Edition,rna004_130bps_hac@v5.2.0,3456,1.07799e+08,25357709312
NVIDIA RTX PRO 6000 Blackwell Workstation Edition,rna004_130bps_hac@v5.2.0,3520,1.02953e+08,25819533312
NVIDIA RTX PRO 6000 Blackwell Workstation Edition,rna004_130bps_hac@v5.2.0,3584,1.11103e+08,26319321088
NVIDIA RTX PRO 6000 Blackwell Workstation Edition,rna004_130bps_hac@v5.2.0,3648,1.06566e+08,26750955008
NVIDIA RTX PRO 6000 Blackwell Workstation Edition,rna004_130bps_hac@v5.2.0,3712,1.1204e+08,27259745280
NVIDIA RTX PRO 6000 Blackwell Workstation Edition,rna004_130bps_hac@v5.2.0,3776,1.1017e+08,27716549120
NVIDIA RTX PRO 6000 Blackwell Workstation Edition,rna004_130bps_hac@v5.2.0,3840,1.15532e+08,28161041408
NVIDIA RTX PRO 6000 Blackwell Workstation Edition,rna004_130bps_hac@v5.2.0,3904,1.10115e+08,28637286400
NVIDIA RTX PRO 6000 Blackwell Workstation Edition,rna004_130bps_hac@v5.2.0,3968,1.15577e+08,29110539264
NVIDIA RTX PRO 6000 Blackwell Workstation Edition,rna004_130bps_hac@v5.2.0,4032,9.0002e+07,29575111680
NVIDIA RTX PRO 6000 Blackwell Workstation Edition,rna004_130bps_hac@v5.2.0,4096,8.63913e+07,30047521280
NVIDIA RTX PRO 6000 Blackwell Workstation Edition,rna004_130bps_hac@v5.2.0,4160,8.83722e+07,30497977856
NVIDIA RTX PRO 6000 Blackwell Workstation Edition,rna004_130bps_hac@v5.2.0,4224,8.9751e+07,30982228992
NVIDIA RTX PRO 6000 Blackwell Workstation Edition,rna004_130bps_hac@v5.2.0,4288,9.0696e+07,31429898240
NVIDIA RTX PRO 6000 Blackwell Workstation Edition,rna004_130bps_hac@v5.2.0,4352,8.86156e+07,31908931072
NVIDIA RTX PRO 6000 Blackwell Workstation Edition,rna004_130bps_hac@v5.2.0,4416,9.01029e+07,32401616384
NVIDIA RTX PRO 6000 Blackwell Workstation Edition,rna004_130bps_hac@v5.2.0,4480,9.12913e+07,32860038144
NVIDIA RTX PRO 6000 Blackwell Workstation Edition,rna004_130bps_hac@v5.2.0,4544,9.25278e+07,33224657408
NVIDIA RTX PRO 6000 Blackwell Workstation Edition,rna004_130bps_hac@v5.2.0,4608,9.27275e+07,33785675776
NVIDIA RTX PRO 6000 Blackwell Workstation Edition,rna004_130bps_hac@v5.2.0,4672,9.39792e+07,34163567104
NVIDIA RTX PRO 6000 Blackwell Workstation Edition,rna004_130bps_hac@v5.2.0,4736,9.6246e+07,34733657600
NVIDIA RTX PRO 6000 Blackwell Workstation Edition,rna004_130bps_hac@v5.2.0,4800,9.7572e+07,35192455168
NVIDIA RTX PRO 6000 Blackwell Workstation Edition,rna004_130bps_hac@v5.2.0,4864,9.82006e+07,35717276160
NVIDIA RTX PRO 6000 Blackwell Workstation Edition,rna004_130bps_hac@v5.2.0,4928,9.99229e+07,36149788160
NVIDIA RTX PRO 6000 Blackwell Workstation Edition,rna004_130bps_hac@v5.2.0,4992,9.1619e+07,36612080640
NVIDIA RTX PRO 6000 Blackwell Workstation Edition,rna004_130bps_hac@v5.2.0,5056,9.20188e+07,36959362560
NVIDIA RTX PRO 6000 Blackwell Workstation Edition,rna004_130bps_hac@v5.2.0,5120,9.16952e+07,37580228096
NVIDIA RTX PRO 6000 Blackwell Workstation Edition,rna004_130bps_hac@v5.2.0,5184,9.91451e+07,38002447872
NVIDIA RTX PRO 6000 Blackwell Workstation Edition,rna004_130bps_hac@v5.2.0,5248,8.61158e+07,38488679424
NVIDIA RTX PRO 6000 Blackwell Workstation Edition,rna004_130bps_hac@v5.2.0,5312,1.02281e+08,38949361152
NVIDIA RTX PRO 6000 Blackwell Workstation Edition,rna004_130bps_hac@v5.2.0,5376,9.31428e+07,39414727680
NVIDIA RTX PRO 6000 Blackwell Workstation Edition,rna004_130bps_hac@v5.2.0,5440,1.04948e+08,39875739136
NVIDIA RTX PRO 6000 Blackwell Workstation Edition,rna004_130bps_hac@v5.2.0,5504,9.02595e+07,40363275776
NVIDIA RTX PRO 6000 Blackwell Workstation Edition,rna004_130bps_hac@v5.2.0,5568,1.07251e+08,40849373184
NVIDIA RTX PRO 6000 Blackwell Workstation Edition,rna004_130bps_hac@v5.2.0,5632,9.60673e+07,41156917248
NVIDIA RTX PRO 6000 Blackwell Workstation Edition,rna004_130bps_hac@v5.2.0,5696,1.08705e+08,41758807040
NVIDIA RTX PRO 6000 Blackwell Workstation Edition,rna004_130bps_hac@v5.2.0,5760,9.32051e+07,42226473472
NVIDIA RTX PRO 6000 Blackwell Workstation Edition,rna004_130bps_hac@v5.2.0,5824,1.0346e+08,42709905408
NVIDIA RTX PRO 6000 Blackwell Workstation Edition,rna004_130bps_hac@v5.2.0,5888,9.54499e+07,43166116864
NVIDIA RTX PRO 6000 Blackwell Workstation Edition,rna004_130bps_hac@v5.2.0,5952,1.08586e+08,43631385088
NVIDIA RTX PRO 6000 Blackwell Workstation Edition,rna004_130bps_hac@v5.2.0,6016,9.2497e+07,44120635904
NVIDIA RTX PRO 6000 Blackwell Workstation Edition,rna004_130bps_hac@v5.2.0,6080,9.32999e+07,44576753664
NVIDIA RTX PRO 6000 Blackwell Workstation Edition,rna004_130bps_hac@v5.2.0,6144,9.8604e+07,45051066368
NVIDIA RTX PRO 6000 Blackwell Workstation Edition,rna004_130bps_hac@v5.2.0,6208,9.51613e+07,45555519488
NVIDIA RTX PRO 6000 Blackwell Workstation Edition,rna004_130bps_hac@v5.2.0,6272,9.62031e+07,45965506048
NVIDIA RTX PRO 6000 Blackwell Workstation Edition,rna004_130bps_hac@v5.2.0,6336,9.71124e+07,46465228288
NVIDIA RTX PRO 6000 Blackwell Workstation Edition,rna004_130bps_hac@v5.2.0,6400,1.04318e+08,46916727296
NVIDIA RTX PRO 6000 Blackwell Workstation Edition,rna004_130bps_hac@v5.2.0,6464,9.32423e+07,47377404416
NVIDIA RTX PRO 6000 Blackwell Workstation Edition,rna004_130bps_hac@v5.2.0,6528,9.99827e+07,47846633472
NVIDIA RTX PRO 6000 Blackwell Workstation Edition,rna004_130bps_hac@v5.2.0,6592,9.4855e+07,48339911680
NVIDIA RTX PRO 6000 Blackwell Workstation Edition,rna004_130bps_hac@v5.2.0,6656,1.07305e+08,48816417792
NVIDIA RTX PRO 6000 Blackwell Workstation Edition,rna004_130bps_hac@v5.2.0,6720,9.66424e+07,49261544960
NVIDIA RTX PRO 6000 Blackwell Workstation Edition,rna004_130bps_hac@v5.2.0,6784,1.03814e+08,49722926592
NVIDIA RTX PRO 6000 Blackwell Workstation Edition,rna004_130bps_hac@v5.2.0,6848,9.7905e+07,50211753984
NVIDIA RTX PRO 6000 Blackwell Workstation Edition,rna004_130bps_hac@v5.2.0,6912,1.05573e+08,50671708672
NVIDIA RTX PRO 6000 Blackwell Workstation Edition,rna004_130bps_hac@v5.2.0,6976,9.8944e+07,50974190080
NVIDIA RTX PRO 6000 Blackwell Workstation Edition,rna004_130bps_hac@v5.2.0,7040,1.07348e+08,51583440384
NVIDIA RTX PRO 6000 Blackwell Workstation Edition,rna004_130bps_hac@v5.2.0,7104,1.01418e+08,51941837824
NVIDIA RTX PRO 6000 Blackwell Workstation Edition,rna004_130bps_hac@v5.2.0,7168,1.08232e+08,52407406080
NVIDIA RTX PRO 6000 Blackwell Workstation Edition,rna004_130bps_hac@v5.2.0,7232,1.02663e+08,52844460032
NVIDIA RTX PRO 6000 Blackwell Workstation Edition,rna004_130bps_hac@v5.2.0,7296,1.03587e+08,53470455296
NVIDIA RTX PRO 6000 Blackwell Workstation Edition,rna004_130bps_hac@v5.2.0,7360,1.04094e+08,53821008896
NVIDIA RTX PRO 6000 Blackwell Workstation Edition,rna004_130bps_hac@v5.2.0,7424,1.11321e+08,54427021824
NVIDIA RTX PRO 6000 Blackwell Workstation Edition,rna004_130bps_hac@v5.2.0,7488,1.05425e+08,54697295360
NVIDIA RTX PRO 6000 Blackwell Workstation Edition,rna004_130bps_hac@v5.2.0,7552,1.08137e+08,55186050560
NVIDIA RTX PRO 6000 Blackwell Workstation Edition,rna004_130bps_hac@v5.2.0,7616,1.0196e+08,55831056896
NVIDIA RTX PRO 6000 Blackwell Workstation Edition,rna004_130bps_hac@v5.2.0,7680,1.09144e+08,56315957760
NVIDIA RTX PRO 6000 Blackwell Workstation Edition,rna004_130bps_hac@v5.2.0,7744,1.10363e+08,56684940800
NVIDIA RTX PRO 6000 Blackwell Workstation Edition,rna004_130bps_hac@v5.2.0,7808,1.04544e+08,57258321920
NVIDIA RTX PRO 6000 Blackwell Workstation Edition,rna004_130bps_hac@v5.2.0,7872,1.03926e+08,57739414016
NVIDIA RTX PRO 6000 Blackwell Workstation Edition,rna004_130bps_hac@v5.2.0,7936,1.09025e+08,58176007168
NVIDIA RTX PRO 6000 Blackwell Workstation Edition,rna004_130bps_hac@v5.2.0,8000,9.84478e+07,58499239424
NVIDIA RTX PRO 6000 Blackwell Workstation Edition,rna004_130bps_hac@v5.2.0,8064,8.40959e+07,59124135424
NVIDIA RTX PRO 6000 Blackwell Workstation Edition,rna004_130bps_hac@v5.2.0,8128,8.48084e+07,59582229504
NVIDIA RTX PRO 6000 Blackwell Workstation Edition,rna004_130bps_hac@v5.2.0,8192,7.79696e+07,59839740416
NVIDIA RTX PRO 6000 Blackwell Workstation Edition,rna004_130bps_hac@v5.2.0,8256,9.40573e+07,60541900800
NVIDIA RTX PRO 6000 Blackwell Workstation Edition,rna004_130bps_hac@v5.2.0,8320,7.96276e+07,61009567232
NVIDIA RTX PRO 6000 Blackwell Workstation Edition,rna004_130bps_hac@v5.2.0,8384,9.45983e+07,61461264384
NVIDIA RTX PRO 6000 Blackwell Workstation Edition,rna004_130bps_hac@v5.2.0,8448,8.46052e+07,61877377536
NVIDIA RTX PRO 6000 Blackwell Workstation Edition,rna004_130bps_hac@v5.2.0,8512,9.72665e+07,62395520000
NVIDIA RTX PRO 6000 Blackwell Workstation Edition,rna004_130bps_hac@v5.2.0,8576,8.77728e+07,62659554304
NVIDIA RTX PRO 6000 Blackwell Workstation Edition,rna004_130bps_hac@v5.2.0,8640,9.7067e+07,63377942016
NVIDIA RTX PRO 6000 Blackwell Workstation Edition,rna004_130bps_hac@v5.2.0,8704,8.81057e+07,63798839296
NVIDIA RTX PRO 6000 Blackwell Workstation Edition,rna004_130bps_hac@v5.2.0,8768,9.93827e+07,64068332544
NVIDIA RTX PRO 6000 Blackwell Workstation Edition,rna004_130bps_hac@v5.2.0,8832,8.99676e+07,64674177024
NVIDIA RTX PRO 6000 Blackwell Workstation Edition,rna004_130bps_hac@v5.2.0,8896,9.57032e+07,65202437632
NVIDIA RTX PRO 6000 Blackwell Workstation Edition,rna004_130bps_hac@v5.2.0,8960,8.8297e+07,65678843904
NVIDIA RTX PRO 6000 Blackwell Workstation Edition,rna004_130bps_hac@v5.2.0,9024,1.02545e+08,66146728448
NVIDIA RTX PRO 6000 Blackwell Workstation Edition,rna004_130bps_hac@v5.2.0,9088,9.40145e+07,66479562240
NVIDIA RTX PRO 6000 Blackwell Workstation Edition,rna004_130bps_hac@v5.2.0,9152,9.87048e+07,67073169920
NVIDIA RTX PRO 6000 Blackwell Workstation Edition,rna004_130bps_hac@v5.2.0,9216,8.66415e+07,67547630592
NVIDIA RTX PRO 6000 Blackwell Workstation Edition,rna004_130bps_hac@v5.2.0,9280,9.54498e+07,68015198208
NVIDIA RTX PRO 6000 Blackwell Workstation Edition,rna004_130bps_hac@v5.2.0,9344,9.02303e+07,68326828032
NVIDIA RTX PRO 6000 Blackwell Workstation Edition,rna004_130bps_hac@v5.2.0,9408,1.03901e+08,68979170816
NVIDIA RTX PRO 6000 Blackwell Workstation Edition,rna004_130bps_hac@v5.2.0,9472,9.71854e+07,69376141312
NVIDIA RTX PRO 6000 Blackwell Workstation Edition,rna004_130bps_hac@v5.2.0,9536,9.76591e+07,69665328640
NVIDIA RTX PRO 6000 Blackwell Workstation Edition,rna004_130bps_hac@v5.2.0,9600,9.07292e+07,70125768192
NVIDIA RTX PRO 6000 Blackwell Workstation Edition,rna004_130bps_hac@v5.2.0,9664,9.87669e+07,70572475392
NVIDIA RTX PRO 6000 Blackwell Workstation Edition,rna004_130bps_hac@v5.2.0,9728,8.23315e+07,71057883136
NVIDIA RTX PRO 6000 Blackwell Workstation Edition,rna004_130bps_hac@v5.2.0,9792,1.02039e+08,71766980096
NVIDIA RTX PRO 6000 Blackwell Workstation Edition,rna004_130bps_hac@v5.2.0,9856,9.41368e+07,72165660160
NVIDIA RTX PRO 6000 Blackwell Workstation Edition,rna004_130bps_hac@v5.2.0,9920,1.03619e+08,72441095168
NVIDIA RTX PRO 6000 Blackwell Workstation Edition,rna004_130bps_hac@v5.2.0,9984,9.35878e+07,72919260672
NVIDIA RTX PRO 6000 Blackwell Workstation Edition,rna004_130bps_hac@v5.2.0,10048,9.2796e+07,73436027904
NVIDIA RTX PRO 6000 Blackwell Workstation Edition,rna004_130bps_hac@v5.2.0,10112,9.34273e+07,73846230528
NVIDIA RTX PRO 6000 Blackwell Workstation Edition,rna004_130bps_hac@v5.2.0,10176,9.40563e+07,74317121024
NVIDIA RTX PRO 6000 Blackwell Workstation Edition,rna004_130bps_hac@v5.2.0,10240,1.01315e+08,74790948352
NVIDIA RTX PRO 6000 Blackwell Workstation Edition,rna004_130bps_sup@v5.1.0,32,7.62116e+06,2495392768
NVIDIA RTX PRO 6000 Blackwell Workstation Edition,rna004_130bps_sup@v5.1.0,64,1.11319e+07,3669832192
NVIDIA RTX PRO 6000 Blackwell Workstation Edition,rna004_130bps_sup@v5.1.0,96,1.3016e+07,4841256448
NVIDIA RTX PRO 6000 Blackwell Workstation Edition,rna004_130bps_sup@v5.1.0,128,1.45645e+07,6031817728
NVIDIA RTX PRO 6000 Blackwell Workstation Edition,rna004_130bps_sup@v5.1.0,160,1.55605e+07,7220412928
NVIDIA RTX PRO 6000 Blackwell Workstation Edition,rna004_130bps_sup@v5.1.0,192,1.51431e+07,8410908672
NVIDIA RTX PRO 6000 Blackwell Workstation Edition,rna004_130bps_sup@v5.1.0,224,1.56172e+07,9600913920
NVIDIA RTX PRO 6000 Blackwell Workstation Edition,rna004_130bps_sup@v5.1.0,256,1.59698e+07,10792227840
NVIDIA RTX PRO 6000 Blackwell Workstation Edition,rna004_130bps_sup@v5.1.0,288,1.63793e+07,11982658048
NVIDIA RTX PRO 6000 Blackwell Workstation Edition,rna004_130bps_sup@v5.1.0,320,1.70085e+07,13176692736
NVIDIA RTX PRO 6000 Blackwell Workstation Edition,rna004_130bps_sup@v5.1.0,352,1.7371e+07,14364601344
NVIDIA RTX PRO 6000 Blackwell Workstation Edition,rna004_130bps_sup@v5.1.0,384,1.68569e+07,15555392000
NVIDIA RTX PRO 6000 Blackwell Workstation Edition,rna004_130bps_sup@v5.1.0,416,1.67172e+07,16745951744
NVIDIA RTX PRO 6000 Blackwell Workstation Edition,rna004_130bps_sup@v5.1.0,448,1.71685e+07,17935400960
NVIDIA RTX PRO 6000 Blackwell Workstation Edition,rna004_130bps_sup@v5.1.0,480,1.6708e+07,19125995008
NVIDIA RTX PRO 6000 Blackwell Workstation Edition,rna004_130bps_sup@v5.1.0,512,1.69193e+07,20336905216
NVIDIA RTX PRO 6000 Blackwell Workstation Edition,rna004_130bps_sup@v5.1.0,544,1.69818e+07,21510001664
NVIDIA RTX PRO 6000 Blackwell Workstation Edition,rna004_130bps_sup@v5.1.0,576,1.6906e+07,22698957312
NVIDIA RTX PRO 6000 Blackwell Workstation Edition,rna004_130bps_sup@v5.1.0,608,1.67232e+07,23914258432
NVIDIA RTX PRO 6000 Blackwell Workstation Edition,rna004_130bps_sup@v5.1.0,640,1.7588e+07,25080145408
NVIDIA RTX PRO 6000 Blackwell Workstation Edition,rna004_130bps_sup@v5.1.0,672,1.71934e+07,26290564608
NVIDIA RTX PRO 6000 Blackwell Workstation Edition,rna004_130bps_sup@v5.1.0,704,1.66966e+07,27485713408
NVIDIA RTX PRO 6000 Blackwell Workstation Edition,rna004_130bps_sup@v5.1.0,736,1.74797e+07,28650093056
NVIDIA RTX PRO 6000 Blackwell Workstation Edition,rna004_130bps_sup@v5.1.0,768,1.68877e+07,29843308544
NVIDIA RTX PRO 6000 Blackwell Workstation Edition,rna004_130bps_sup@v5.1.0,800,1.60817e+07,31035279360
NVIDIA RTX PRO 6000 Blackwell Workstation Edition,rna004_130bps_sup@v5.1.0,832,1.67821e+07,32246058496
NVIDIA RTX PRO 6000 Blackwell Workstation Edition,rna004_130bps_sup@v5.2.0,32,7.63415e+06,2495392768
NVIDIA RTX PRO 6000 Blackwell Workstation Edition,rna004_130bps_sup@v5.2.0,64,1.11264e+07,3669832192
NVIDIA RTX PRO 6000 Blackwell Workstation Edition,rna004_130bps_sup@v5.2.0,96,1.30327e+07,4841256448
NVIDIA RTX PRO 6000 Blackwell Workstation Edition,rna004_130bps_sup@v5.2.0,128,1.45464e+07,6031817728
NVIDIA RTX PRO 6000 Blackwell Workstation Edition,rna004_130bps_sup@v5.2.0,160,1.55303e+07,7220412928
NVIDIA RTX PRO 6000 Blackwell Workstation Edition,rna004_130bps_sup@v5.2.0,192,1.5143e+07,8410908672
NVIDIA RTX PRO 6000 Blackwell Workstation Edition,rna004_130bps_sup@v5.2.0,224,1.56189e+07,9600913920
NVIDIA RTX PRO 6000 Blackwell Workstation Edition,rna004_130bps_sup@v5.2.0,256,1.59714e+07,10792227840
NVIDIA RTX PRO 6000 Blackwell Workstation Edition,rna004_130bps_sup@v5.2.0,288,1.63383e+07,11982658048
NVIDIA RTX PRO 6000 Blackwell Workstation Edition,rna004_130bps_sup@v5.2.0,320,1.70072e+07,13176692736
NVIDIA RTX PRO 6000 Blackwell Workstation Edition,rna004_130bps_sup@v5.2.0,352,1.74121e+07,14364601344
NVIDIA RTX PRO 6000 Blackwell Workstation Edition,rna004_130bps_sup@v5.2.0,384,1.68502e+07,15555392000
NVIDIA RTX PRO 6000 Blackwell Workstation Edition,rna004_130bps_sup@v5.2.0,416,1.67797e+07,16761287168
NVIDIA RTX PRO 6000 Blackwell Workstation Edition,rna004_130bps_sup@v5.2.0,448,1.72085e+07,17935400960
NVIDIA RTX PRO 6000 Blackwell Workstation Edition,rna004_130bps_sup@v5.2.0,480,1.75778e+07,19125995008
NVIDIA RTX PRO 6000 Blackwell Workstation Edition,rna004_130bps_sup@v5.2.0,512,1.76783e+07,20318030848
NVIDIA RTX PRO 6000 Blackwell Workstation Edition,rna004_130bps_sup@v5.2.0,544,1.69412e+07,21530055680
NVIDIA RTX PRO 6000 Blackwell Workstation Edition,rna004_130bps_sup@v5.2.0,576,1.68761e+07,22698957312
NVIDIA RTX PRO 6000 Blackwell Workstation Edition,rna004_130bps_sup@v5.2.0,608,1.67548e+07,23891845120
NVIDIA RTX PRO 6000 Blackwell Workstation Edition,rna004_130bps_sup@v5.2.0,640,1.64251e+07,25080145408
NVIDIA RTX PRO 6000 Blackwell Workstation Edition,rna004_130bps_sup@v5.2.0,672,1.72205e+07,26271916544
NVIDIA RTX PRO 6000 Blackwell Workstation Edition,rna004_130bps_sup@v5.2.0,704,1.66886e+07,27459761152
NVIDIA RTX PRO 6000 Blackwell Workstation Edition,rna004_130bps_sup@v5.2.0,736,1.74692e+07,28650093056
NVIDIA RTX PRO 6000 Blackwell Workstation Edition,rna004_130bps_sup@v5.2.0,768,1.68882e+07,29843308544
NVIDIA RTX PRO 6000 Blackwell Workstation Edition,rna004_130bps_sup@v5.2.0,800,1.6178e+07,31035279360
NVIDIA RTX PRO 6000 Blackwell Workstation Edition,rna004_130bps_sup@v5.2.0,832,1.67636e+07,32223055360
