NVIDIA A100 80GB PCIe,dna_r10.4.1_e8.2_400bps_fast@v4.3.0,64,2.22287e+07,1223282688
NVIDIA A100 80GB PCIe,dna_r10.4.1_e8.2_400bps_fast@v4.3.0,128,4.23873e+07,1371934720
NVIDIA A100 80GB PCIe,dna_r10.4.1_e8.2_400bps_fast@v4.3.0,192,6.20123e+07,1518171136
NVIDIA A100 80GB PCIe,dna_r10.4.1_e8.2_400bps_fast@v4.3.0,256,7.80497e+07,1666501120
NVIDIA A100 80GB PCIe,dna_r10.4.1_e8.2_400bps_fast@v4.3.0,320,9.56111e+07,1812736512
NVIDIA A100 80GB PCIe,dna_r10.4.1_e8.2_400bps_fast@v4.3.0,384,1.10794e+08,1958971392
NVIDIA A100 80GB PCIe,dna_r10.4.1_e8.2_400bps_fast@v4.3.0,448,1.09572e+08,2105206784
NVIDIA A100 80GB PCIe,dna_r10.4.1_e8.2_400bps_fast@v4.3.0,512,1.22164e+08,2253537792
NVIDIA A100 80GB PCIe,dna_r10.4.1_e8.2_400bps_fast@v4.3.0,576,1.33955e+08,2399773184
NVIDIA A100 80GB PCIe,dna_r10.4.1_e8.2_400bps_fast@v4.3.0,640,1.46177e+08,2548105216
NVIDIA A100 80GB PCIe,dna_r10.4.1_e8.2_400bps_fast@v4.3.0,704,1.55162e+08,2707529728
NVIDIA A100 80GB PCIe,dna_r10.4.1_e8.2_400bps_fast@v4.3.0,768,1.64514e+08,2840574464
NVIDIA A100 80GB PCIe,dna_r10.4.1_e8.2_400bps_fast@v4.3.0,832,1.73324e+08,2987097600
NVIDIA A100 80GB PCIe,dna_r10.4.1_e8.2_400bps_fast@v4.3.0,896,1.6173e+08,3137064960
NVIDIA A100 80GB PCIe,dna_r10.4.1_e8.2_400bps_fast@v4.3.0,960,1.69176e+08,3283474432
NVIDIA A100 80GB PCIe,dna_r10.4.1_e8.2_400bps_fast@v4.3.0,1024,1.76481e+08,3428610560
NVIDIA A100 80GB PCIe,dna_r10.4.1_e8.2_400bps_fast@v4.3.0,1088,1.80921e+08,3575943680
NVIDIA A100 80GB PCIe,dna_r10.4.1_e8.2_400bps_fast@v4.3.0,1152,1.89231e+08,3745285120
NVIDIA A100 80GB PCIe,dna_r10.4.1_e8.2_400bps_fast@v4.3.0,1216,1.94737e+08,3872929280
NVIDIA A100 80GB PCIe,dna_r10.4.1_e8.2_400bps_fast@v4.3.0,1280,1.99922e+08,4016744960
NVIDIA A100 80GB PCIe,dna_r10.4.1_e8.2_400bps_fast@v4.3.0,1344,1.91279e+08,4163767808
NVIDIA A100 80GB PCIe,dna_r10.4.1_e8.2_400bps_fast@v4.3.0,1408,1.94446e+08,4340998144
NVIDIA A100 80GB PCIe,dna_r10.4.1_e8.2_400bps_fast@v4.3.0,1472,2.00455e+08,4461605888
NVIDIA A100 80GB PCIe,dna_r10.4.1_e8.2_400bps_fast@v4.3.0,1536,2.03069e+08,4605280768
NVIDIA A100 80GB PCIe,dna_r10.4.1_e8.2_400bps_fast@v4.3.0,1600,2.08002e+08,4755248640
NVIDIA A100 80GB PCIe,dna_r10.4.1_e8.2_400bps_fast@v4.3.0,1664,2.10033e+08,4898924544
NVIDIA A100 80GB PCIe,dna_r10.4.1_e8.2_400bps_fast@v4.3.0,1728,2.14675e+08,5047607296
NVIDIA A100 80GB PCIe,dna_r10.4.1_e8.2_400bps_fast@v4.3.0,1792,2.08053e+08,5194730496
NVIDIA A100 80GB PCIe,dna_r10.4.1_e8.2_400bps_fast@v4.3.0,1856,2.0831e+08,5340644864
NVIDIA A100 80GB PCIe,dna_r10.4.1_e8.2_400bps_fast@v4.3.0,1920,2.15357e+08,5490405376
NVIDIA A100 80GB PCIe,dna_r10.4.1_e8.2_400bps_fast@v4.3.0,1984,2.14386e+08,5634081792
NVIDIA A100 80GB PCIe,dna_r10.4.1_e8.2_400bps_fast@v4.3.0,2048,2.21591e+08,5783474688
NVIDIA A100 80GB PCIe,dna_r10.4.1_e8.2_400bps_fast@v4.3.0,2112,2.20181e+08,5930418688
NVIDIA A100 80GB PCIe,dna_r10.4.1_e8.2_400bps_fast@v4.3.0,2176,2.13457e+08,6075765248
NVIDIA A100 80GB PCIe,dna_r10.4.1_e8.2_400bps_fast@v4.3.0,2240,2.15553e+08,6224142336
NVIDIA A100 80GB PCIe,dna_r10.4.1_e8.2_400bps_fast@v4.3.0,2304,2.21615e+08,6369275392
NVIDIA A100 80GB PCIe,dna_r10.4.1_e8.2_400bps_fast@v4.3.0,2368,2.2253e+08,6516745728
NVIDIA A100 80GB PCIe,dna_r10.4.1_e8.2_400bps_fast@v4.3.0,2432,2.24337e+08,6665966592
NVIDIA A100 80GB PCIe,dna_r10.4.1_e8.2_400bps_fast@v4.3.0,2496,2.25235e+08,6808896000
NVIDIA A100 80GB PCIe,dna_r10.4.1_e8.2_400bps_fast@v4.3.0,2560,2.30421e+08,6958621184
NVIDIA A100 80GB PCIe,dna_r10.4.1_e8.2_400bps_fast@v4.3.0,2624,2.21058e+08,7106491904
NVIDIA A100 80GB PCIe,dna_r10.4.1_e8.2_400bps_fast@v4.3.0,2688,2.26262e+08,7251118592
NVIDIA A100 80GB PCIe,dna_r10.4.1_e8.2_400bps_fast@v4.3.0,2752,2.26181e+08,7402509824
NVIDIA A100 80GB PCIe,dna_r10.4.1_e8.2_400bps_fast@v4.3.0,2816,2.312e+08,7545119232
NVIDIA A100 80GB PCIe,dna_r10.4.1_e8.2_400bps_fast@v4.3.0,2880,2.30833e+08,7694349824
NVIDIA A100 80GB PCIe,dna_r10.4.1_e8.2_400bps_fast@v4.3.0,2944,2.30362e+08,7841648640
NVIDIA A100 80GB PCIe,dna_r10.4.1_e8.2_400bps_fast@v4.3.0,3008,2.34589e+08,7988336128
NVIDIA A100 80GB PCIe,dna_r10.4.1_e8.2_400bps_fast@v4.3.0,3072,2.27983e+08,8133681664
NVIDIA A100 80GB PCIe,dna_r10.4.1_e8.2_400bps_fast@v4.3.0,3136,2.26571e+08,8279028224
NVIDIA A100 80GB PCIe,dna_r10.4.1_e8.2_400bps_fast@v4.3.0,3200,2.30955e+08,8428404736
NVIDIA A100 80GB PCIe,dna_r10.4.1_e8.2_400bps_fast@v4.3.0,3264,2.29175e+08,8577732608
NVIDIA A100 80GB PCIe,dna_r10.4.1_e8.2_400bps_fast@v4.3.0,3328,2.33673e+08,8721646080
NVIDIA A100 80GB PCIe,dna_r10.4.1_e8.2_400bps_fast@v4.3.0,3392,2.31377e+08,8868802048
NVIDIA A100 80GB PCIe,dna_r10.4.1_e8.2_400bps_fast@v4.3.0,3456,2.35453e+08,9012051456
NVIDIA A100 80GB PCIe,dna_r10.4.1_e8.2_400bps_fast@v4.3.0,3520,2.1914e+08,9161995264
NVIDIA A100 80GB PCIe,dna_r10.4.1_e8.2_400bps_fast@v4.3.0,3584,2.23406e+08,9311787520
NVIDIA A100 80GB PCIe,dna_r10.4.1_e8.2_400bps_fast@v4.3.0,3648,2.26637e+08,9457761792
NVIDIA A100 80GB PCIe,dna_r10.4.1_e8.2_400bps_fast@v4.3.0,3712,2.23191e+08,9604565504
NVIDIA A100 80GB PCIe,dna_r10.4.1_e8.2_400bps_fast@v4.3.0,3776,2.27447e+08,9747186176
NVIDIA A100 80GB PCIe,dna_r10.4.1_e8.2_400bps_fast@v4.3.0,3840,2.31232e+08,9897150976
NVIDIA A100 80GB PCIe,dna_r10.4.1_e8.2_400bps_fast@v4.3.0,3904,2.19283e+08,10045021696
NVIDIA A100 80GB PCIe,dna_r10.4.1_e8.2_400bps_fast@v4.3.0,3968,2.23294e+08,10191599104
NVIDIA A100 80GB PCIe,dna_r10.4.1_e8.2_400bps_fast@v4.3.0,4032,2.26529e+08,10338584064
NVIDIA A100 80GB PCIe,dna_r10.4.1_e8.2_400bps_fast@v4.3.0,4096,2.30104e+08,10489582080
NVIDIA A100 80GB PCIe,dna_r10.4.1_e8.2_400bps_fast@v4.3.0,4160,2.25755e+08,10632191488
NVIDIA A100 80GB PCIe,dna_r10.4.1_e8.2_400bps_fast@v4.3.0,4224,2.27296e+08,10781372928
NVIDIA A100 80GB PCIe,dna_r10.4.1_e8.2_400bps_fast@v4.3.0,4288,2.30644e+08,10924622336
NVIDIA A100 80GB PCIe,dna_r10.4.1_e8.2_400bps_fast@v4.3.0,4352,2.26635e+08,11072065024
NVIDIA A100 80GB PCIe,dna_r10.4.1_e8.2_400bps_fast@v4.3.0,4416,2.30576e+08,11223600640
NVIDIA A100 80GB PCIe,dna_r10.4.1_e8.2_400bps_fast@v4.3.0,4480,2.33752e+08,11368307200
NVIDIA A100 80GB PCIe,dna_r10.4.1_e8.2_400bps_fast@v4.3.0,4544,2.28324e+08,11515110912
NVIDIA A100 80GB PCIe,dna_r10.4.1_e8.2_400bps_fast@v4.3.0,4608,2.31381e+08,11659817472
NVIDIA A100 80GB PCIe,dna_r10.4.1_e8.2_400bps_fast@v4.3.0,4672,2.34449e+08,11809282560
NVIDIA A100 80GB PCIe,dna_r10.4.1_e8.2_400bps_fast@v4.3.0,4736,2.37456e+08,11956726272
NVIDIA A100 80GB PCIe,dna_r10.4.1_e8.2_400bps_fast@v4.3.0,4800,2.31226e+08,12102072832
NVIDIA A100 80GB PCIe,dna_r10.4.1_e8.2_400bps_fast@v4.3.0,4864,2.34448e+08,12251226624
NVIDIA A100 80GB PCIe,dna_r10.4.1_e8.2_400bps_fast@v4.3.0,4928,2.28336e+08,12395933184
NVIDIA A100 80GB PCIe,dna_r10.4.1_e8.2_400bps_fast@v4.3.0,4992,2.3002e+08,12542736896
NVIDIA A100 80GB PCIe,dna_r10.4.1_e8.2_400bps_fast@v4.3.0,5056,2.33724e+08,12691846656
NVIDIA A100 80GB PCIe,dna_r10.4.1_e8.2_400bps_fast@v4.3.0,5120,2.36493e+08,12835095040
NVIDIA A100 80GB PCIe,dna_r10.4.1_e8.2_400bps_fast@v4.3.0,5184,2.296e+08,12984635904
NVIDIA A100 80GB PCIe,dna_r10.4.1_e8.2_400bps_fast@v4.3.0,5248,2.31394e+08,13134146048
NVIDIA A100 80GB PCIe,dna_r10.4.1_e8.2_400bps_fast@v4.3.0,5312,2.32812e+08,13278852608
NVIDIA A100 80GB PCIe,dna_r10.4.1_e8.2_400bps_fast@v4.3.0,5376,2.25273e+08,13425656320
NVIDIA A100 80GB PCIe,dna_r10.4.1_e8.2_400bps_fast@v4.3.0,5440,2.30318e+08,13570362880
NVIDIA A100 80GB PCIe,dna_r10.4.1_e8.2_400bps_fast@v4.3.0,5504,2.33039e+08,13723458048
NVIDIA A100 80GB PCIe,dna_r10.4.1_e8.2_400bps_fast@v4.3.0,5568,2.34405e+08,13870261760
NVIDIA A100 80GB PCIe,dna_r10.4.1_e8.2_400bps_fast@v4.3.0,5632,2.2719e+08,14014968320
NVIDIA A100 80GB PCIe,dna_r10.4.1_e8.2_400bps_fast@v4.3.0,5696,2.29507e+08,14161772032
NVIDIA A100 80GB PCIe,dna_r10.4.1_e8.2_400bps_fast@v4.3.0,5760,2.31697e+08,14306478592
NVIDIA A100 80GB PCIe,dna_r10.4.1_e8.2_400bps_fast@v4.3.0,5824,2.34362e+08,14453282304
NVIDIA A100 80GB PCIe,dna_r10.4.1_e8.2_400bps_fast@v4.3.0,5888,2.37047e+08,14606377472
NVIDIA A100 80GB PCIe,dna_r10.4.1_e8.2_400bps_fast@v4.3.0,5952,2.38548e+08,14748986880
NVIDIA A100 80GB PCIe,dna_r10.4.1_e8.2_400bps_fast@v4.3.0,6016,2.30508e+08,14899984896
NVIDIA A100 80GB PCIe,dna_r10.4.1_e8.2_400bps_fast@v4.3.0,6080,2.32803e+08,15040497152
NVIDIA A100 80GB PCIe,dna_r10.4.1_e8.2_400bps_fast@v4.3.0,6144,2.34518e+08,15189398016
NVIDIA A100 80GB PCIe,dna_r10.4.1_e8.2_400bps_fast@v4.3.0,6208,2.37251e+08,15336201728
NVIDIA A100 80GB PCIe,dna_r10.4.1_e8.2_400bps_fast@v4.3.0,6272,2.39393e+08,15480908288
NVIDIA A100 80GB PCIe,dna_r10.4.1_e8.2_400bps_fast@v4.3.0,6336,2.30107e+08,15634003456
NVIDIA A100 80GB PCIe,dna_r10.4.1_e8.2_400bps_fast@v4.3.0,6400,2.3266e+08,15780807168
NVIDIA A100 80GB PCIe,dna_r10.4.1_e8.2_400bps_fast@v4.3.0,6464,2.34969e+08,15925513728
NVIDIA A100 80GB PCIe,dna_r10.4.1_e8.2_400bps_fast@v4.3.0,6528,2.36337e+08,16072317440
NVIDIA A100 80GB PCIe,dna_r10.4.1_e8.2_400bps_fast@v4.3.0,6592,2.38875e+08,16217024000
NVIDIA A100 80GB PCIe,dna_r10.4.1_e8.2_400bps_fast@v4.3.0,6656,2.28557e+08,16365924864
NVIDIA A100 80GB PCIe,dna_r10.4.1_e8.2_400bps_fast@v4.3.0,6720,2.30034e+08,16516922880
NVIDIA A100 80GB PCIe,dna_r10.4.1_e8.2_400bps_fast@v4.3.0,6784,2.32782e+08,16659532288
NVIDIA A100 80GB PCIe,dna_r10.4.1_e8.2_400bps_fast@v4.3.0,6848,2.34673e+08,16808433152
NVIDIA A100 80GB PCIe,dna_r10.4.1_e8.2_400bps_fast@v4.3.0,6912,2.36213e+08,16951042560
NVIDIA A100 80GB PCIe,dna_r10.4.1_e8.2_400bps_fast@v4.3.0,6976,2.25957e+08,17102040576
NVIDIA A100 80GB PCIe,dna_r10.4.1_e8.2_400bps_fast@v4.3.0,7040,2.27987e+08,17246747136
NVIDIA A100 80GB PCIe,dna_r10.4.1_e8.2_400bps_fast@v4.3.0,7104,2.29947e+08,17391453696
NVIDIA A100 80GB PCIe,dna_r10.4.1_e8.2_400bps_fast@v4.3.0,7168,2.31441e+08,17542451712
NVIDIA A100 80GB PCIe,dna_r10.4.1_e8.2_400bps_fast@v4.3.0,7232,2.3066e+08,17687158272
NVIDIA A100 80GB PCIe,dna_r10.4.1_e8.2_400bps_fast@v4.3.0,7296,2.32829e+08,17838156288
NVIDIA A100 80GB PCIe,dna_r10.4.1_e8.2_400bps_fast@v4.3.0,7360,2.22916e+08,17982862848
NVIDIA A100 80GB PCIe,dna_r10.4.1_e8.2_400bps_fast@v4.3.0,7424,2.25928e+08,18127569408
NVIDIA A100 80GB PCIe,dna_r10.4.1_e8.2_400bps_fast@v4.3.0,7488,2.27764e+08,18274373120
NVIDIA A100 80GB PCIe,dna_r10.4.1_e8.2_400bps_fast@v4.3.0,7552,2.28645e+08,18421176832
NVIDIA A100 80GB PCIe,dna_r10.4.1_e8.2_400bps_fast@v4.3.0,7616,2.31344e+08,18572174848
NVIDIA A100 80GB PCIe,dna_r10.4.1_e8.2_400bps_fast@v4.3.0,7680,2.32118e+08,18721075712
NVIDIA A100 80GB PCIe,dna_r10.4.1_e8.2_400bps_fast@v4.3.0,7744,2.33134e+08,18861587968
NVIDIA A100 80GB PCIe,dna_r10.4.1_e8.2_400bps_fast@v4.3.0,7808,2.36526e+08,19010488832
NVIDIA A100 80GB PCIe,dna_r10.4.1_e8.2_400bps_fast@v4.3.0,7872,2.24135e+08,19159389696
NVIDIA A100 80GB PCIe,dna_r10.4.1_e8.2_400bps_fast@v4.3.0,7936,2.24859e+08,19304096256
NVIDIA A100 80GB PCIe,dna_r10.4.1_e8.2_400bps_fast@v4.3.0,8000,2.27111e+08,19455094272
NVIDIA A100 80GB PCIe,dna_r10.4.1_e8.2_400bps_fast@v4.3.0,8064,2.29079e+08,19597703680
NVIDIA A100 80GB PCIe,dna_r10.4.1_e8.2_400bps_fast@v4.3.0,8128,2.29422e+08,19744507392
NVIDIA A100 80GB PCIe,dna_r10.4.1_e8.2_400bps_fast@v4.3.0,8192,2.32297e+08,19895505408
NVIDIA A100 80GB PCIe,dna_r10.4.1_e8.2_400bps_fast@v4.3.0,8256,2.3373e+08,20040211968
NVIDIA A100 80GB PCIe,dna_r10.4.1_e8.2_400bps_fast@v4.3.0,8320,2.35407e+08,20153461248
NVIDIA A100 80GB PCIe,dna_r10.4.1_e8.2_400bps_fast@v4.3.0,8384,2.373e+08,20262516224
NVIDIA A100 80GB PCIe,dna_r10.4.1_e8.2_400bps_fast@v4.3.0,8448,2.38401e+08,20379959808
NVIDIA A100 80GB PCIe,dna_r10.4.1_e8.2_400bps_fast@v4.3.0,8512,2.24827e+08,20497403392
NVIDIA A100 80GB PCIe,dna_r10.4.1_e8.2_400bps_fast@v4.3.0,8576,2.26781e+08,20606458368
NVIDIA A100 80GB PCIe,dna_r10.4.1_e8.2_400bps_fast@v4.3.0,8640,2.27918e+08,20721804800
NVIDIA A100 80GB PCIe,dna_r10.4.1_e8.2_400bps_fast@v4.3.0,8704,2.2985e+08,20828762624
NVIDIA A100 80GB PCIe,dna_r10.4.1_e8.2_400bps_fast@v4.3.0,8768,2.30727e+08,20944109056
NVIDIA A100 80GB PCIe,dna_r10.4.1_e8.2_400bps_fast@v4.3.0,8832,2.29573e+08,21063649792
NVIDIA A100 80GB PCIe,dna_r10.4.1_e8.2_400bps_fast@v4.3.0,8896,2.30735e+08,21174801920
NVIDIA A100 80GB PCIe,dna_r10.4.1_e8.2_400bps_fast@v4.3.0,8960,2.35459e+08,21288051200
NVIDIA A100 80GB PCIe,dna_r10.4.1_e8.2_400bps_fast@v4.3.0,9024,2.37482e+08,21403397632
NVIDIA A100 80GB PCIe,dna_r10.4.1_e8.2_400bps_fast@v4.3.0,9088,2.22824e+08,21510355456
NVIDIA A100 80GB PCIe,dna_r10.4.1_e8.2_400bps_fast@v4.3.0,9152,2.20845e+08,21627799040
NVIDIA A100 80GB PCIe,dna_r10.4.1_e8.2_400bps_fast@v4.3.0,9216,2.2216e+08,21738951168
NVIDIA A100 80GB PCIe,dna_r10.4.1_e8.2_400bps_fast@v4.3.0,9280,2.27152e+08,21856394752
NVIDIA A100 80GB PCIe,dna_r10.4.1_e8.2_400bps_fast@v4.3.0,9344,2.26607e+08,21971741184
NVIDIA A100 80GB PCIe,dna_r10.4.1_e8.2_400bps_fast@v4.3.0,9408,2.27791e+08,22078699008
NVIDIA A100 80GB PCIe,dna_r10.4.1_e8.2_400bps_fast@v4.3.0,9472,2.29768e+08,22196142592
NVIDIA A100 80GB PCIe,dna_r10.4.1_e8.2_400bps_fast@v4.3.0,9536,2.32975e+08,22305197568
NVIDIA A100 80GB PCIe,dna_r10.4.1_e8.2_400bps_fast@v4.3.0,9600,2.31855e+08,22420544000
NVIDIA A100 80GB PCIe,dna_r10.4.1_e8.2_400bps_fast@v4.3.0,9664,2.35667e+08,22537987584
NVIDIA A100 80GB PCIe,dna_r10.4.1_e8.2_400bps_fast@v4.3.0,9728,2.34442e+08,22647042560
NVIDIA A100 80GB PCIe,dna_r10.4.1_e8.2_400bps_fast@v4.3.0,9792,2.38188e+08,22762388992
NVIDIA A100 80GB PCIe,dna_r10.4.1_e8.2_400bps_fast@v4.3.0,9856,2.3911e+08,22873541120
NVIDIA A100 80GB PCIe,dna_r10.4.1_e8.2_400bps_fast@v4.3.0,9920,2.40864e+08,22986790400
NVIDIA A100 80GB PCIe,dna_r10.4.1_e8.2_400bps_fast@v4.3.0,9984,2.24731e+08,23102136832
NVIDIA A100 80GB PCIe,dna_r10.4.1_e8.2_400bps_fast@v4.3.0,10048,2.25805e+08,23211191808
NVIDIA A100 80GB PCIe,dna_r10.4.1_e8.2_400bps_fast@v4.3.0,10112,2.28006e+08,23330732544
NVIDIA A100 80GB PCIe,dna_r10.4.1_e8.2_400bps_fast@v4.3.0,10176,2.27846e+08,23446078976
NVIDIA A100 80GB PCIe,dna_r10.4.1_e8.2_400bps_fast@v4.3.0,10240,2.26041e+08,23555133952
NVIDIA A100 80GB PCIe,dna_r10.4.1_e8.2_400bps_fast@v5.0.0,64,2.24798e+07,1223282688
NVIDIA A100 80GB PCIe,dna_r10.4.1_e8.2_400bps_fast@v5.0.0,128,4.26459e+07,1371934720
NVIDIA A100 80GB PCIe,dna_r10.4.1_e8.2_400bps_fast@v5.0.0,192,6.16345e+07,1518170112
NVIDIA A100 80GB PCIe,dna_r10.4.1_e8.2_400bps_fast@v5.0.0,256,7.8054e+07,1666501120
NVIDIA A100 80GB PCIe,dna_r10.4.1_e8.2_400bps_fast@v5.0.0,320,9.56006e+07,1812736512
NVIDIA A100 80GB PCIe,dna_r10.4.1_e8.2_400bps_fast@v5.0.0,384,1.10877e+08,1958971392
NVIDIA A100 80GB PCIe,dna_r10.4.1_e8.2_400bps_fast@v5.0.0,448,1.08785e+08,2105206784
NVIDIA A100 80GB PCIe,dna_r10.4.1_e8.2_400bps_fast@v5.0.0,512,1.22114e+08,2253537792
NVIDIA A100 80GB PCIe,dna_r10.4.1_e8.2_400bps_fast@v5.0.0,576,1.33975e+08,2399773184
NVIDIA A100 80GB PCIe,dna_r10.4.1_e8.2_400bps_fast@v5.0.0,640,1.44986e+08,2548105216
NVIDIA A100 80GB PCIe,dna_r10.4.1_e8.2_400bps_fast@v5.0.0,704,1.53801e+08,2693454848
NVIDIA A100 80GB PCIe,dna_r10.4.1_e8.2_400bps_fast@v5.0.0,768,1.63031e+08,2840574464
NVIDIA A100 80GB PCIe,dna_r10.4.1_e8.2_400bps_fast@v5.0.0,832,1.72992e+08,2987097600
NVIDIA A100 80GB PCIe,dna_r10.4.1_e8.2_400bps_fast@v5.0.0,896,1.61361e+08,3154977792
NVIDIA A100 80GB PCIe,dna_r10.4.1_e8.2_400bps_fast@v5.0.0,960,1.69363e+08,3302667264
NVIDIA A100 80GB PCIe,dna_r10.4.1_e8.2_400bps_fast@v5.0.0,1024,1.76268e+08,3449082368
NVIDIA A100 80GB PCIe,dna_r10.4.1_e8.2_400bps_fast@v5.0.0,1088,1.80983e+08,3575943680
NVIDIA A100 80GB PCIe,dna_r10.4.1_e8.2_400bps_fast@v5.0.0,1152,1.86924e+08,3722254336
NVIDIA A100 80GB PCIe,dna_r10.4.1_e8.2_400bps_fast@v5.0.0,1216,1.92178e+08,3898095104
NVIDIA A100 80GB PCIe,dna_r10.4.1_e8.2_400bps_fast@v5.0.0,1280,1.99944e+08,4016744960
NVIDIA A100 80GB PCIe,dna_r10.4.1_e8.2_400bps_fast@v5.0.0,1344,1.88584e+08,4163767808
NVIDIA A100 80GB PCIe,dna_r10.4.1_e8.2_400bps_fast@v5.0.0,1408,1.91756e+08,4311638016
NVIDIA A100 80GB PCIe,dna_r10.4.1_e8.2_400bps_fast@v5.0.0,1472,1.97689e+08,4461605888
NVIDIA A100 80GB PCIe,dna_r10.4.1_e8.2_400bps_fast@v5.0.0,1536,2.03163e+08,4605280768
NVIDIA A100 80GB PCIe,dna_r10.4.1_e8.2_400bps_fast@v5.0.0,1600,2.08031e+08,4755248640
NVIDIA A100 80GB PCIe,dna_r10.4.1_e8.2_400bps_fast@v5.0.0,1664,2.09718e+08,4898924544
NVIDIA A100 80GB PCIe,dna_r10.4.1_e8.2_400bps_fast@v5.0.0,1728,2.14612e+08,5047607296
NVIDIA A100 80GB PCIe,dna_r10.4.1_e8.2_400bps_fast@v5.0.0,1792,2.04577e+08,5194730496
NVIDIA A100 80GB PCIe,dna_r10.4.1_e8.2_400bps_fast@v5.0.0,1856,2.08412e+08,5340644864
NVIDIA A100 80GB PCIe,dna_r10.4.1_e8.2_400bps_fast@v5.0.0,1920,2.11578e+08,5490405376
NVIDIA A100 80GB PCIe,dna_r10.4.1_e8.2_400bps_fast@v5.0.0,1984,2.14692e+08,5634081792
NVIDIA A100 80GB PCIe,dna_r10.4.1_e8.2_400bps_fast@v5.0.0,2048,2.17493e+08,5783474688
NVIDIA A100 80GB PCIe,dna_r10.4.1_e8.2_400bps_fast@v5.0.0,2112,2.19073e+08,5930418688
NVIDIA A100 80GB PCIe,dna_r10.4.1_e8.2_400bps_fast@v5.0.0,2176,2.08868e+08,6075765248
NVIDIA A100 80GB PCIe,dna_r10.4.1_e8.2_400bps_fast@v5.0.0,2240,2.15621e+08,6224142336
NVIDIA A100 80GB PCIe,dna_r10.4.1_e8.2_400bps_fast@v5.0.0,2304,2.1713e+08,6369275392
NVIDIA A100 80GB PCIe,dna_r10.4.1_e8.2_400bps_fast@v5.0.0,2368,2.18417e+08,6516745728
NVIDIA A100 80GB PCIe,dna_r10.4.1_e8.2_400bps_fast@v5.0.0,2432,2.24156e+08,6665966592
NVIDIA A100 80GB PCIe,dna_r10.4.1_e8.2_400bps_fast@v5.0.0,2496,2.25197e+08,6808896000
NVIDIA A100 80GB PCIe,dna_r10.4.1_e8.2_400bps_fast@v5.0.0,2560,2.25743e+08,6958621184
NVIDIA A100 80GB PCIe,dna_r10.4.1_e8.2_400bps_fast@v5.0.0,2624,2.1611e+08,7106491904
NVIDIA A100 80GB PCIe,dna_r10.4.1_e8.2_400bps_fast@v5.0.0,2688,2.21077e+08,7251118592
NVIDIA A100 80GB PCIe,dna_r10.4.1_e8.2_400bps_fast@v5.0.0,2752,2.20869e+08,7402509824
NVIDIA A100 80GB PCIe,dna_r10.4.1_e8.2_400bps_fast@v5.0.0,2816,2.25522e+08,7545119232
NVIDIA A100 80GB PCIe,dna_r10.4.1_e8.2_400bps_fast@v5.0.0,2880,2.25461e+08,7694349824
NVIDIA A100 80GB PCIe,dna_r10.4.1_e8.2_400bps_fast@v5.0.0,2944,2.30123e+08,7841648640
NVIDIA A100 80GB PCIe,dna_r10.4.1_e8.2_400bps_fast@v5.0.0,3008,2.29103e+08,7988336128
NVIDIA A100 80GB PCIe,dna_r10.4.1_e8.2_400bps_fast@v5.0.0,3072,2.22076e+08,8133681664
NVIDIA A100 80GB PCIe,dna_r10.4.1_e8.2_400bps_fast@v5.0.0,3136,2.20664e+08,8279028224
NVIDIA A100 80GB PCIe,dna_r10.4.1_e8.2_400bps_fast@v5.0.0,3200,2.24944e+08,8428404736
NVIDIA A100 80GB PCIe,dna_r10.4.1_e8.2_400bps_fast@v5.0.0,3264,2.22733e+08,8577732608
NVIDIA A100 80GB PCIe,dna_r10.4.1_e8.2_400bps_fast@v5.0.0,3328,2.27226e+08,8721646080
NVIDIA A100 80GB PCIe,dna_r10.4.1_e8.2_400bps_fast@v5.0.0,3392,2.30482e+08,8868802048
NVIDIA A100 80GB PCIe,dna_r10.4.1_e8.2_400bps_fast@v5.0.0,3456,2.28944e+08,9012051456
NVIDIA A100 80GB PCIe,dna_r10.4.1_e8.2_400bps_fast@v5.0.0,3520,2.1261e+08,9161995264
NVIDIA A100 80GB PCIe,dna_r10.4.1_e8.2_400bps_fast@v5.0.0,3584,2.16401e+08,9311787520
NVIDIA A100 80GB PCIe,dna_r10.4.1_e8.2_400bps_fast@v5.0.0,3648,2.20013e+08,9457761792
NVIDIA A100 80GB PCIe,dna_r10.4.1_e8.2_400bps_fast@v5.0.0,3712,2.16665e+08,9604565504
NVIDIA A100 80GB PCIe,dna_r10.4.1_e8.2_400bps_fast@v5.0.0,3776,2.19566e+08,9747186176
NVIDIA A100 80GB PCIe,dna_r10.4.1_e8.2_400bps_fast@v5.0.0,3840,2.23828e+08,9897150976
NVIDIA A100 80GB PCIe,dna_r10.4.1_e8.2_400bps_fast@v5.0.0,3904,2.18305e+08,10045021696
NVIDIA A100 80GB PCIe,dna_r10.4.1_e8.2_400bps_fast@v5.0.0,3968,2.14283e+08,10191599104
NVIDIA A100 80GB PCIe,dna_r10.4.1_e8.2_400bps_fast@v5.0.0,4032,2.19094e+08,10338584064
NVIDIA A100 80GB PCIe,dna_r10.4.1_e8.2_400bps_fast@v5.0.0,4096,2.22722e+08,10489582080
NVIDIA A100 80GB PCIe,dna_r10.4.1_e8.2_400bps_fast@v5.0.0,4160,2.25846e+08,10632191488
NVIDIA A100 80GB PCIe,dna_r10.4.1_e8.2_400bps_fast@v5.0.0,4224,2.20506e+08,10781372928
NVIDIA A100 80GB PCIe,dna_r10.4.1_e8.2_400bps_fast@v5.0.0,4288,2.24392e+08,10924622336
NVIDIA A100 80GB PCIe,dna_r10.4.1_e8.2_400bps_fast@v5.0.0,4352,2.19206e+08,11072065024
NVIDIA A100 80GB PCIe,dna_r10.4.1_e8.2_400bps_fast@v5.0.0,4416,2.21377e+08,11223600640
NVIDIA A100 80GB PCIe,dna_r10.4.1_e8.2_400bps_fast@v5.0.0,4480,2.25378e+08,11368307200
NVIDIA A100 80GB PCIe,dna_r10.4.1_e8.2_400bps_fast@v5.0.0,4544,2.19333e+08,11515110912
NVIDIA A100 80GB PCIe,dna_r10.4.1_e8.2_400bps_fast@v5.0.0,4608,2.23085e+08,11659817472
NVIDIA A100 80GB PCIe,dna_r10.4.1_e8.2_400bps_fast@v5.0.0,4672,2.25752e+08,11809282560
NVIDIA A100 80GB PCIe,dna_r10.4.1_e8.2_400bps_fast@v5.0.0,4736,2.28737e+08,11956726272
NVIDIA A100 80GB PCIe,dna_r10.4.1_e8.2_400bps_fast@v5.0.0,4800,2.2255e+08,12102072832
NVIDIA A100 80GB PCIe,dna_r10.4.1_e8.2_400bps_fast@v5.0.0,4864,2.25344e+08,12251226624
NVIDIA A100 80GB PCIe,dna_r10.4.1_e8.2_400bps_fast@v5.0.0,4928,2.28149e+08,12395933184
NVIDIA A100 80GB PCIe,dna_r10.4.1_e8.2_400bps_fast@v5.0.0,4992,2.30187e+08,12542736896
NVIDIA A100 80GB PCIe,dna_r10.4.1_e8.2_400bps_fast@v5.0.0,5056,2.2437e+08,12691846656
NVIDIA A100 80GB PCIe,dna_r10.4.1_e8.2_400bps_fast@v5.0.0,5120,2.27133e+08,12835095040
NVIDIA A100 80GB PCIe,dna_r10.4.1_e8.2_400bps_fast@v5.0.0,5184,2.27665e+08,12984635904
NVIDIA A100 80GB PCIe,dna_r10.4.1_e8.2_400bps_fast@v5.0.0,5248,2.22327e+08,13134146048
NVIDIA A100 80GB PCIe,dna_r10.4.1_e8.2_400bps_fast@v5.0.0,5312,2.2275e+08,13278852608
NVIDIA A100 80GB PCIe,dna_r10.4.1_e8.2_400bps_fast@v5.0.0,5376,2.27681e+08,13425656320
NVIDIA A100 80GB PCIe,dna_r10.4.1_e8.2_400bps_fast@v5.0.0,5440,2.30298e+08,13570362880
NVIDIA A100 80GB PCIe,dna_r10.4.1_e8.2_400bps_fast@v5.0.0,5504,2.30764e+08,13723458048
NVIDIA A100 80GB PCIe,dna_r10.4.1_e8.2_400bps_fast@v5.0.0,5568,2.22869e+08,13870261760
NVIDIA A100 80GB PCIe,dna_r10.4.1_e8.2_400bps_fast@v5.0.0,5632,2.27168e+08,14014968320
NVIDIA A100 80GB PCIe,dna_r10.4.1_e8.2_400bps_fast@v5.0.0,5696,2.2922e+08,14161772032
NVIDIA A100 80GB PCIe,dna_r10.4.1_e8.2_400bps_fast@v5.0.0,5760,2.2141e+08,14306478592
NVIDIA A100 80GB PCIe,dna_r10.4.1_e8.2_400bps_fast@v5.0.0,5824,2.23693e+08,14453282304
NVIDIA A100 80GB PCIe,dna_r10.4.1_e8.2_400bps_fast@v5.0.0,5888,2.25966e+08,14606377472
NVIDIA A100 80GB PCIe,dna_r10.4.1_e8.2_400bps_fast@v5.0.0,5952,2.25707e+08,14748986880
NVIDIA A100 80GB PCIe,dna_r10.4.1_e8.2_400bps_fast@v5.0.0,6016,2.28003e+08,14899984896
NVIDIA A100 80GB PCIe,dna_r10.4.1_e8.2_400bps_fast@v5.0.0,6080,2.19208e+08,15040497152
NVIDIA A100 80GB PCIe,dna_r10.4.1_e8.2_400bps_fast@v5.0.0,6144,2.21374e+08,15189398016
NVIDIA A100 80GB PCIe,dna_r10.4.1_e8.2_400bps_fast@v5.0.0,6208,2.25955e+08,15336201728
NVIDIA A100 80GB PCIe,dna_r10.4.1_e8.2_400bps_fast@v5.0.0,6272,2.28291e+08,15480908288
NVIDIA A100 80GB PCIe,dna_r10.4.1_e8.2_400bps_fast@v5.0.0,6336,2.29337e+08,15634003456
NVIDIA A100 80GB PCIe,dna_r10.4.1_e8.2_400bps_fast@v5.0.0,6400,2.32284e+08,15780807168
NVIDIA A100 80GB PCIe,dna_r10.4.1_e8.2_400bps_fast@v5.0.0,6464,2.34519e+08,15925513728
NVIDIA A100 80GB PCIe,dna_r10.4.1_e8.2_400bps_fast@v5.0.0,6528,2.24252e+08,16072317440
NVIDIA A100 80GB PCIe,dna_r10.4.1_e8.2_400bps_fast@v5.0.0,6592,2.266e+08,16217024000
NVIDIA A100 80GB PCIe,dna_r10.4.1_e8.2_400bps_fast@v5.0.0,6656,2.28744e+08,16365924864
NVIDIA A100 80GB PCIe,dna_r10.4.1_e8.2_400bps_fast@v5.0.0,6720,2.30106e+08,16516922880
NVIDIA A100 80GB PCIe,dna_r10.4.1_e8.2_400bps_fast@v5.0.0,6784,2.32885e+08,16659532288
NVIDIA A100 80GB PCIe,dna_r10.4.1_e8.2_400bps_fast@v5.0.0,6848,2.22371e+08,16808433152
NVIDIA A100 80GB PCIe,dna_r10.4.1_e8.2_400bps_fast@v5.0.0,6912,2.2296e+08,16951042560
NVIDIA A100 80GB PCIe,dna_r10.4.1_e8.2_400bps_fast@v5.0.0,6976,2.26175e+08,17102040576
NVIDIA A100 80GB PCIe,dna_r10.4.1_e8.2_400bps_fast@v5.0.0,7040,2.27731e+08,17246747136
NVIDIA A100 80GB PCIe,dna_r10.4.1_e8.2_400bps_fast@v5.0.0,7104,2.28422e+08,17391453696
NVIDIA A100 80GB PCIe,dna_r10.4.1_e8.2_400bps_fast@v5.0.0,7168,2.18834e+08,17542451712
NVIDIA A100 80GB PCIe,dna_r10.4.1_e8.2_400bps_fast@v5.0.0,7232,2.20575e+08,17687158272
NVIDIA A100 80GB PCIe,dna_r10.4.1_e8.2_400bps_fast@v5.0.0,7296,2.21468e+08,17838156288
NVIDIA A100 80GB PCIe,dna_r10.4.1_e8.2_400bps_fast@v5.0.0,7360,2.23936e+08,17982862848
NVIDIA A100 80GB PCIe,dna_r10.4.1_e8.2_400bps_fast@v5.0.0,7424,2.25899e+08,18127569408
NVIDIA A100 80GB PCIe,dna_r10.4.1_e8.2_400bps_fast@v5.0.0,7488,2.26032e+08,18274373120
NVIDIA A100 80GB PCIe,dna_r10.4.1_e8.2_400bps_fast@v5.0.0,7552,2.29424e+08,18421176832
NVIDIA A100 80GB PCIe,dna_r10.4.1_e8.2_400bps_fast@v5.0.0,7616,2.31112e+08,18572174848
NVIDIA A100 80GB PCIe,dna_r10.4.1_e8.2_400bps_fast@v5.0.0,7680,2.18043e+08,18721075712
NVIDIA A100 80GB PCIe,dna_r10.4.1_e8.2_400bps_fast@v5.0.0,7744,2.21018e+08,18861587968
NVIDIA A100 80GB PCIe,dna_r10.4.1_e8.2_400bps_fast@v5.0.0,7808,2.22423e+08,19010488832
NVIDIA A100 80GB PCIe,dna_r10.4.1_e8.2_400bps_fast@v5.0.0,7872,2.23567e+08,19159389696
NVIDIA A100 80GB PCIe,dna_r10.4.1_e8.2_400bps_fast@v5.0.0,7936,2.24986e+08,19304096256
NVIDIA A100 80GB PCIe,dna_r10.4.1_e8.2_400bps_fast@v5.0.0,8000,2.27106e+08,19455094272
NVIDIA A100 80GB PCIe,dna_r10.4.1_e8.2_400bps_fast@v5.0.0,8064,2.2872e+08,19597703680
NVIDIA A100 80GB PCIe,dna_r10.4.1_e8.2_400bps_fast@v5.0.0,8128,2.30567e+08,19744507392
NVIDIA A100 80GB PCIe,dna_r10.4.1_e8.2_400bps_fast@v5.0.0,8192,2.32129e+08,19895505408
NVIDIA A100 80GB PCIe,dna_r10.4.1_e8.2_400bps_fast@v5.0.0,8256,2.18078e+08,20040211968
NVIDIA A100 80GB PCIe,dna_r10.4.1_e8.2_400bps_fast@v5.0.0,8320,2.20657e+08,20153461248
NVIDIA A100 80GB PCIe,dna_r10.4.1_e8.2_400bps_fast@v5.0.0,8384,2.22333e+08,20262516224
NVIDIA A100 80GB PCIe,dna_r10.4.1_e8.2_400bps_fast@v5.0.0,8448,2.23786e+08,20379959808
NVIDIA A100 80GB PCIe,dna_r10.4.1_e8.2_400bps_fast@v5.0.0,8512,2.24679e+08,20497403392
NVIDIA A100 80GB PCIe,dna_r10.4.1_e8.2_400bps_fast@v5.0.0,8576,2.23362e+08,20606458368
NVIDIA A100 80GB PCIe,dna_r10.4.1_e8.2_400bps_fast@v5.0.0,8640,2.24989e+08,20721804800
NVIDIA A100 80GB PCIe,dna_r10.4.1_e8.2_400bps_fast@v5.0.0,8704,2.29864e+08,20828762624
NVIDIA A100 80GB PCIe,dna_r10.4.1_e8.2_400bps_fast@v5.0.0,8768,2.31377e+08,20944109056
NVIDIA A100 80GB PCIe,dna_r10.4.1_e8.2_400bps_fast@v5.0.0,8832,2.16443e+08,21063649792
NVIDIA A100 80GB PCIe,dna_r10.4.1_e8.2_400bps_fast@v5.0.0,8896,2.18381e+08,21174801920
NVIDIA A100 80GB PCIe,dna_r10.4.1_e8.2_400bps_fast@v5.0.0,8960,2.19967e+08,21288051200
NVIDIA A100 80GB PCIe,dna_r10.4.1_e8.2_400bps_fast@v5.0.0,9024,2.2098e+08,21403397632
NVIDIA A100 80GB PCIe,dna_r10.4.1_e8.2_400bps_fast@v5.0.0,9088,2.23174e+08,21510355456
NVIDIA A100 80GB PCIe,dna_r10.4.1_e8.2_400bps_fast@v5.0.0,9152,2.23773e+08,21627799040
NVIDIA A100 80GB PCIe,dna_r10.4.1_e8.2_400bps_fast@v5.0.0,9216,2.2564e+08,21738951168
NVIDIA A100 80GB PCIe,dna_r10.4.1_e8.2_400bps_fast@v5.0.0,9280,2.27227e+08,21856394752
NVIDIA A100 80GB PCIe,dna_r10.4.1_e8.2_400bps_fast@v5.0.0,9344,2.27436e+08,21971741184
NVIDIA A100 80GB PCIe,dna_r10.4.1_e8.2_400bps_fast@v5.0.0,9408,2.29791e+08,22078699008
NVIDIA A100 80GB PCIe,dna_r10.4.1_e8.2_400bps_fast@v5.0.0,9472,2.3059e+08,22196142592
NVIDIA A100 80GB PCIe,dna_r10.4.1_e8.2_400bps_fast@v5.0.0,9536,2.14267e+08,22305197568
NVIDIA A100 80GB PCIe,dna_r10.4.1_e8.2_400bps_fast@v5.0.0,9600,2.17077e+08,22420544000
NVIDIA A100 80GB PCIe,dna_r10.4.1_e8.2_400bps_fast@v5.0.0,9664,2.18362e+08,22537987584
NVIDIA A100 80GB PCIe,dna_r10.4.1_e8.2_400bps_fast@v5.0.0,9728,2.19215e+08,22647042560
NVIDIA A100 80GB PCIe,dna_r10.4.1_e8.2_400bps_fast@v5.0.0,9792,2.21248e+08,22762388992
NVIDIA A100 80GB PCIe,dna_r10.4.1_e8.2_400bps_fast@v5.0.0,9856,2.20849e+08,22873541120
NVIDIA A100 80GB PCIe,dna_r10.4.1_e8.2_400bps_fast@v5.0.0,9920,2.23507e+08,22986790400
NVIDIA A100 80GB PCIe,dna_r10.4.1_e8.2_400bps_fast@v5.0.0,9984,2.24546e+08,23102136832
NVIDIA A100 80GB PCIe,dna_r10.4.1_e8.2_400bps_fast@v5.0.0,10048,2.25232e+08,23211191808
NVIDIA A100 80GB PCIe,dna_r10.4.1_e8.2_400bps_fast@v5.0.0,10112,2.27219e+08,23330732544
NVIDIA A100 80GB PCIe,dna_r10.4.1_e8.2_400bps_fast@v5.0.0,10176,2.27523e+08,23446078976
NVIDIA A100 80GB PCIe,dna_r10.4.1_e8.2_400bps_fast@v5.0.0,10240,2.2585e+08,23555133952
NVIDIA A100 80GB PCIe,dna_r10.4.1_e8.2_400bps_fast@v5.2.0,64,2.12089e+07,1224562688
NVIDIA A100 80GB PCIe,dna_r10.4.1_e8.2_400bps_fast@v5.2.0,128,4.00948e+07,1371934720
NVIDIA A100 80GB PCIe,dna_r10.4.1_e8.2_400bps_fast@v5.2.0,192,5.81988e+07,1518170112
NVIDIA A100 80GB PCIe,dna_r10.4.1_e8.2_400bps_fast@v5.2.0,256,7.39927e+07,1666501120
NVIDIA A100 80GB PCIe,dna_r10.4.1_e8.2_400bps_fast@v5.2.0,320,9.04871e+07,1812736512
NVIDIA A100 80GB PCIe,dna_r10.4.1_e8.2_400bps_fast@v5.2.0,384,1.05498e+08,1958971392
NVIDIA A100 80GB PCIe,dna_r10.4.1_e8.2_400bps_fast@v5.2.0,448,1.05192e+08,2105206784
NVIDIA A100 80GB PCIe,dna_r10.4.1_e8.2_400bps_fast@v5.2.0,512,1.17085e+08,2253537792
NVIDIA A100 80GB PCIe,dna_r10.4.1_e8.2_400bps_fast@v5.2.0,576,1.28252e+08,2399773184
NVIDIA A100 80GB PCIe,dna_r10.4.1_e8.2_400bps_fast@v5.2.0,640,1.39875e+08,2548105216
NVIDIA A100 80GB PCIe,dna_r10.4.1_e8.2_400bps_fast@v5.2.0,704,1.48066e+08,2693454848
NVIDIA A100 80GB PCIe,dna_r10.4.1_e8.2_400bps_fast@v5.2.0,768,1.57035e+08,2840574464
NVIDIA A100 80GB PCIe,dna_r10.4.1_e8.2_400bps_fast@v5.2.0,832,1.66742e+08,2987097600
NVIDIA A100 80GB PCIe,dna_r10.4.1_e8.2_400bps_fast@v5.2.0,896,1.56329e+08,3137064960
NVIDIA A100 80GB PCIe,dna_r10.4.1_e8.2_400bps_fast@v5.2.0,960,1.6367e+08,3283474432
NVIDIA A100 80GB PCIe,dna_r10.4.1_e8.2_400bps_fast@v5.2.0,1024,1.70418e+08,3428610560
NVIDIA A100 80GB PCIe,dna_r10.4.1_e8.2_400bps_fast@v5.2.0,1088,1.76477e+08,3597695488
NVIDIA A100 80GB PCIe,dna_r10.4.1_e8.2_400bps_fast@v5.2.0,1152,1.82348e+08,3722254336
NVIDIA A100 80GB PCIe,dna_r10.4.1_e8.2_400bps_fast@v5.2.0,1216,1.87656e+08,3872929280
NVIDIA A100 80GB PCIe,dna_r10.4.1_e8.2_400bps_fast@v5.2.0,1280,1.94886e+08,4016744960
NVIDIA A100 80GB PCIe,dna_r10.4.1_e8.2_400bps_fast@v5.2.0,1344,1.83143e+08,4163767808
NVIDIA A100 80GB PCIe,dna_r10.4.1_e8.2_400bps_fast@v5.2.0,1408,1.8913e+08,4311638016
NVIDIA A100 80GB PCIe,dna_r10.4.1_e8.2_400bps_fast@v5.2.0,1472,1.94689e+08,4461605888
NVIDIA A100 80GB PCIe,dna_r10.4.1_e8.2_400bps_fast@v5.2.0,1536,1.97148e+08,4605280768
NVIDIA A100 80GB PCIe,dna_r10.4.1_e8.2_400bps_fast@v5.2.0,1600,2.01664e+08,4755248640
NVIDIA A100 80GB PCIe,dna_r10.4.1_e8.2_400bps_fast@v5.2.0,1664,2.06005e+08,4898924544
NVIDIA A100 80GB PCIe,dna_r10.4.1_e8.2_400bps_fast@v5.2.0,1728,2.07088e+08,5047607296
NVIDIA A100 80GB PCIe,dna_r10.4.1_e8.2_400bps_fast@v5.2.0,1792,2.01237e+08,5194730496
NVIDIA A100 80GB PCIe,dna_r10.4.1_e8.2_400bps_fast@v5.2.0,1856,2.0089e+08,5340644864
NVIDIA A100 80GB PCIe,dna_r10.4.1_e8.2_400bps_fast@v5.2.0,1920,2.06944e+08,5490405376
NVIDIA A100 80GB PCIe,dna_r10.4.1_e8.2_400bps_fast@v5.2.0,1984,2.06008e+08,5634081792
NVIDIA A100 80GB PCIe,dna_r10.4.1_e8.2_400bps_fast@v5.2.0,2048,2.13428e+08,5783474688
NVIDIA A100 80GB PCIe,dna_r10.4.1_e8.2_400bps_fast@v5.2.0,2112,2.158e+08,5930418688
NVIDIA A100 80GB PCIe,dna_r10.4.1_e8.2_400bps_fast@v5.2.0,2176,2.05275e+08,6075765248
NVIDIA A100 80GB PCIe,dna_r10.4.1_e8.2_400bps_fast@v5.2.0,2240,2.11156e+08,6224142336
NVIDIA A100 80GB PCIe,dna_r10.4.1_e8.2_400bps_fast@v5.2.0,2304,2.12579e+08,6369275392
NVIDIA A100 80GB PCIe,dna_r10.4.1_e8.2_400bps_fast@v5.2.0,2368,2.139e+08,6516745728
NVIDIA A100 80GB PCIe,dna_r10.4.1_e8.2_400bps_fast@v5.2.0,2432,2.19493e+08,6665966592
NVIDIA A100 80GB PCIe,dna_r10.4.1_e8.2_400bps_fast@v5.2.0,2496,2.20142e+08,6808896000
NVIDIA A100 80GB PCIe,dna_r10.4.1_e8.2_400bps_fast@v5.2.0,2560,2.20363e+08,6958621184
NVIDIA A100 80GB PCIe,dna_r10.4.1_e8.2_400bps_fast@v5.2.0,2624,2.10919e+08,7106491904
NVIDIA A100 80GB PCIe,dna_r10.4.1_e8.2_400bps_fast@v5.2.0,2688,2.15834e+08,7251118592
NVIDIA A100 80GB PCIe,dna_r10.4.1_e8.2_400bps_fast@v5.2.0,2752,2.1555e+08,7402509824
NVIDIA A100 80GB PCIe,dna_r10.4.1_e8.2_400bps_fast@v5.2.0,2816,2.20096e+08,7545119232
NVIDIA A100 80GB PCIe,dna_r10.4.1_e8.2_400bps_fast@v5.2.0,2880,2.18244e+08,7694349824
NVIDIA A100 80GB PCIe,dna_r10.4.1_e8.2_400bps_fast@v5.2.0,2944,2.23157e+08,7841648640
NVIDIA A100 80GB PCIe,dna_r10.4.1_e8.2_400bps_fast@v5.2.0,3008,2.23305e+08,7988336128
NVIDIA A100 80GB PCIe,dna_r10.4.1_e8.2_400bps_fast@v5.2.0,3072,2.15643e+08,8133681664
NVIDIA A100 80GB PCIe,dna_r10.4.1_e8.2_400bps_fast@v5.2.0,3136,2.14284e+08,8279028224
NVIDIA A100 80GB PCIe,dna_r10.4.1_e8.2_400bps_fast@v5.2.0,3200,2.18521e+08,8428404736
NVIDIA A100 80GB PCIe,dna_r10.4.1_e8.2_400bps_fast@v5.2.0,3264,2.22742e+08,8577732608
NVIDIA A100 80GB PCIe,dna_r10.4.1_e8.2_400bps_fast@v5.2.0,3328,2.20767e+08,8721646080
NVIDIA A100 80GB PCIe,dna_r10.4.1_e8.2_400bps_fast@v5.2.0,3392,2.24711e+08,8868802048
NVIDIA A100 80GB PCIe,dna_r10.4.1_e8.2_400bps_fast@v5.2.0,3456,2.27385e+08,9012051456
NVIDIA A100 80GB PCIe,dna_r10.4.1_e8.2_400bps_fast@v5.2.0,3520,2.11154e+08,9161995264
NVIDIA A100 80GB PCIe,dna_r10.4.1_e8.2_400bps_fast@v5.2.0,3584,2.14741e+08,9311787520
NVIDIA A100 80GB PCIe,dna_r10.4.1_e8.2_400bps_fast@v5.2.0,3648,2.11546e+08,9457761792
NVIDIA A100 80GB PCIe,dna_r10.4.1_e8.2_400bps_fast@v5.2.0,3712,2.16458e+08,9604565504
NVIDIA A100 80GB PCIe,dna_r10.4.1_e8.2_400bps_fast@v5.2.0,3776,2.20043e+08,9747186176
NVIDIA A100 80GB PCIe,dna_r10.4.1_e8.2_400bps_fast@v5.2.0,3840,2.16455e+08,9897150976
NVIDIA A100 80GB PCIe,dna_r10.4.1_e8.2_400bps_fast@v5.2.0,3904,2.12263e+08,10045021696
NVIDIA A100 80GB PCIe,dna_r10.4.1_e8.2_400bps_fast@v5.2.0,3968,2.15626e+08,10191599104
NVIDIA A100 80GB PCIe,dna_r10.4.1_e8.2_400bps_fast@v5.2.0,4032,2.18885e+08,10338584064
NVIDIA A100 80GB PCIe,dna_r10.4.1_e8.2_400bps_fast@v5.2.0,4096,2.14637e+08,10489582080
NVIDIA A100 80GB PCIe,dna_r10.4.1_e8.2_400bps_fast@v5.2.0,4160,2.17766e+08,10632191488
NVIDIA A100 80GB PCIe,dna_r10.4.1_e8.2_400bps_fast@v5.2.0,4224,2.20578e+08,10781372928
NVIDIA A100 80GB PCIe,dna_r10.4.1_e8.2_400bps_fast@v5.2.0,4288,2.2417e+08,10924622336
NVIDIA A100 80GB PCIe,dna_r10.4.1_e8.2_400bps_fast@v5.2.0,4352,2.1895e+08,11072065024
NVIDIA A100 80GB PCIe,dna_r10.4.1_e8.2_400bps_fast@v5.2.0,4416,2.21289e+08,11223600640
NVIDIA A100 80GB PCIe,dna_r10.4.1_e8.2_400bps_fast@v5.2.0,4480,2.25092e+08,11368307200
NVIDIA A100 80GB PCIe,dna_r10.4.1_e8.2_400bps_fast@v5.2.0,4544,2.19729e+08,11515110912
NVIDIA A100 80GB PCIe,dna_r10.4.1_e8.2_400bps_fast@v5.2.0,4608,2.22518e+08,11659817472
NVIDIA A100 80GB PCIe,dna_r10.4.1_e8.2_400bps_fast@v5.2.0,4672,2.25282e+08,11809282560
NVIDIA A100 80GB PCIe,dna_r10.4.1_e8.2_400bps_fast@v5.2.0,4736,2.19687e+08,11956726272
NVIDIA A100 80GB PCIe,dna_r10.4.1_e8.2_400bps_fast@v5.2.0,4800,2.22431e+08,12102072832
NVIDIA A100 80GB PCIe,dna_r10.4.1_e8.2_400bps_fast@v5.2.0,4864,2.24573e+08,12251226624
NVIDIA A100 80GB PCIe,dna_r10.4.1_e8.2_400bps_fast@v5.2.0,4928,2.18972e+08,12395933184
NVIDIA A100 80GB PCIe,dna_r10.4.1_e8.2_400bps_fast@v5.2.0,4992,2.20694e+08,12542736896
NVIDIA A100 80GB PCIe,dna_r10.4.1_e8.2_400bps_fast@v5.2.0,5056,2.24402e+08,12691846656
NVIDIA A100 80GB PCIe,dna_r10.4.1_e8.2_400bps_fast@v5.2.0,5120,2.26821e+08,12835095040
NVIDIA A100 80GB PCIe,dna_r10.4.1_e8.2_400bps_fast@v5.2.0,5184,2.29558e+08,12984635904
NVIDIA A100 80GB PCIe,dna_r10.4.1_e8.2_400bps_fast@v5.2.0,5248,2.22177e+08,13134146048
NVIDIA A100 80GB PCIe,dna_r10.4.1_e8.2_400bps_fast@v5.2.0,5312,2.2426e+08,13278852608
NVIDIA A100 80GB PCIe,dna_r10.4.1_e8.2_400bps_fast@v5.2.0,5376,2.27317e+08,13425656320
NVIDIA A100 80GB PCIe,dna_r10.4.1_e8.2_400bps_fast@v5.2.0,5440,2.19795e+08,13570362880
NVIDIA A100 80GB PCIe,dna_r10.4.1_e8.2_400bps_fast@v5.2.0,5504,2.22152e+08,13723458048
NVIDIA A100 80GB PCIe,dna_r10.4.1_e8.2_400bps_fast@v5.2.0,5568,2.22366e+08,13870261760
NVIDIA A100 80GB PCIe,dna_r10.4.1_e8.2_400bps_fast@v5.2.0,5632,2.14459e+08,14014968320
NVIDIA A100 80GB PCIe,dna_r10.4.1_e8.2_400bps_fast@v5.2.0,5696,2.18862e+08,14161772032
NVIDIA A100 80GB PCIe,dna_r10.4.1_e8.2_400bps_fast@v5.2.0,5760,2.20525e+08,14306478592
NVIDIA A100 80GB PCIe,dna_r10.4.1_e8.2_400bps_fast@v5.2.0,5824,2.23561e+08,14453282304
NVIDIA A100 80GB PCIe,dna_r10.4.1_e8.2_400bps_fast@v5.2.0,5888,2.25701e+08,14606377472
NVIDIA A100 80GB PCIe,dna_r10.4.1_e8.2_400bps_fast@v5.2.0,5952,2.27566e+08,14748986880
NVIDIA A100 80GB PCIe,dna_r10.4.1_e8.2_400bps_fast@v5.2.0,6016,2.30458e+08,14899984896
NVIDIA A100 80GB PCIe,dna_r10.4.1_e8.2_400bps_fast@v5.2.0,6080,2.21359e+08,15040497152
NVIDIA A100 80GB PCIe,dna_r10.4.1_e8.2_400bps_fast@v5.2.0,6144,2.23101e+08,15189398016
NVIDIA A100 80GB PCIe,dna_r10.4.1_e8.2_400bps_fast@v5.2.0,6208,2.25585e+08,15336201728
NVIDIA A100 80GB PCIe,dna_r10.4.1_e8.2_400bps_fast@v5.2.0,6272,2.27884e+08,15480908288
NVIDIA A100 80GB PCIe,dna_r10.4.1_e8.2_400bps_fast@v5.2.0,6336,2.28944e+08,15634003456
NVIDIA A100 80GB PCIe,dna_r10.4.1_e8.2_400bps_fast@v5.2.0,6400,2.20497e+08,15780807168
NVIDIA A100 80GB PCIe,dna_r10.4.1_e8.2_400bps_fast@v5.2.0,6464,2.22335e+08,15925513728
NVIDIA A100 80GB PCIe,dna_r10.4.1_e8.2_400bps_fast@v5.2.0,6528,2.23718e+08,16072317440
NVIDIA A100 80GB PCIe,dna_r10.4.1_e8.2_400bps_fast@v5.2.0,6592,2.25878e+08,16217024000
NVIDIA A100 80GB PCIe,dna_r10.4.1_e8.2_400bps_fast@v5.2.0,6656,2.2823e+08,16365924864
NVIDIA A100 80GB PCIe,dna_r10.4.1_e8.2_400bps_fast@v5.2.0,6720,2.17832e+08,16516922880
NVIDIA A100 80GB PCIe,dna_r10.4.1_e8.2_400bps_fast@v5.2.0,6784,2.2025e+08,16659532288
NVIDIA A100 80GB PCIe,dna_r10.4.1_e8.2_400bps_fast@v5.2.0,6848,2.2238e+08,16808433152
NVIDIA A100 80GB PCIe,dna_r10.4.1_e8.2_400bps_fast@v5.2.0,6912,2.23046e+08,16951042560
NVIDIA A100 80GB PCIe,dna_r10.4.1_e8.2_400bps_fast@v5.2.0,6976,2.25577e+08,17102040576
NVIDIA A100 80GB PCIe,dna_r10.4.1_e8.2_400bps_fast@v5.2.0,7040,2.14684e+08,17246747136
NVIDIA A100 80GB PCIe,dna_r10.4.1_e8.2_400bps_fast@v5.2.0,7104,2.15136e+08,17391453696
NVIDIA A100 80GB PCIe,dna_r10.4.1_e8.2_400bps_fast@v5.2.0,7168,2.18459e+08,17542451712
NVIDIA A100 80GB PCIe,dna_r10.4.1_e8.2_400bps_fast@v5.2.0,7232,2.19981e+08,17687158272
NVIDIA A100 80GB PCIe,dna_r10.4.1_e8.2_400bps_fast@v5.2.0,7296,2.22037e+08,17838156288
NVIDIA A100 80GB PCIe,dna_r10.4.1_e8.2_400bps_fast@v5.2.0,7360,2.20492e+08,17982862848
NVIDIA A100 80GB PCIe,dna_r10.4.1_e8.2_400bps_fast@v5.2.0,7424,2.22688e+08,18127569408
NVIDIA A100 80GB PCIe,dna_r10.4.1_e8.2_400bps_fast@v5.2.0,7488,2.27103e+08,18274373120
NVIDIA A100 80GB PCIe,dna_r10.4.1_e8.2_400bps_fast@v5.2.0,7552,2.15497e+08,18421176832
NVIDIA A100 80GB PCIe,dna_r10.4.1_e8.2_400bps_fast@v5.2.0,7616,2.15597e+08,18572174848
NVIDIA A100 80GB PCIe,dna_r10.4.1_e8.2_400bps_fast@v5.2.0,7680,2.19212e+08,18721075712
NVIDIA A100 80GB PCIe,dna_r10.4.1_e8.2_400bps_fast@v5.2.0,7744,2.2048e+08,18861587968
NVIDIA A100 80GB PCIe,dna_r10.4.1_e8.2_400bps_fast@v5.2.0,7808,2.21114e+08,19010488832
NVIDIA A100 80GB PCIe,dna_r10.4.1_e8.2_400bps_fast@v5.2.0,7872,2.23644e+08,19159389696
NVIDIA A100 80GB PCIe,dna_r10.4.1_e8.2_400bps_fast@v5.2.0,7936,2.24654e+08,19304096256
NVIDIA A100 80GB PCIe,dna_r10.4.1_e8.2_400bps_fast@v5.2.0,8000,2.26812e+08,19455094272
NVIDIA A100 80GB PCIe,dna_r10.4.1_e8.2_400bps_fast@v5.2.0,8064,2.2855e+08,19597703680
NVIDIA A100 80GB PCIe,dna_r10.4.1_e8.2_400bps_fast@v5.2.0,8128,2.30282e+08,19744507392
NVIDIA A100 80GB PCIe,dna_r10.4.1_e8.2_400bps_fast@v5.2.0,8192,2.16081e+08,19895505408
NVIDIA A100 80GB PCIe,dna_r10.4.1_e8.2_400bps_fast@v5.2.0,8256,2.18447e+08,20040211968
NVIDIA A100 80GB PCIe,dna_r10.4.1_e8.2_400bps_fast@v5.2.0,8320,2.20427e+08,20153461248
NVIDIA A100 80GB PCIe,dna_r10.4.1_e8.2_400bps_fast@v5.2.0,8384,2.20212e+08,20262516224
NVIDIA A100 80GB PCIe,dna_r10.4.1_e8.2_400bps_fast@v5.2.0,8448,2.22856e+08,20379959808
NVIDIA A100 80GB PCIe,dna_r10.4.1_e8.2_400bps_fast@v5.2.0,8512,2.22895e+08,20497403392
NVIDIA A100 80GB PCIe,dna_r10.4.1_e8.2_400bps_fast@v5.2.0,8576,2.26533e+08,20606458368
NVIDIA A100 80GB PCIe,dna_r10.4.1_e8.2_400bps_fast@v5.2.0,8640,2.26079e+08,20721804800
NVIDIA A100 80GB PCIe,dna_r10.4.1_e8.2_400bps_fast@v5.2.0,8704,2.12812e+08,20828762624
NVIDIA A100 80GB PCIe,dna_r10.4.1_e8.2_400bps_fast@v5.2.0,8768,2.14949e+08,20944109056
NVIDIA A100 80GB PCIe,dna_r10.4.1_e8.2_400bps_fast@v5.2.0,8832,2.16361e+08,21063649792
NVIDIA A100 80GB PCIe,dna_r10.4.1_e8.2_400bps_fast@v5.2.0,8896,2.18325e+08,21174801920
NVIDIA A100 80GB PCIe,dna_r10.4.1_e8.2_400bps_fast@v5.2.0,8960,2.18912e+08,21288051200
NVIDIA A100 80GB PCIe,dna_r10.4.1_e8.2_400bps_fast@v5.2.0,9024,2.21159e+08,21403397632
NVIDIA A100 80GB PCIe,dna_r10.4.1_e8.2_400bps_fast@v5.2.0,9088,2.22754e+08,21510355456
NVIDIA A100 80GB PCIe,dna_r10.4.1_e8.2_400bps_fast@v5.2.0,9152,2.21808e+08,21627799040
NVIDIA A100 80GB PCIe,dna_r10.4.1_e8.2_400bps_fast@v5.2.0,9216,2.25172e+08,21738951168
NVIDIA A100 80GB PCIe,dna_r10.4.1_e8.2_400bps_fast@v5.2.0,9280,2.26308e+08,21856394752
NVIDIA A100 80GB PCIe,dna_r10.4.1_e8.2_400bps_fast@v5.2.0,9344,2.27256e+08,21971741184
NVIDIA A100 80GB PCIe,dna_r10.4.1_e8.2_400bps_fast@v5.2.0,9408,2.28927e+08,22078699008
NVIDIA A100 80GB PCIe,dna_r10.4.1_e8.2_400bps_fast@v5.2.0,9472,2.14718e+08,22196142592
NVIDIA A100 80GB PCIe,dna_r10.4.1_e8.2_400bps_fast@v5.2.0,9536,2.11831e+08,22305197568
NVIDIA A100 80GB PCIe,dna_r10.4.1_e8.2_400bps_fast@v5.2.0,9600,2.13445e+08,22420544000
NVIDIA A100 80GB PCIe,dna_r10.4.1_e8.2_400bps_fast@v5.2.0,9664,2.17873e+08,22537987584
NVIDIA A100 80GB PCIe,dna_r10.4.1_e8.2_400bps_fast@v5.2.0,9728,2.18405e+08,22647042560
NVIDIA A100 80GB PCIe,dna_r10.4.1_e8.2_400bps_fast@v5.2.0,9792,2.20714e+08,22762388992
NVIDIA A100 80GB PCIe,dna_r10.4.1_e8.2_400bps_fast@v5.2.0,9856,2.21713e+08,22873541120
NVIDIA A100 80GB PCIe,dna_r10.4.1_e8.2_400bps_fast@v5.2.0,9920,2.22252e+08,22986790400
NVIDIA A100 80GB PCIe,dna_r10.4.1_e8.2_400bps_fast@v5.2.0,9984,2.24281e+08,23102136832
NVIDIA A100 80GB PCIe,dna_r10.4.1_e8.2_400bps_fast@v5.2.0,10048,2.23771e+08,23211191808
NVIDIA A100 80GB PCIe,dna_r10.4.1_e8.2_400bps_fast@v5.2.0,10112,2.25158e+08,23330732544
NVIDIA A100 80GB PCIe,dna_r10.4.1_e8.2_400bps_fast@v5.2.0,10176,2.27469e+08,23446078976
NVIDIA A100 80GB PCIe,dna_r10.4.1_e8.2_400bps_fast@v5.2.0,10240,2.26001e+08,23555133952
NVIDIA A100 80GB PCIe,dna_r10.4.1_e8.2_400bps_hac@v4.3.0,64,8.88352e+06,410480640
NVIDIA A100 80GB PCIe,dna_r10.4.1_e8.2_400bps_hac@v4.3.0,128,1.72541e+07,802512896
NVIDIA A100 80GB PCIe,dna_r10.4.1_e8.2_400bps_hac@v4.3.0,192,2.51019e+07,1193494016
NVIDIA A100 80GB PCIe,dna_r10.4.1_e8.2_400bps_hac@v4.3.0,256,3.26942e+07,1580682752
NVIDIA A100 80GB PCIe,dna_r10.4.1_e8.2_400bps_hac@v4.3.0,320,3.89322e+07,1972719104
NVIDIA A100 80GB PCIe,dna_r10.4.1_e8.2_400bps_hac@v4.3.0,384,4.47944e+07,2362779136
NVIDIA A100 80GB PCIe,dna_r10.4.1_e8.2_400bps_hac@v4.3.0,448,5.00103e+07,2753140736
NVIDIA A100 80GB PCIe,dna_r10.4.1_e8.2_400bps_hac@v4.3.0,512,5.51035e+07,3144292352
NVIDIA A100 80GB PCIe,dna_r10.4.1_e8.2_400bps_hac@v4.3.0,576,6.19633e+07,3551968256
NVIDIA A100 80GB PCIe,dna_r10.4.1_e8.2_400bps_hac@v4.3.0,640,5.03493e+07,3919555072
NVIDIA A100 80GB PCIe,dna_r10.4.1_e8.2_400bps_hac@v4.3.0,704,5.25637e+07,4315353088
NVIDIA A100 80GB PCIe,dna_r10.4.1_e8.2_400bps_hac@v4.3.0,768,5.80773e+07,4698539008
NVIDIA A100 80GB PCIe,dna_r10.4.1_e8.2_400bps_hac@v4.3.0,832,6.12317e+07,5099227136
NVIDIA A100 80GB PCIe,dna_r10.4.1_e8.2_400bps_hac@v4.3.0,896,6.41656e+07,5502238208
NVIDIA A100 80GB PCIe,dna_r10.4.1_e8.2_400bps_hac@v4.3.0,960,6.77312e+07,5866481664
NVIDIA A100 80GB PCIe,dna_r10.4.1_e8.2_400bps_hac@v4.3.0,1024,6.91795e+07,6285962240
NVIDIA A100 80GB PCIe,dna_r10.4.1_e8.2_400bps_hac@v4.3.0,1088,7.23871e+07,6653836288
NVIDIA A100 80GB PCIe,dna_r10.4.1_e8.2_400bps_hac@v4.3.0,1152,7.5484e+07,7040952832
NVIDIA A100 80GB PCIe,dna_r10.4.1_e8.2_400bps_hac@v4.3.0,1216,6.63984e+07,7433721344
NVIDIA A100 80GB PCIe,dna_r10.4.1_e8.2_400bps_hac@v4.3.0,1280,6.85388e+07,7815746048
NVIDIA A100 80GB PCIe,dna_r10.4.1_e8.2_400bps_hac@v4.3.0,1344,7.06686e+07,8213266432
NVIDIA A100 80GB PCIe,dna_r10.4.1_e8.2_400bps_hac@v4.3.0,1408,7.26156e+07,8605373952
NVIDIA A100 80GB PCIe,dna_r10.4.1_e8.2_400bps_hac@v4.3.0,1472,7.44638e+07,9024470016
NVIDIA A100 80GB PCIe,dna_r10.4.1_e8.2_400bps_hac@v4.3.0,1536,7.75956e+07,9416652288
NVIDIA A100 80GB PCIe,dna_r10.4.1_e8.2_400bps_hac@v4.3.0,1600,8.08585e+07,9780941312
NVIDIA A100 80GB PCIe,dna_r10.4.1_e8.2_400bps_hac@v4.3.0,1664,8.24331e+07,10163090432
NVIDIA A100 80GB PCIe,dna_r10.4.1_e8.2_400bps_hac@v4.3.0,1728,7.87175e+07,10554836480
NVIDIA A100 80GB PCIe,dna_r10.4.1_e8.2_400bps_hac@v4.3.0,1792,8.8617e+07,10947670016
NVIDIA A100 80GB PCIe,dna_r10.4.1_e8.2_400bps_hac@v4.3.0,1856,8.08733e+07,11372008448
NVIDIA A100 80GB PCIe,dna_r10.4.1_e8.2_400bps_hac@v4.3.0,1920,9.30553e+07,11765070336
NVIDIA A100 80GB PCIe,dna_r10.4.1_e8.2_400bps_hac@v4.3.0,1984,8.63922e+07,12112980992
NVIDIA A100 80GB PCIe,dna_r10.4.1_e8.2_400bps_hac@v4.3.0,2048,9.70422e+07,12511319040
NVIDIA A100 80GB PCIe,dna_r10.4.1_e8.2_400bps_hac@v4.3.0,2112,8.77081e+07,12961931776
NVIDIA A100 80GB PCIe,dna_r10.4.1_e8.2_400bps_hac@v4.3.0,2176,1.00899e+08,13273443328
NVIDIA A100 80GB PCIe,dna_r10.4.1_e8.2_400bps_hac@v4.3.0,2240,9.51369e+07,13676758528
NVIDIA A100 80GB PCIe,dna_r10.4.1_e8.2_400bps_hac@v4.3.0,2304,1.02211e+08,14068519936
NVIDIA A100 80GB PCIe,dna_r10.4.1_e8.2_400bps_hac@v4.3.0,2368,7.95177e+07,14508694016
NVIDIA A100 80GB PCIe,dna_r10.4.1_e8.2_400bps_hac@v4.3.0,2432,8.16002e+07,14850464256
NVIDIA A100 80GB PCIe,dna_r10.4.1_e8.2_400bps_hac@v4.3.0,2496,8.13132e+07,15281971200
NVIDIA A100 80GB PCIe,dna_r10.4.1_e8.2_400bps_hac@v4.3.0,2560,8.31619e+07,15612989440
NVIDIA A100 80GB PCIe,dna_r10.4.1_e8.2_400bps_hac@v4.3.0,2624,8.28295e+07,16092987392
NVIDIA A100 80GB PCIe,dna_r10.4.1_e8.2_400bps_hac@v4.3.0,2688,8.47479e+07,16401101824
NVIDIA A100 80GB PCIe,dna_r10.4.1_e8.2_400bps_hac@v4.3.0,2752,8.67831e+07,16856873472
NVIDIA A100 80GB PCIe,dna_r10.4.1_e8.2_400bps_hac@v4.3.0,2816,8.59578e+07,17178035712
NVIDIA A100 80GB PCIe,dna_r10.4.1_e8.2_400bps_hac@v4.3.0,2880,8.79487e+07,17579787776
NVIDIA A100 80GB PCIe,dna_r10.4.1_e8.2_400bps_hac@v4.3.0,2944,8.11825e+07,18053033984
NVIDIA A100 80GB PCIe,dna_r10.4.1_e8.2_400bps_hac@v4.3.0,3008,8.88137e+07,18359604736
NVIDIA A100 80GB PCIe,dna_r10.4.1_e8.2_400bps_hac@v4.3.0,3072,8.45249e+07,18759885824
NVIDIA A100 80GB PCIe,dna_r10.4.1_e8.2_400bps_hac@v4.3.0,3136,9.25204e+07,19124367360
NVIDIA A100 80GB PCIe,dna_r10.4.1_e8.2_400bps_hac@v4.3.0,3200,8.48976e+07,19525187584
NVIDIA A100 80GB PCIe,dna_r10.4.1_e8.2_400bps_hac@v4.3.0,3264,8.98773e+07,19981829120
NVIDIA A100 80GB PCIe,dna_r10.4.1_e8.2_400bps_hac@v4.3.0,3328,9.14957e+07,20304955904
NVIDIA A100 80GB PCIe,dna_r10.4.1_e8.2_400bps_hac@v4.3.0,3392,9.33129e+07,20687519232
NVIDIA A100 80GB PCIe,dna_r10.4.1_e8.2_400bps_hac@v4.3.0,3456,8.81284e+07,21066098688
NVIDIA A100 80GB PCIe,dna_r10.4.1_e8.2_400bps_hac@v4.3.0,3520,7.95931e+07,21476801536
NVIDIA A100 80GB PCIe,dna_r10.4.1_e8.2_400bps_hac@v4.3.0,3584,9.47849e+07,21889796608
NVIDIA A100 80GB PCIe,dna_r10.4.1_e8.2_400bps_hac@v4.3.0,3648,8.22593e+07,22258042368
NVIDIA A100 80GB PCIe,dna_r10.4.1_e8.2_400bps_hac@v4.3.0,3712,9.08988e+07,22646747648
NVIDIA A100 80GB PCIe,dna_r10.4.1_e8.2_400bps_hac@v4.3.0,3776,8.15437e+07,23088656384
NVIDIA A100 80GB PCIe,dna_r10.4.1_e8.2_400bps_hac@v4.3.0,3840,9.76072e+07,23403451904
NVIDIA A100 80GB PCIe,dna_r10.4.1_e8.2_400bps_hac@v4.3.0,3904,8.42332e+07,23794183680
NVIDIA A100 80GB PCIe,dna_r10.4.1_e8.2_400bps_hac@v4.3.0,3968,9.31807e+07,24196013056
NVIDIA A100 80GB PCIe,dna_r10.4.1_e8.2_400bps_hac@v4.3.0,4032,8.68919e+07,24678647296
NVIDIA A100 80GB PCIe,dna_r10.4.1_e8.2_400bps_hac@v4.3.0,4096,9.99556e+07,25000494080
NVIDIA A100 80GB PCIe,dna_r10.4.1_e8.2_400bps_hac@v4.3.0,4160,8.94954e+07,25384226816
NVIDIA A100 80GB PCIe,dna_r10.4.1_e8.2_400bps_hac@v4.3.0,4224,9.91765e+07,25772685312
NVIDIA A100 80GB PCIe,dna_r10.4.1_e8.2_400bps_hac@v4.3.0,4288,9.21331e+07,26156427776
NVIDIA A100 80GB PCIe,dna_r10.4.1_e8.2_400bps_hac@v4.3.0,4352,1.02035e+08,26523894272
NVIDIA A100 80GB PCIe,dna_r10.4.1_e8.2_400bps_hac@v4.3.0,4416,9.06077e+07,26949864448
NVIDIA A100 80GB PCIe,dna_r10.4.1_e8.2_400bps_hac@v4.3.0,4480,1.00697e+08,27423613952
NVIDIA A100 80GB PCIe,dna_r10.4.1_e8.2_400bps_hac@v4.3.0,4544,9.31304e+07,27810770432
NVIDIA A100 80GB PCIe,dna_r10.4.1_e8.2_400bps_hac@v4.3.0,4608,1.07642e+08,28122505216
NVIDIA A100 80GB PCIe,dna_r10.4.1_e8.2_400bps_hac@v4.3.0,4672,8.21332e+07,28493651456
NVIDIA A100 80GB PCIe,dna_r10.4.1_e8.2_400bps_hac@v4.3.0,4736,8.31602e+07,28998579200
NVIDIA A100 80GB PCIe,dna_r10.4.1_e8.2_400bps_hac@v4.3.0,4800,8.45441e+07,29293592064
NVIDIA A100 80GB PCIe,dna_r10.4.1_e8.2_400bps_hac@v4.3.0,4864,8.52232e+07,29774282240
NVIDIA A100 80GB PCIe,dna_r10.4.1_e8.2_400bps_hac@v4.3.0,4928,8.6671e+07,30054790144
NVIDIA A100 80GB PCIe,dna_r10.4.1_e8.2_400bps_hac@v4.3.0,4992,8.73598e+07,30442634240
NVIDIA A100 80GB PCIe,dna_r10.4.1_e8.2_400bps_hac@v4.3.0,5056,8.8416e+07,30846334464
NVIDIA A100 80GB PCIe,dna_r10.4.1_e8.2_400bps_hac@v4.3.0,5120,8.43927e+07,31332993536
NVIDIA A100 80GB PCIe,dna_r10.4.1_e8.2_400bps_hac@v4.3.0,5184,8.60266e+07,31617875968
NVIDIA A100 80GB PCIe,dna_r10.4.1_e8.2_400bps_hac@v4.3.0,5248,8.69375e+07,32115753472
NVIDIA A100 80GB PCIe,dna_r10.4.1_e8.2_400bps_hac@v4.3.0,5312,9.28998e+07,32501009408
NVIDIA A100 80GB PCIe,dna_r10.4.1_e8.2_400bps_hac@v4.3.0,5376,8.88984e+07,32797118464
NVIDIA A100 80GB PCIe,dna_r10.4.1_e8.2_400bps_hac@v4.3.0,5440,9.50174e+07,33182441472
NVIDIA A100 80GB PCIe,dna_r10.4.1_e8.2_400bps_hac@v4.3.0,5504,9.10625e+07,33685366784
NVIDIA A100 80GB PCIe,dna_r10.4.1_e8.2_400bps_hac@v4.3.0,5568,9.19379e+07,34071165952
NVIDIA A100 80GB PCIe,dna_r10.4.1_e8.2_400bps_hac@v4.3.0,5632,9.29193e+07,34455168512
NVIDIA A100 80GB PCIe,dna_r10.4.1_e8.2_400bps_hac@v4.3.0,5696,9.39512e+07,34747649536
NVIDIA A100 80GB PCIe,dna_r10.4.1_e8.2_400bps_hac@v4.3.0,5760,9.49982e+07,35266585600
NVIDIA A100 80GB PCIe,dna_r10.4.1_e8.2_400bps_hac@v4.3.0,5824,8.48324e+07,35633197056
NVIDIA A100 80GB PCIe,dna_r10.4.1_e8.2_400bps_hac@v4.3.0,5888,9.15305e+07,36029037056
NVIDIA A100 80GB PCIe,dna_r10.4.1_e8.2_400bps_hac@v4.3.0,5952,8.67129e+07,36416341504
NVIDIA A100 80GB PCIe,dna_r10.4.1_e8.2_400bps_hac@v4.3.0,6016,9.34185e+07,36818790400
NVIDIA A100 80GB PCIe,dna_r10.4.1_e8.2_400bps_hac@v4.3.0,6080,8.863e+07,37079132160
NVIDIA A100 80GB PCIe,dna_r10.4.1_e8.2_400bps_hac@v4.3.0,6144,9.49397e+07,37595446784
NVIDIA A100 80GB PCIe,dna_r10.4.1_e8.2_400bps_hac@v4.3.0,6208,8.46107e+07,37853064704
NVIDIA A100 80GB PCIe,dna_r10.4.1_e8.2_400bps_hac@v4.3.0,6272,9.72999e+07,38237418496
NVIDIA A100 80GB PCIe,dna_r10.4.1_e8.2_400bps_hac@v4.3.0,6336,8.61921e+07,38645108736
NVIDIA A100 80GB PCIe,dna_r10.4.1_e8.2_400bps_hac@v4.3.0,6400,9.89637e+07,39033560064
NVIDIA A100 80GB PCIe,dna_r10.4.1_e8.2_400bps_hac@v4.3.0,6464,9.39514e+07,39457424384
NVIDIA A100 80GB PCIe,dna_r10.4.1_e8.2_400bps_hac@v4.3.0,6528,1.00968e+08,39804768256
NVIDIA A100 80GB PCIe,dna_r10.4.1_e8.2_400bps_hac@v4.3.0,6592,9.57373e+07,40202045440
NVIDIA A100 80GB PCIe,dna_r10.4.1_e8.2_400bps_hac@v4.3.0,6656,1.02343e+08,40634792960
NVIDIA A100 80GB PCIe,dna_r10.4.1_e8.2_400bps_hac@v4.3.0,6720,9.0862e+07,40983701504
NVIDIA A100 80GB PCIe,dna_r10.4.1_e8.2_400bps_hac@v4.3.0,6784,9.86147e+07,41508356608
NVIDIA A100 80GB PCIe,dna_r10.4.1_e8.2_400bps_hac@v4.3.0,6848,9.29658e+07,41755651072
NVIDIA A100 80GB PCIe,dna_r10.4.1_e8.2_400bps_hac@v4.3.0,6912,1.00178e+08,42146051584
NVIDIA A100 80GB PCIe,dna_r10.4.1_e8.2_400bps_hac@v4.3.0,6976,8.79065e+07,42682831872
NVIDIA A100 80GB PCIe,dna_r10.4.1_e8.2_400bps_hac@v4.3.0,7040,8.80789e+07,43072129536
NVIDIA A100 80GB PCIe,dna_r10.4.1_e8.2_400bps_hac@v4.3.0,7104,8.88215e+07,43467709440
NVIDIA A100 80GB PCIe,dna_r10.4.1_e8.2_400bps_hac@v4.3.0,7168,8.98456e+07,43850042880
NVIDIA A100 80GB PCIe,dna_r10.4.1_e8.2_400bps_hac@v4.3.0,7232,8.41148e+07,44105252352
NVIDIA A100 80GB PCIe,dna_r10.4.1_e8.2_400bps_hac@v4.3.0,7296,9.16542e+07,44541345280
NVIDIA A100 80GB PCIe,dna_r10.4.1_e8.2_400bps_hac@v4.3.0,7360,8.52613e+07,44881763328
NVIDIA A100 80GB PCIe,dna_r10.4.1_e8.2_400bps_hac@v4.3.0,7424,9.24126e+07,45279711744
NVIDIA A100 80GB PCIe,dna_r10.4.1_e8.2_400bps_hac@v4.3.0,7488,8.70278e+07,45651880960
NVIDIA A100 80GB PCIe,dna_r10.4.1_e8.2_400bps_hac@v4.3.0,7552,8.77085e+07,46212199424
NVIDIA A100 80GB PCIe,dna_r10.4.1_e8.2_400bps_hac@v4.3.0,7616,8.80249e+07,46439387648
NVIDIA A100 80GB PCIe,dna_r10.4.1_e8.2_400bps_hac@v4.3.0,7680,8.85466e+07,46983286272
NVIDIA A100 80GB PCIe,dna_r10.4.1_e8.2_400bps_hac@v4.3.0,7744,8.98419e+07,47212997120
NVIDIA A100 80GB PCIe,dna_r10.4.1_e8.2_400bps_hac@v4.3.0,7808,9.05574e+07,47601860096
NVIDIA A100 80GB PCIe,dna_r10.4.1_e8.2_400bps_hac@v4.3.0,7872,9.11091e+07,48167842816
NVIDIA A100 80GB PCIe,dna_r10.4.1_e8.2_400bps_hac@v4.3.0,7936,9.17671e+07,48389849088
NVIDIA A100 80GB PCIe,dna_r10.4.1_e8.2_400bps_hac@v4.3.0,8000,9.20626e+07,48944580096
NVIDIA A100 80GB PCIe,dna_r10.4.1_e8.2_400bps_hac@v4.3.0,8064,9.30555e+07,49164719616
NVIDIA A100 80GB PCIe,dna_r10.4.1_e8.2_400bps_hac@v4.3.0,8128,8.62905e+07,49802621952
NVIDIA A100 80GB PCIe,dna_r10.4.1_e8.2_400bps_hac@v4.3.0,8192,9.38657e+07,49959380992
NVIDIA A100 80GB PCIe,dna_r10.4.1_e8.2_400bps_hac@v4.3.0,8256,8.72932e+07,50343556096
NVIDIA A100 80GB PCIe,dna_r10.4.1_e8.2_400bps_hac@v4.3.0,8320,9.63105e+07,50729217536
NVIDIA A100 80GB PCIe,dna_r10.4.1_e8.2_400bps_hac@v4.3.0,8384,8.87586e+07,51112916992
NVIDIA A100 80GB PCIe,dna_r10.4.1_e8.2_400bps_hac@v4.3.0,8448,9.7265e+07,51678580736
NVIDIA A100 80GB PCIe,dna_r10.4.1_e8.2_400bps_hac@v4.3.0,8512,9.01207e+07,51962896384
NVIDIA A100 80GB PCIe,dna_r10.4.1_e8.2_400bps_hac@v4.3.0,8576,9.86632e+07,52289129984
NVIDIA A100 80GB PCIe,dna_r10.4.1_e8.2_400bps_hac@v4.3.0,8640,9.13406e+07,52853005824
NVIDIA A100 80GB PCIe,dna_r10.4.1_e8.2_400bps_hac@v4.3.0,8704,9.98255e+07,53060315136
NVIDIA A100 80GB PCIe,dna_r10.4.1_e8.2_400bps_hac@v4.3.0,8768,9.25176e+07,53462407168
NVIDIA A100 80GB PCIe,dna_r10.4.1_e8.2_400bps_hac@v4.3.0,8832,1.01579e+08,54103435264
NVIDIA A100 80GB PCIe,dna_r10.4.1_e8.2_400bps_hac@v4.3.0,8896,9.33935e+07,54426882048
NVIDIA A100 80GB PCIe,dna_r10.4.1_e8.2_400bps_hac@v4.3.0,8960,1.02121e+08,54875147264
NVIDIA A100 80GB PCIe,dna_r10.4.1_e8.2_400bps_hac@v4.3.0,9024,8.68826e+07,55018392064
NVIDIA A100 80GB PCIe,dna_r10.4.1_e8.2_400bps_hac@v4.3.0,9088,1.04199e+08,55408606208
NVIDIA A100 80GB PCIe,dna_r10.4.1_e8.2_400bps_hac@v4.3.0,9152,8.83582e+07,55880063488
NVIDIA A100 80GB PCIe,dna_r10.4.1_e8.2_400bps_hac@v4.3.0,9216,9.4914e+07,56163405312
NVIDIA A100 80GB PCIe,dna_r10.4.1_e8.2_400bps_hac@v4.3.0,9280,8.5135e+07,56616379392
NVIDIA A100 80GB PCIe,dna_r10.4.1_e8.2_400bps_hac@v4.3.0,9344,8.56909e+07,56938448896
NVIDIA A100 80GB PCIe,dna_r10.4.1_e8.2_400bps_hac@v4.3.0,9408,8.64436e+07,57322243072
NVIDIA A100 80GB PCIe,dna_r10.4.1_e8.2_400bps_hac@v4.3.0,9472,8.69397e+07,57733928448
NVIDIA A100 80GB PCIe,dna_r10.4.1_e8.2_400bps_hac@v4.3.0,9536,8.74357e+07,58113689088
NVIDIA A100 80GB PCIe,dna_r10.4.1_e8.2_400bps_hac@v4.3.0,9600,8.77716e+07,58566536704
NVIDIA A100 80GB PCIe,dna_r10.4.1_e8.2_400bps_hac@v4.3.0,9664,8.75027e+07,58893938688
NVIDIA A100 80GB PCIe,dna_r10.4.1_e8.2_400bps_hac@v4.3.0,9728,8.66714e+07,59342525952
NVIDIA A100 80GB PCIe,dna_r10.4.1_e8.2_400bps_hac@v4.3.0,9792,8.81731e+07,59673236480
NVIDIA A100 80GB PCIe,dna_r10.4.1_e8.2_400bps_hac@v4.3.0,9856,8.75376e+07,60057028608
NVIDIA A100 80GB PCIe,dna_r10.4.1_e8.2_400bps_hac@v4.3.0,9920,8.79182e+07,60449211904
NVIDIA A100 80GB PCIe,dna_r10.4.1_e8.2_400bps_hac@v4.3.0,9984,8.88129e+07,60833005056
NVIDIA A100 80GB PCIe,dna_r10.4.1_e8.2_400bps_hac@v4.3.0,10048,8.49295e+07,61225859072
NVIDIA A100 80GB PCIe,dna_r10.4.1_e8.2_400bps_hac@v4.3.0,10112,8.7872e+07,61623660032
NVIDIA A100 80GB PCIe,dna_r10.4.1_e8.2_400bps_hac@v4.3.0,10176,8.42623e+07,62011647488
NVIDIA A100 80GB PCIe,dna_r10.4.1_e8.2_400bps_hac@v4.3.0,10240,9.20178e+07,62398144512
NVIDIA A100 80GB PCIe,dna_r10.4.1_e8.2_400bps_hac@v5.0.0,64,8.75711e+06,411106816
NVIDIA A100 80GB PCIe,dna_r10.4.1_e8.2_400bps_hac@v5.0.0,128,1.69958e+07,802509312
NVIDIA A100 80GB PCIe,dna_r10.4.1_e8.2_400bps_hac@v5.0.0,192,2.49097e+07,1194080768
NVIDIA A100 80GB PCIe,dna_r10.4.1_e8.2_400bps_hac@v5.0.0,256,3.24375e+07,1580709376
NVIDIA A100 80GB PCIe,dna_r10.4.1_e8.2_400bps_hac@v5.0.0,320,3.8943e+07,1972825600
NVIDIA A100 80GB PCIe,dna_r10.4.1_e8.2_400bps_hac@v5.0.0,384,4.55639e+07,2361881088
NVIDIA A100 80GB PCIe,dna_r10.4.1_e8.2_400bps_hac@v5.0.0,448,5.04591e+07,2749323776
NVIDIA A100 80GB PCIe,dna_r10.4.1_e8.2_400bps_hac@v5.0.0,512,5.71349e+07,3144448000
NVIDIA A100 80GB PCIe,dna_r10.4.1_e8.2_400bps_hac@v5.0.0,576,6.0826e+07,3530292224
NVIDIA A100 80GB PCIe,dna_r10.4.1_e8.2_400bps_hac@v5.0.0,640,4.9678e+07,3921684480
NVIDIA A100 80GB PCIe,dna_r10.4.1_e8.2_400bps_hac@v5.0.0,704,5.3922e+07,4309500928
NVIDIA A100 80GB PCIe,dna_r10.4.1_e8.2_400bps_hac@v5.0.0,768,5.72931e+07,4729514496
NVIDIA A100 80GB PCIe,dna_r10.4.1_e8.2_400bps_hac@v5.0.0,832,6.12526e+07,5089116672
NVIDIA A100 80GB PCIe,dna_r10.4.1_e8.2_400bps_hac@v5.0.0,896,6.23605e+07,5479877120
NVIDIA A100 80GB PCIe,dna_r10.4.1_e8.2_400bps_hac@v5.0.0,960,6.68078e+07,5890961920
NVIDIA A100 80GB PCIe,dna_r10.4.1_e8.2_400bps_hac@v5.0.0,1024,6.91417e+07,6263697920
NVIDIA A100 80GB PCIe,dna_r10.4.1_e8.2_400bps_hac@v5.0.0,1088,7.13446e+07,6652925440
NVIDIA A100 80GB PCIe,dna_r10.4.1_e8.2_400bps_hac@v5.0.0,1152,7.43691e+07,7036654080
NVIDIA A100 80GB PCIe,dna_r10.4.1_e8.2_400bps_hac@v5.0.0,1216,6.63941e+07,7437801984
NVIDIA A100 80GB PCIe,dna_r10.4.1_e8.2_400bps_hac@v5.0.0,1280,6.85437e+07,7826646528
NVIDIA A100 80GB PCIe,dna_r10.4.1_e8.2_400bps_hac@v5.0.0,1344,7.06702e+07,8240285184
NVIDIA A100 80GB PCIe,dna_r10.4.1_e8.2_400bps_hac@v5.0.0,1408,7.26025e+07,8604822016
NVIDIA A100 80GB PCIe,dna_r10.4.1_e8.2_400bps_hac@v5.0.0,1472,7.44424e+07,8998506496
NVIDIA A100 80GB PCIe,dna_r10.4.1_e8.2_400bps_hac@v5.0.0,1536,7.75903e+07,9383256576
NVIDIA A100 80GB PCIe,dna_r10.4.1_e8.2_400bps_hac@v5.0.0,1600,7.92899e+07,9781136896
NVIDIA A100 80GB PCIe,dna_r10.4.1_e8.2_400bps_hac@v5.0.0,1664,8.07206e+07,10195128832
NVIDIA A100 80GB PCIe,dna_r10.4.1_e8.2_400bps_hac@v5.0.0,1728,7.87229e+07,10593902592
NVIDIA A100 80GB PCIe,dna_r10.4.1_e8.2_400bps_hac@v5.0.0,1792,8.86493e+07,10950283776
NVIDIA A100 80GB PCIe,dna_r10.4.1_e8.2_400bps_hac@v5.0.0,1856,8.06557e+07,11325669376
NVIDIA A100 80GB PCIe,dna_r10.4.1_e8.2_400bps_hac@v5.0.0,1920,9.1061e+07,11720147456
NVIDIA A100 80GB PCIe,dna_r10.4.1_e8.2_400bps_hac@v5.0.0,1984,8.63329e+07,12117940736
NVIDIA A100 80GB PCIe,dna_r10.4.1_e8.2_400bps_hac@v5.0.0,2048,9.49354e+07,12511432192
NVIDIA A100 80GB PCIe,dna_r10.4.1_e8.2_400bps_hac@v5.0.0,2112,8.75277e+07,12891253760
NVIDIA A100 80GB PCIe,dna_r10.4.1_e8.2_400bps_hac@v5.0.0,2176,9.88226e+07,13288559616
NVIDIA A100 80GB PCIe,dna_r10.4.1_e8.2_400bps_hac@v5.0.0,2240,9.07239e+07,13663399424
NVIDIA A100 80GB PCIe,dna_r10.4.1_e8.2_400bps_hac@v5.0.0,2304,1.02273e+08,14061416960
NVIDIA A100 80GB PCIe,dna_r10.4.1_e8.2_400bps_hac@v5.0.0,2368,7.70363e+07,14466948608
NVIDIA A100 80GB PCIe,dna_r10.4.1_e8.2_400bps_hac@v5.0.0,2432,7.90729e+07,14921326592
NVIDIA A100 80GB PCIe,dna_r10.4.1_e8.2_400bps_hac@v5.0.0,2496,8.10172e+07,15238014976
NVIDIA A100 80GB PCIe,dna_r10.4.1_e8.2_400bps_hac@v5.0.0,2560,8.07825e+07,15676326912
NVIDIA A100 80GB PCIe,dna_r10.4.1_e8.2_400bps_hac@v5.0.0,2624,8.27279e+07,16015480320
NVIDIA A100 80GB PCIe,dna_r10.4.1_e8.2_400bps_hac@v5.0.0,2688,8.47797e+07,16400841728
NVIDIA A100 80GB PCIe,dna_r10.4.1_e8.2_400bps_hac@v5.0.0,2752,8.40683e+07,16882717696
NVIDIA A100 80GB PCIe,dna_r10.4.1_e8.2_400bps_hac@v5.0.0,2816,8.59202e+07,17177610240
NVIDIA A100 80GB PCIe,dna_r10.4.1_e8.2_400bps_hac@v5.0.0,2880,8.77235e+07,17572684800
NVIDIA A100 80GB PCIe,dna_r10.4.1_e8.2_400bps_hac@v5.0.0,2944,8.10289e+07,17958076928
NVIDIA A100 80GB PCIe,dna_r10.4.1_e8.2_400bps_hac@v5.0.0,3008,8.58995e+07,18359872000
NVIDIA A100 80GB PCIe,dna_r10.4.1_e8.2_400bps_hac@v5.0.0,3072,8.44731e+07,18749520384
NVIDIA A100 80GB PCIe,dna_r10.4.1_e8.2_400bps_hac@v5.0.0,3136,8.94207e+07,19150039040
NVIDIA A100 80GB PCIe,dna_r10.4.1_e8.2_400bps_hac@v5.0.0,3200,8.48349e+07,19525384704
NVIDIA A100 80GB PCIe,dna_r10.4.1_e8.2_400bps_hac@v5.0.0,3264,8.98687e+07,19915454464
NVIDIA A100 80GB PCIe,dna_r10.4.1_e8.2_400bps_hac@v5.0.0,3328,8.81926e+07,20304642048
NVIDIA A100 80GB PCIe,dna_r10.4.1_e8.2_400bps_hac@v5.0.0,3392,9.001e+07,20766372352
NVIDIA A100 80GB PCIe,dna_r10.4.1_e8.2_400bps_hac@v5.0.0,3456,8.48961e+07,21066098688
NVIDIA A100 80GB PCIe,dna_r10.4.1_e8.2_400bps_hac@v5.0.0,3520,7.95984e+07,21476759552
NVIDIA A100 80GB PCIe,dna_r10.4.1_e8.2_400bps_hac@v5.0.0,3584,9.12733e+07,21856504832
NVIDIA A100 80GB PCIe,dna_r10.4.1_e8.2_400bps_hac@v5.0.0,3648,7.8849e+07,22258258432
NVIDIA A100 80GB PCIe,dna_r10.4.1_e8.2_400bps_hac@v5.0.0,3712,9.09631e+07,22646623232
NVIDIA A100 80GB PCIe,dna_r10.4.1_e8.2_400bps_hac@v5.0.0,3776,8.14711e+07,23014495744
NVIDIA A100 80GB PCIe,dna_r10.4.1_e8.2_400bps_hac@v5.0.0,3840,9.39908e+07,23427378688
NVIDIA A100 80GB PCIe,dna_r10.4.1_e8.2_400bps_hac@v5.0.0,3904,8.41637e+07,23794182656
NVIDIA A100 80GB PCIe,dna_r10.4.1_e8.2_400bps_hac@v5.0.0,3968,9.32399e+07,24196239360
NVIDIA A100 80GB PCIe,dna_r10.4.1_e8.2_400bps_hac@v5.0.0,4032,8.68603e+07,24585992704
NVIDIA A100 80GB PCIe,dna_r10.4.1_e8.2_400bps_hac@v5.0.0,4096,9.97266e+07,24989952512
NVIDIA A100 80GB PCIe,dna_r10.4.1_e8.2_400bps_hac@v5.0.0,4160,8.55975e+07,25366760960
NVIDIA A100 80GB PCIe,dna_r10.4.1_e8.2_400bps_hac@v5.0.0,4224,9.90798e+07,25792114176
NVIDIA A100 80GB PCIe,dna_r10.4.1_e8.2_400bps_hac@v5.0.0,4288,8.7863e+07,26154819584
NVIDIA A100 80GB PCIe,dna_r10.4.1_e8.2_400bps_hac@v5.0.0,4352,1.01581e+08,26523894272
NVIDIA A100 80GB PCIe,dna_r10.4.1_e8.2_400bps_hac@v5.0.0,4416,9.04745e+07,27040277504
NVIDIA A100 80GB PCIe,dna_r10.4.1_e8.2_400bps_hac@v5.0.0,4480,1.00623e+08,27423544832
NVIDIA A100 80GB PCIe,dna_r10.4.1_e8.2_400bps_hac@v5.0.0,4544,9.30968e+07,27700977152
NVIDIA A100 80GB PCIe,dna_r10.4.1_e8.2_400bps_hac@v5.0.0,4608,1.03293e+08,28196393984
NVIDIA A100 80GB PCIe,dna_r10.4.1_e8.2_400bps_hac@v5.0.0,4672,8.20897e+07,28588567552
NVIDIA A100 80GB PCIe,dna_r10.4.1_e8.2_400bps_hac@v5.0.0,4736,8.3177e+07,29019024384
NVIDIA A100 80GB PCIe,dna_r10.4.1_e8.2_400bps_hac@v5.0.0,4800,8.43556e+07,29281368576
NVIDIA A100 80GB PCIe,dna_r10.4.1_e8.2_400bps_hac@v5.0.0,4864,8.0781e+07,29672589312
NVIDIA A100 80GB PCIe,dna_r10.4.1_e8.2_400bps_hac@v5.0.0,4928,8.64208e+07,30155801600
NVIDIA A100 80GB PCIe,dna_r10.4.1_e8.2_400bps_hac@v5.0.0,4992,8.29007e+07,30428127744
NVIDIA A100 80GB PCIe,dna_r10.4.1_e8.2_400bps_hac@v5.0.0,5056,8.87312e+07,30949242368
NVIDIA A100 80GB PCIe,dna_r10.4.1_e8.2_400bps_hac@v5.0.0,5120,8.45371e+07,31228674048
NVIDIA A100 80GB PCIe,dna_r10.4.1_e8.2_400bps_hac@v5.0.0,5184,9.08293e+07,31757908992
NVIDIA A100 80GB PCIe,dna_r10.4.1_e8.2_400bps_hac@v5.0.0,5248,8.67893e+07,32115342336
NVIDIA A100 80GB PCIe,dna_r10.4.1_e8.2_400bps_hac@v5.0.0,5312,8.80194e+07,32500875776
NVIDIA A100 80GB PCIe,dna_r10.4.1_e8.2_400bps_hac@v5.0.0,5376,8.86636e+07,32908442624
NVIDIA A100 80GB PCIe,dna_r10.4.1_e8.2_400bps_hac@v5.0.0,5440,9.0029e+07,33292082688
NVIDIA A100 80GB PCIe,dna_r10.4.1_e8.2_400bps_hac@v5.0.0,5504,9.09138e+07,33608359936
NVIDIA A100 80GB PCIe,dna_r10.4.1_e8.2_400bps_hac@v5.0.0,5568,9.18739e+07,33956841472
NVIDIA A100 80GB PCIe,dna_r10.4.1_e8.2_400bps_hac@v5.0.0,5632,9.28035e+07,34455616000
NVIDIA A100 80GB PCIe,dna_r10.4.1_e8.2_400bps_hac@v5.0.0,5696,9.38901e+07,34784668672
NVIDIA A100 80GB PCIe,dna_r10.4.1_e8.2_400bps_hac@v5.0.0,5760,8.96381e+07,35127565312
NVIDIA A100 80GB PCIe,dna_r10.4.1_e8.2_400bps_hac@v5.0.0,5824,8.48487e+07,35633225216
NVIDIA A100 80GB PCIe,dna_r10.4.1_e8.2_400bps_hac@v5.0.0,5888,9.14583e+07,35908634624
NVIDIA A100 80GB PCIe,dna_r10.4.1_e8.2_400bps_hac@v5.0.0,5952,8.66451e+07,36292968960
NVIDIA A100 80GB PCIe,dna_r10.4.1_e8.2_400bps_hac@v5.0.0,6016,9.35359e+07,36694831104
NVIDIA A100 80GB PCIe,dna_r10.4.1_e8.2_400bps_hac@v5.0.0,6080,8.83964e+07,37079203328
NVIDIA A100 80GB PCIe,dna_r10.4.1_e8.2_400bps_hac@v5.0.0,6144,9.50298e+07,37469973504
NVIDIA A100 80GB PCIe,dna_r10.4.1_e8.2_400bps_hac@v5.0.0,6208,8.43694e+07,37979202560
NVIDIA A100 80GB PCIe,dna_r10.4.1_e8.2_400bps_hac@v5.0.0,6272,9.73978e+07,38363361792
NVIDIA A100 80GB PCIe,dna_r10.4.1_e8.2_400bps_hac@v5.0.0,6336,8.60051e+07,38644942848
NVIDIA A100 80GB PCIe,dna_r10.4.1_e8.2_400bps_hac@v5.0.0,6400,9.91486e+07,39206888448
NVIDIA A100 80GB PCIe,dna_r10.4.1_e8.2_400bps_hac@v5.0.0,6464,8.78305e+07,39563750912
NVIDIA A100 80GB PCIe,dna_r10.4.1_e8.2_400bps_hac@v5.0.0,6528,1.00921e+08,39941953024
NVIDIA A100 80GB PCIe,dna_r10.4.1_e8.2_400bps_hac@v5.0.0,6592,8.96139e+07,40192553984
NVIDIA A100 80GB PCIe,dna_r10.4.1_e8.2_400bps_hac@v5.0.0,6656,9.61167e+07,40591438336
NVIDIA A100 80GB PCIe,dna_r10.4.1_e8.2_400bps_hac@v5.0.0,6720,9.12452e+07,41122254848
NVIDIA A100 80GB PCIe,dna_r10.4.1_e8.2_400bps_hac@v5.0.0,6784,9.81253e+07,41367705600
NVIDIA A100 80GB PCIe,dna_r10.4.1_e8.2_400bps_hac@v5.0.0,6848,9.22823e+07,41894259200
NVIDIA A100 80GB PCIe,dna_r10.4.1_e8.2_400bps_hac@v5.0.0,6912,9.96305e+07,42146057216
NVIDIA A100 80GB PCIe,dna_r10.4.1_e8.2_400bps_hac@v5.0.0,6976,8.71778e+07,42550898176
NVIDIA A100 80GB PCIe,dna_r10.4.1_e8.2_400bps_hac@v5.0.0,7040,8.82002e+07,43094454784
NVIDIA A100 80GB PCIe,dna_r10.4.1_e8.2_400bps_hac@v5.0.0,7104,8.25808e+07,43312298496
NVIDIA A100 80GB PCIe,dna_r10.4.1_e8.2_400bps_hac@v5.0.0,7168,8.96198e+07,43709135872
NVIDIA A100 80GB PCIe,dna_r10.4.1_e8.2_400bps_hac@v5.0.0,7232,8.41485e+07,44105619456
NVIDIA A100 80GB PCIe,dna_r10.4.1_e8.2_400bps_hac@v5.0.0,7296,8.52581e+07,44494152192
NVIDIA A100 80GB PCIe,dna_r10.4.1_e8.2_400bps_hac@v5.0.0,7360,8.55706e+07,44881841152
NVIDIA A100 80GB PCIe,dna_r10.4.1_e8.2_400bps_hac@v5.0.0,7424,8.61693e+07,45263407104
NVIDIA A100 80GB PCIe,dna_r10.4.1_e8.2_400bps_hac@v5.0.0,7488,8.66919e+07,45803233792
NVIDIA A100 80GB PCIe,dna_r10.4.1_e8.2_400bps_hac@v5.0.0,7552,8.78737e+07,46048675328
NVIDIA A100 80GB PCIe,dna_r10.4.1_e8.2_400bps_hac@v5.0.0,7616,8.81234e+07,46593650688
NVIDIA A100 80GB PCIe,dna_r10.4.1_e8.2_400bps_hac@v5.0.0,7680,8.88173e+07,46828405760
NVIDIA A100 80GB PCIe,dna_r10.4.1_e8.2_400bps_hac@v5.0.0,7744,8.98715e+07,47368564224
NVIDIA A100 80GB PCIe,dna_r10.4.1_e8.2_400bps_hac@v5.0.0,7808,9.04145e+07,47760190976
NVIDIA A100 80GB PCIe,dna_r10.4.1_e8.2_400bps_hac@v5.0.0,7872,9.0981e+07,48167670784
NVIDIA A100 80GB PCIe,dna_r10.4.1_e8.2_400bps_hac@v5.0.0,7936,9.17764e+07,48389919744
NVIDIA A100 80GB PCIe,dna_r10.4.1_e8.2_400bps_hac@v5.0.0,8000,9.2555e+07,48781135872
NVIDIA A100 80GB PCIe,dna_r10.4.1_e8.2_400bps_hac@v5.0.0,8064,9.31082e+07,49328689152
NVIDIA A100 80GB PCIe,dna_r10.4.1_e8.2_400bps_hac@v5.0.0,8128,8.62818e+07,49550813696
NVIDIA A100 80GB PCIe,dna_r10.4.1_e8.2_400bps_hac@v5.0.0,8192,9.3756e+07,50131602432
NVIDIA A100 80GB PCIe,dna_r10.4.1_e8.2_400bps_hac@v5.0.0,8256,8.72677e+07,50515722752
NVIDIA A100 80GB PCIe,dna_r10.4.1_e8.2_400bps_hac@v5.0.0,8320,9.58745e+07,50901617664
NVIDIA A100 80GB PCIe,dna_r10.4.1_e8.2_400bps_hac@v5.0.0,8384,8.88238e+07,51285057536
NVIDIA A100 80GB PCIe,dna_r10.4.1_e8.2_400bps_hac@v5.0.0,8448,9.70758e+07,51678744576
NVIDIA A100 80GB PCIe,dna_r10.4.1_e8.2_400bps_hac@v5.0.0,8512,8.98724e+07,52080990208
NVIDIA A100 80GB PCIe,dna_r10.4.1_e8.2_400bps_hac@v5.0.0,8576,9.88322e+07,52344515072
NVIDIA A100 80GB PCIe,dna_r10.4.1_e8.2_400bps_hac@v5.0.0,8640,9.13807e+07,52676512256
NVIDIA A100 80GB PCIe,dna_r10.4.1_e8.2_400bps_hac@v5.0.0,8704,9.96468e+07,53294936064
NVIDIA A100 80GB PCIe,dna_r10.4.1_e8.2_400bps_hac@v5.0.0,8768,8.48036e+07,53448309760
NVIDIA A100 80GB PCIe,dna_r10.4.1_e8.2_400bps_hac@v5.0.0,8832,9.36853e+07,54045362176
NVIDIA A100 80GB PCIe,dna_r10.4.1_e8.2_400bps_hac@v5.0.0,8896,8.57204e+07,54242318336
NVIDIA A100 80GB PCIe,dna_r10.4.1_e8.2_400bps_hac@v5.0.0,8960,9.4832e+07,54814915584
NVIDIA A100 80GB PCIe,dna_r10.4.1_e8.2_400bps_hac@v5.0.0,9024,9.48961e+07,55308113408
NVIDIA A100 80GB PCIe,dna_r10.4.1_e8.2_400bps_hac@v5.0.0,9088,9.6096e+07,55586732544
NVIDIA A100 80GB PCIe,dna_r10.4.1_e8.2_400bps_hac@v5.0.0,9152,8.8205e+07,55776584704
NVIDIA A100 80GB PCIe,dna_r10.4.1_e8.2_400bps_hac@v5.0.0,9216,9.32504e+07,56264206848
NVIDIA A100 80GB PCIe,dna_r10.4.1_e8.2_400bps_hac@v5.0.0,9280,8.54454e+07,56552559616
NVIDIA A100 80GB PCIe,dna_r10.4.1_e8.2_400bps_hac@v5.0.0,9344,8.48992e+07,56939283968
NVIDIA A100 80GB PCIe,dna_r10.4.1_e8.2_400bps_hac@v5.0.0,9408,8.44398e+07,57322243584
NVIDIA A100 80GB PCIe,dna_r10.4.1_e8.2_400bps_hac@v5.0.0,9472,8.50981e+07,57734017536
NVIDIA A100 80GB PCIe,dna_r10.4.1_e8.2_400bps_hac@v5.0.0,9536,7.84761e+07,58106606592
NVIDIA A100 80GB PCIe,dna_r10.4.1_e8.2_400bps_hac@v5.0.0,9600,8.68509e+07,58501532160
NVIDIA A100 80GB PCIe,dna_r10.4.1_e8.2_400bps_hac@v5.0.0,9664,8.55244e+07,58958721024
NVIDIA A100 80GB PCIe,dna_r10.4.1_e8.2_400bps_hac@v5.0.0,9728,8.58059e+07,59342449664
NVIDIA A100 80GB PCIe,dna_r10.4.1_e8.2_400bps_hac@v5.0.0,9792,8.70829e+07,59673236480
NVIDIA A100 80GB PCIe,dna_r10.4.1_e8.2_400bps_hac@v5.0.0,9856,8.68312e+07,60057028608
NVIDIA A100 80GB PCIe,dna_r10.4.1_e8.2_400bps_hac@v5.0.0,9920,8.56447e+07,60516907008
NVIDIA A100 80GB PCIe,dna_r10.4.1_e8.2_400bps_hac@v5.0.0,9984,8.61206e+07,60900809216
NVIDIA A100 80GB PCIe,dna_r10.4.1_e8.2_400bps_hac@v5.0.0,10048,8.67246e+07,61218894848
NVIDIA A100 80GB PCIe,dna_r10.4.1_e8.2_400bps_hac@v5.0.0,10112,8.86002e+07,61623660032
NVIDIA A100 80GB PCIe,dna_r10.4.1_e8.2_400bps_hac@v5.0.0,10176,8.83921e+07,62087978496
NVIDIA A100 80GB PCIe,dna_r10.4.1_e8.2_400bps_hac@v5.0.0,10240,9.17546e+07,62445832192
NVIDIA A100 80GB PCIe,dna_r10.4.1_e8.2_400bps_hac@v5.2.0,64,6.90193e+06,418399744
NVIDIA A100 80GB PCIe,dna_r10.4.1_e8.2_400bps_hac@v5.2.0,128,1.34178e+07,809125888
NVIDIA A100 80GB PCIe,dna_r10.4.1_e8.2_400bps_hac@v5.2.0,192,1.95473e+07,1199446016
NVIDIA A100 80GB PCIe,dna_r10.4.1_e8.2_400bps_hac@v5.2.0,256,2.55382e+07,1596480512
NVIDIA A100 80GB PCIe,dna_r10.4.1_e8.2_400bps_hac@v5.2.0,320,3.09628e+07,1976707584
NVIDIA A100 80GB PCIe,dna_r10.4.1_e8.2_400bps_hac@v5.2.0,384,3.6374e+07,2369108480
NVIDIA A100 80GB PCIe,dna_r10.4.1_e8.2_400bps_hac@v5.2.0,448,3.92958e+07,2756578816
NVIDIA A100 80GB PCIe,dna_r10.4.1_e8.2_400bps_hac@v5.2.0,512,4.48863e+07,3147064320
NVIDIA A100 80GB PCIe,dna_r10.4.1_e8.2_400bps_hac@v5.2.0,576,4.76193e+07,3540400128
NVIDIA A100 80GB PCIe,dna_r10.4.1_e8.2_400bps_hac@v5.2.0,640,3.7592e+07,3932039168
NVIDIA A100 80GB PCIe,dna_r10.4.1_e8.2_400bps_hac@v5.2.0,704,4.1346e+07,4335126528
NVIDIA A100 80GB PCIe,dna_r10.4.1_e8.2_400bps_hac@v5.2.0,768,4.50707e+07,4705144832
NVIDIA A100 80GB PCIe,dna_r10.4.1_e8.2_400bps_hac@v5.2.0,832,4.71925e+07,5097707520
NVIDIA A100 80GB PCIe,dna_r10.4.1_e8.2_400bps_hac@v5.2.0,896,4.99026e+07,5489051648
NVIDIA A100 80GB PCIe,dna_r10.4.1_e8.2_400bps_hac@v5.2.0,960,5.34512e+07,5873629696
NVIDIA A100 80GB PCIe,dna_r10.4.1_e8.2_400bps_hac@v5.2.0,1024,5.59354e+07,6268417024
NVIDIA A100 80GB PCIe,dna_r10.4.1_e8.2_400bps_hac@v5.2.0,1088,5.83192e+07,6654446080
NVIDIA A100 80GB PCIe,dna_r10.4.1_e8.2_400bps_hac@v5.2.0,1152,6.05709e+07,7072472064
NVIDIA A100 80GB PCIe,dna_r10.4.1_e8.2_400bps_hac@v5.2.0,1216,5.19026e+07,7440582656
NVIDIA A100 80GB PCIe,dna_r10.4.1_e8.2_400bps_hac@v5.2.0,1280,5.3338e+07,7827164160
NVIDIA A100 80GB PCIe,dna_r10.4.1_e8.2_400bps_hac@v5.2.0,1344,5.59921e+07,8225196032
NVIDIA A100 80GB PCIe,dna_r10.4.1_e8.2_400bps_hac@v5.2.0,1408,5.72965e+07,8605334528
NVIDIA A100 80GB PCIe,dna_r10.4.1_e8.2_400bps_hac@v5.2.0,1472,5.98269e+07,8998936064
NVIDIA A100 80GB PCIe,dna_r10.4.1_e8.2_400bps_hac@v5.2.0,1536,6.08741e+07,9398127104
NVIDIA A100 80GB PCIe,dna_r10.4.1_e8.2_400bps_hac@v5.2.0,1600,6.18673e+07,9817061888
NVIDIA A100 80GB PCIe,dna_r10.4.1_e8.2_400bps_hac@v5.2.0,1664,6.42738e+07,10164731392
NVIDIA A100 80GB PCIe,dna_r10.4.1_e8.2_400bps_hac@v5.2.0,1728,5.99471e+07,10561333760
NVIDIA A100 80GB PCIe,dna_r10.4.1_e8.2_400bps_hac@v5.2.0,1792,7.09052e+07,10966413312
NVIDIA A100 80GB PCIe,dna_r10.4.1_e8.2_400bps_hac@v5.2.0,1856,6.42406e+07,11354024960
NVIDIA A100 80GB PCIe,dna_r10.4.1_e8.2_400bps_hac@v5.2.0,1920,7.4058e+07,11723019264
NVIDIA A100 80GB PCIe,dna_r10.4.1_e8.2_400bps_hac@v5.2.0,1984,6.87083e+07,12159737344
NVIDIA A100 80GB PCIe,dna_r10.4.1_e8.2_400bps_hac@v5.2.0,2048,7.68856e+07,12507522048
NVIDIA A100 80GB PCIe,dna_r10.4.1_e8.2_400bps_hac@v5.2.0,2112,6.88766e+07,12969073152
NVIDIA A100 80GB PCIe,dna_r10.4.1_e8.2_400bps_hac@v5.2.0,2176,7.93453e+07,13290810880
NVIDIA A100 80GB PCIe,dna_r10.4.1_e8.2_400bps_hac@v5.2.0,2240,7.52643e+07,13681750016
NVIDIA A100 80GB PCIe,dna_r10.4.1_e8.2_400bps_hac@v5.2.0,2304,8.18182e+07,14135736320
NVIDIA A100 80GB PCIe,dna_r10.4.1_e8.2_400bps_hac@v5.2.0,2368,6.08269e+07,14515621376
NVIDIA A100 80GB PCIe,dna_r10.4.1_e8.2_400bps_hac@v5.2.0,2432,6.23952e+07,14856133120
NVIDIA A100 80GB PCIe,dna_r10.4.1_e8.2_400bps_hac@v5.2.0,2496,6.40665e+07,15244926464
NVIDIA A100 80GB PCIe,dna_r10.4.1_e8.2_400bps_hac@v5.2.0,2560,6.55568e+07,15638582272
NVIDIA A100 80GB PCIe,dna_r10.4.1_e8.2_400bps_hac@v5.2.0,2624,6.47579e+07,16075931136
NVIDIA A100 80GB PCIe,dna_r10.4.1_e8.2_400bps_hac@v5.2.0,2688,6.62545e+07,16408372736
NVIDIA A100 80GB PCIe,dna_r10.4.1_e8.2_400bps_hac@v5.2.0,2752,6.78104e+07,16793647616
NVIDIA A100 80GB PCIe,dna_r10.4.1_e8.2_400bps_hac@v5.2.0,2816,6.92461e+07,17207113216
NVIDIA A100 80GB PCIe,dna_r10.4.1_e8.2_400bps_hac@v5.2.0,2880,6.81605e+07,17664705024
NVIDIA A100 80GB PCIe,dna_r10.4.1_e8.2_400bps_hac@v5.2.0,2944,6.38093e+07,18033852416
NVIDIA A100 80GB PCIe,dna_r10.4.1_e8.2_400bps_hac@v5.2.0,3008,6.81037e+07,18429580288
NVIDIA A100 80GB PCIe,dna_r10.4.1_e8.2_400bps_hac@v5.2.0,3072,6.64189e+07,18819412992
NVIDIA A100 80GB PCIe,dna_r10.4.1_e8.2_400bps_hac@v5.2.0,3136,7.10136e+07,19128619520
NVIDIA A100 80GB PCIe,dna_r10.4.1_e8.2_400bps_hac@v5.2.0,3200,6.61054e+07,19524204544
NVIDIA A100 80GB PCIe,dna_r10.4.1_e8.2_400bps_hac@v5.2.0,3264,7.38323e+07,19922720256
NVIDIA A100 80GB PCIe,dna_r10.4.1_e8.2_400bps_hac@v5.2.0,3328,7.16924e+07,20311987200
NVIDIA A100 80GB PCIe,dna_r10.4.1_e8.2_400bps_hac@v5.2.0,3392,7.64292e+07,20787868672
NVIDIA A100 80GB PCIe,dna_r10.4.1_e8.2_400bps_hac@v5.2.0,3456,6.78693e+07,21092680192
NVIDIA A100 80GB PCIe,dna_r10.4.1_e8.2_400bps_hac@v5.2.0,3520,6.22826e+07,21557261824
NVIDIA A100 80GB PCIe,dna_r10.4.1_e8.2_400bps_hac@v5.2.0,3584,7.37535e+07,21871853568
NVIDIA A100 80GB PCIe,dna_r10.4.1_e8.2_400bps_hac@v5.2.0,3648,6.44669e+07,22274283520
NVIDIA A100 80GB PCIe,dna_r10.4.1_e8.2_400bps_hac@v5.2.0,3712,7.2735e+07,22653544448
NVIDIA A100 80GB PCIe,dna_r10.4.1_e8.2_400bps_hac@v5.2.0,3776,6.30896e+07,23113992192
NVIDIA A100 80GB PCIe,dna_r10.4.1_e8.2_400bps_hac@v5.2.0,3840,7.52219e+07,23489126400
NVIDIA A100 80GB PCIe,dna_r10.4.1_e8.2_400bps_hac@v5.2.0,3904,6.51998e+07,23829898240
NVIDIA A100 80GB PCIe,dna_r10.4.1_e8.2_400bps_hac@v5.2.0,3968,7.37281e+07,24293187584
NVIDIA A100 80GB PCIe,dna_r10.4.1_e8.2_400bps_hac@v5.2.0,4032,6.70242e+07,24603193344
NVIDIA A100 80GB PCIe,dna_r10.4.1_e8.2_400bps_hac@v5.2.0,4096,7.99412e+07,25007497728
NVIDIA A100 80GB PCIe,dna_r10.4.1_e8.2_400bps_hac@v5.2.0,4160,6.93904e+07,25477349888
NVIDIA A100 80GB PCIe,dna_r10.4.1_e8.2_400bps_hac@v5.2.0,4224,7.85198e+07,25779516928
NVIDIA A100 80GB PCIe,dna_r10.4.1_e8.2_400bps_hac@v5.2.0,4288,7.14669e+07,26161671680
NVIDIA A100 80GB PCIe,dna_r10.4.1_e8.2_400bps_hac@v5.2.0,4352,8.08686e+07,26638827008
NVIDIA A100 80GB PCIe,dna_r10.4.1_e8.2_400bps_hac@v5.2.0,4416,7.34168e+07,27054864896
NVIDIA A100 80GB PCIe,dna_r10.4.1_e8.2_400bps_hac@v5.2.0,4480,7.87918e+07,27339134976
NVIDIA A100 80GB PCIe,dna_r10.4.1_e8.2_400bps_hac@v5.2.0,4544,7.11218e+07,27726455808
NVIDIA A100 80GB PCIe,dna_r10.4.1_e8.2_400bps_hac@v5.2.0,4608,8.54475e+07,28110801920
NVIDIA A100 80GB PCIe,dna_r10.4.1_e8.2_400bps_hac@v5.2.0,4672,6.40187e+07,28487990272
NVIDIA A100 80GB PCIe,dna_r10.4.1_e8.2_400bps_hac@v5.2.0,4736,6.46911e+07,28918117888
NVIDIA A100 80GB PCIe,dna_r10.4.1_e8.2_400bps_hac@v5.2.0,4800,6.58293e+07,29289207808
NVIDIA A100 80GB PCIe,dna_r10.4.1_e8.2_400bps_hac@v5.2.0,4864,6.6332e+07,29680239616
NVIDIA A100 80GB PCIe,dna_r10.4.1_e8.2_400bps_hac@v5.2.0,4928,6.73964e+07,30074344960
NVIDIA A100 80GB PCIe,dna_r10.4.1_e8.2_400bps_hac@v5.2.0,4992,6.82002e+07,30478669824
NVIDIA A100 80GB PCIe,dna_r10.4.1_e8.2_400bps_hac@v5.2.0,5056,6.88462e+07,30956501504
NVIDIA A100 80GB PCIe,dna_r10.4.1_e8.2_400bps_hac@v5.2.0,5120,6.46812e+07,31340656128
NVIDIA A100 80GB PCIe,dna_r10.4.1_e8.2_400bps_hac@v5.2.0,5184,7.08597e+07,31625083392
NVIDIA A100 80GB PCIe,dna_r10.4.1_e8.2_400bps_hac@v5.2.0,5248,6.6628e+07,32015309312
NVIDIA A100 80GB PCIe,dna_r10.4.1_e8.2_400bps_hac@v5.2.0,5312,7.24034e+07,32399870976
NVIDIA A100 80GB PCIe,dna_r10.4.1_e8.2_400bps_hac@v5.2.0,5376,6.82276e+07,32804225024
NVIDIA A100 80GB PCIe,dna_r10.4.1_e8.2_400bps_hac@v5.2.0,5440,7.40744e+07,33299262976
NVIDIA A100 80GB PCIe,dna_r10.4.1_e8.2_400bps_hac@v5.2.0,5504,6.97373e+07,33563543552
NVIDIA A100 80GB PCIe,dna_r10.4.1_e8.2_400bps_hac@v5.2.0,5568,7.06339e+07,34078315008
NVIDIA A100 80GB PCIe,dna_r10.4.1_e8.2_400bps_hac@v5.2.0,5632,7.12768e+07,34462338048
NVIDIA A100 80GB PCIe,dna_r10.4.1_e8.2_400bps_hac@v5.2.0,5696,7.19838e+07,34753748992
NVIDIA A100 80GB PCIe,dna_r10.4.1_e8.2_400bps_hac@v5.2.0,5760,7.29015e+07,35134153728
NVIDIA A100 80GB PCIe,dna_r10.4.1_e8.2_400bps_hac@v5.2.0,5824,6.76632e+07,35522969600
NVIDIA A100 80GB PCIe,dna_r10.4.1_e8.2_400bps_hac@v5.2.0,5888,7.40341e+07,36036010496
NVIDIA A100 80GB PCIe,dna_r10.4.1_e8.2_400bps_hac@v5.2.0,5952,6.38771e+07,36425120768
NVIDIA A100 80GB PCIe,dna_r10.4.1_e8.2_400bps_hac@v5.2.0,6016,7.59088e+07,36825714688
NVIDIA A100 80GB PCIe,dna_r10.4.1_e8.2_400bps_hac@v5.2.0,6080,7.08447e+07,37251374080
NVIDIA A100 80GB PCIe,dna_r10.4.1_e8.2_400bps_hac@v5.2.0,6144,7.71003e+07,37476365824
NVIDIA A100 80GB PCIe,dna_r10.4.1_e8.2_400bps_hac@v5.2.0,6208,6.66139e+07,37986346496
NVIDIA A100 80GB PCIe,dna_r10.4.1_e8.2_400bps_hac@v5.2.0,6272,7.89017e+07,38285820928
NVIDIA A100 80GB PCIe,dna_r10.4.1_e8.2_400bps_hac@v5.2.0,6336,6.78535e+07,38651958272
NVIDIA A100 80GB PCIe,dna_r10.4.1_e8.2_400bps_hac@v5.2.0,6400,8.05065e+07,39043298816
NVIDIA A100 80GB PCIe,dna_r10.4.1_e8.2_400bps_hac@v5.2.0,6464,6.91248e+07,39552406016
NVIDIA A100 80GB PCIe,dna_r10.4.1_e8.2_400bps_hac@v5.2.0,6528,7.63089e+07,39812368384
NVIDIA A100 80GB PCIe,dna_r10.4.1_e8.2_400bps_hac@v5.2.0,6592,7.01096e+07,40199933440
NVIDIA A100 80GB PCIe,dna_r10.4.1_e8.2_400bps_hac@v5.2.0,6656,7.7076e+07,40735107584
NVIDIA A100 80GB PCIe,dna_r10.4.1_e8.2_400bps_hac@v5.2.0,6720,7.15758e+07,40990349824
NVIDIA A100 80GB PCIe,dna_r10.4.1_e8.2_400bps_hac@v5.2.0,6784,7.88765e+07,41374814208
NVIDIA A100 80GB PCIe,dna_r10.4.1_e8.2_400bps_hac@v5.2.0,6848,7.28523e+07,41901340160
NVIDIA A100 80GB PCIe,dna_r10.4.1_e8.2_400bps_hac@v5.2.0,6912,8.01186e+07,42153075200
NVIDIA A100 80GB PCIe,dna_r10.4.1_e8.2_400bps_hac@v5.2.0,6976,6.74455e+07,42689531904
NVIDIA A100 80GB PCIe,dna_r10.4.1_e8.2_400bps_hac@v5.2.0,7040,6.81067e+07,42937024512
NVIDIA A100 80GB PCIe,dna_r10.4.1_e8.2_400bps_hac@v5.2.0,7104,6.89496e+07,43540952064
NVIDIA A100 80GB PCIe,dna_r10.4.1_e8.2_400bps_hac@v5.2.0,7168,6.89999e+07,43856833536
NVIDIA A100 80GB PCIe,dna_r10.4.1_e8.2_400bps_hac@v5.2.0,7232,6.99238e+07,44112538624
NVIDIA A100 80GB PCIe,dna_r10.4.1_e8.2_400bps_hac@v5.2.0,7296,7.04975e+07,44650429952
NVIDIA A100 80GB PCIe,dna_r10.4.1_e8.2_400bps_hac@v5.2.0,7360,7.11489e+07,44889089024
NVIDIA A100 80GB PCIe,dna_r10.4.1_e8.2_400bps_hac@v5.2.0,7424,7.15599e+07,45422509056
NVIDIA A100 80GB PCIe,dna_r10.4.1_e8.2_400bps_hac@v5.2.0,7488,7.2449e+07,45658922496
NVIDIA A100 80GB PCIe,dna_r10.4.1_e8.2_400bps_hac@v5.2.0,7552,7.28179e+07,46055837696
NVIDIA A100 80GB PCIe,dna_r10.4.1_e8.2_400bps_hac@v5.2.0,7616,7.33162e+07,46446581248
NVIDIA A100 80GB PCIe,dna_r10.4.1_e8.2_400bps_hac@v5.2.0,7680,7.39682e+07,47042295296
NVIDIA A100 80GB PCIe,dna_r10.4.1_e8.2_400bps_hac@v5.2.0,7744,6.75982e+07,47375418368
NVIDIA A100 80GB PCIe,dna_r10.4.1_e8.2_400bps_hac@v5.2.0,7808,7.52748e+07,47783195136
NVIDIA A100 80GB PCIe,dna_r10.4.1_e8.2_400bps_hac@v5.2.0,7872,6.88325e+07,48174833152
NVIDIA A100 80GB PCIe,dna_r10.4.1_e8.2_400bps_hac@v5.2.0,7936,7.61865e+07,48563653632
NVIDIA A100 80GB PCIe,dna_r10.4.1_e8.2_400bps_hac@v5.2.0,8000,6.96009e+07,48951832064
NVIDIA A100 80GB PCIe,dna_r10.4.1_e8.2_400bps_hac@v5.2.0,8064,7.03292e+07,49340039680
NVIDIA A100 80GB PCIe,dna_r10.4.1_e8.2_400bps_hac@v5.2.0,8128,6.31417e+07,49721542144
NVIDIA A100 80GB PCIe,dna_r10.4.1_e8.2_400bps_hac@v5.2.0,8192,7.08629e+07,50138700288
NVIDIA A100 80GB PCIe,dna_r10.4.1_e8.2_400bps_hac@v5.2.0,8256,6.40815e+07,50522725888
NVIDIA A100 80GB PCIe,dna_r10.4.1_e8.2_400bps_hac@v5.2.0,8320,7.27137e+07,50736314368
NVIDIA A100 80GB PCIe,dna_r10.4.1_e8.2_400bps_hac@v5.2.0,8384,7.23982e+07,51310844416
NVIDIA A100 80GB PCIe,dna_r10.4.1_e8.2_400bps_hac@v5.2.0,8448,7.32713e+07,51685454336
NVIDIA A100 80GB PCIe,dna_r10.4.1_e8.2_400bps_hac@v5.2.0,8512,6.60088e+07,51913856000
NVIDIA A100 80GB PCIe,dna_r10.4.1_e8.2_400bps_hac@v5.2.0,8576,7.46467e+07,52470198784
NVIDIA A100 80GB PCIe,dna_r10.4.1_e8.2_400bps_hac@v5.2.0,8640,6.71924e+07,52683483136
NVIDIA A100 80GB PCIe,dna_r10.4.1_e8.2_400bps_hac@v5.2.0,8704,7.52584e+07,53243517440
NVIDIA A100 80GB PCIe,dna_r10.4.1_e8.2_400bps_hac@v5.2.0,8768,6.7768e+07,53631684608
NVIDIA A100 80GB PCIe,dna_r10.4.1_e8.2_400bps_hac@v5.2.0,8832,7.65793e+07,53868581376
NVIDIA A100 80GB PCIe,dna_r10.4.1_e8.2_400bps_hac@v5.2.0,8896,6.86582e+07,54435071488
NVIDIA A100 80GB PCIe,dna_r10.4.1_e8.2_400bps_hac@v5.2.0,8960,7.77299e+07,54638531072
NVIDIA A100 80GB PCIe,dna_r10.4.1_e8.2_400bps_hac@v5.2.0,9024,6.97293e+07,55025917952
NVIDIA A100 80GB PCIe,dna_r10.4.1_e8.2_400bps_hac@v5.2.0,9088,7.84701e+07,55594701312
NVIDIA A100 80GB PCIe,dna_r10.4.1_e8.2_400bps_hac@v5.2.0,9152,7.03325e+07,55783687168
NVIDIA A100 80GB PCIe,dna_r10.4.1_e8.2_400bps_hac@v5.2.0,9216,7.41514e+07,56150702080
NVIDIA A100 80GB PCIe,dna_r10.4.1_e8.2_400bps_hac@v5.2.0,9280,6.83969e+07,56601725952
NVIDIA A100 80GB PCIe,dna_r10.4.1_e8.2_400bps_hac@v5.2.0,9344,6.91831e+07,56945551360
NVIDIA A100 80GB PCIe,dna_r10.4.1_e8.2_400bps_hac@v5.2.0,9408,6.77206e+07,57329345536
NVIDIA A100 80GB PCIe,dna_r10.4.1_e8.2_400bps_hac@v5.2.0,9472,6.84684e+07,57806717440
NVIDIA A100 80GB PCIe,dna_r10.4.1_e8.2_400bps_hac@v5.2.0,9536,6.82514e+07,58114585600
NVIDIA A100 80GB PCIe,dna_r10.4.1_e8.2_400bps_hac@v5.2.0,9600,6.99714e+07,58506758144
NVIDIA A100 80GB PCIe,dna_r10.4.1_e8.2_400bps_hac@v5.2.0,9664,6.91389e+07,58966701568
NVIDIA A100 80GB PCIe,dna_r10.4.1_e8.2_400bps_hac@v5.2.0,9728,6.93282e+07,59285301760
NVIDIA A100 80GB PCIe,dna_r10.4.1_e8.2_400bps_hac@v5.2.0,9792,7.01147e+07,59681182720
NVIDIA A100 80GB PCIe,dna_r10.4.1_e8.2_400bps_hac@v5.2.0,9856,7.18518e+07,60134920192
NVIDIA A100 80GB PCIe,dna_r10.4.1_e8.2_400bps_hac@v5.2.0,9920,6.94188e+07,60524702720
NVIDIA A100 80GB PCIe,dna_r10.4.1_e8.2_400bps_hac@v5.2.0,9984,7.0076e+07,60841467904
NVIDIA A100 80GB PCIe,dna_r10.4.1_e8.2_400bps_hac@v5.2.0,10048,6.95354e+07,61225997824
NVIDIA A100 80GB PCIe,dna_r10.4.1_e8.2_400bps_hac@v5.2.0,10112,7.10332e+07,61630762496
NVIDIA A100 80GB PCIe,dna_r10.4.1_e8.2_400bps_hac@v5.2.0,10176,7.06995e+07,62025840128
NVIDIA A100 80GB PCIe,dna_r10.4.1_e8.2_400bps_hac@v5.2.0,10240,6.91948e+07,62405179392
NVIDIA A100 80GB PCIe,dna_r10.4.1_e8.2_400bps_hac@v6.0.0,64,2.23504e+06,632254976
NVIDIA A100 80GB PCIe,dna_r10.4.1_e8.2_400bps_hac@v6.0.0,128,4.38661e+06,1232125440
NVIDIA A100 80GB PCIe,dna_r10.4.1_e8.2_400bps_hac@v6.0.0,192,6.34405e+06,1832852480
NVIDIA A100 80GB PCIe,dna_r10.4.1_e8.2_400bps_hac@v6.0.0,256,8.44352e+06,2432102912
NVIDIA A100 80GB PCIe,dna_r10.4.1_e8.2_400bps_hac@v6.0.0,320,1.03502e+07,3034498048
NVIDIA A100 80GB PCIe,dna_r10.4.1_e8.2_400bps_hac@v6.0.0,384,1.21755e+07,3633272320
NVIDIA A100 80GB PCIe,dna_r10.4.1_e8.2_400bps_hac@v6.0.0,448,1.41908e+07,4234049024
NVIDIA A100 80GB PCIe,dna_r10.4.1_e8.2_400bps_hac@v6.0.0,512,1.58976e+07,4835201536
NVIDIA A100 80GB PCIe,dna_r10.4.1_e8.2_400bps_hac@v6.0.0,576,1.7193e+07,5424855552
NVIDIA A100 80GB PCIe,dna_r10.4.1_e8.2_400bps_hac@v6.0.0,640,1.94581e+07,6024928768
NVIDIA A100 80GB PCIe,dna_r10.4.1_e8.2_400bps_hac@v6.0.0,704,2.0552e+07,6637475328
NVIDIA A100 80GB PCIe,dna_r10.4.1_e8.2_400bps_hac@v6.0.0,768,2.23651e+07,7233857536
NVIDIA A100 80GB PCIe,dna_r10.4.1_e8.2_400bps_hac@v6.0.0,832,1.41525e+07,7838673920
NVIDIA A100 80GB PCIe,dna_r10.4.1_e8.2_400bps_hac@v6.0.0,896,2.93691e+07,8411122176
NVIDIA A100 80GB PCIe,dna_r10.4.1_e8.2_400bps_hac@v6.0.0,960,3.26238e+07,9037083136
NVIDIA A100 80GB PCIe,dna_r10.4.1_e8.2_400bps_hac@v6.0.0,1024,3.34104e+07,9623080960
NVIDIA A100 80GB PCIe,dna_r10.4.1_e8.2_400bps_hac@v6.0.0,1088,1.71929e+07,10217708544
NVIDIA A100 80GB PCIe,dna_r10.4.1_e8.2_400bps_hac@v6.0.0,1152,3.76016e+07,10815421952
NVIDIA A100 80GB PCIe,dna_r10.4.1_e8.2_400bps_hac@v6.0.0,1216,1.91353e+07,11430684672
NVIDIA A100 80GB PCIe,dna_r10.4.1_e8.2_400bps_hac@v6.0.0,1280,4.01227e+07,12040069120
NVIDIA A100 80GB PCIe,dna_r10.4.1_e8.2_400bps_hac@v6.0.0,1344,2.11102e+07,12639005184
NVIDIA A100 80GB PCIe,dna_r10.4.1_e8.2_400bps_hac@v6.0.0,1408,4.24556e+07,13246208000
NVIDIA A100 80GB PCIe,dna_r10.4.1_e8.2_400bps_hac@v6.0.0,1472,2.2227e+07,13845331968
NVIDIA A100 80GB PCIe,dna_r10.4.1_e8.2_400bps_hac@v6.0.0,1536,4.42853e+07,14436383232
NVIDIA A100 80GB PCIe,dna_r10.4.1_e8.2_400bps_hac@v6.0.0,1600,4.81258e+07,14998737920
NVIDIA A100 80GB PCIe,dna_r10.4.1_e8.2_400bps_hac@v6.0.0,1664,1.80797e+07,15640514560
NVIDIA A100 80GB PCIe,dna_r10.4.1_e8.2_400bps_hac@v6.0.0,1728,5.29505e+07,16194336256
NVIDIA A100 80GB PCIe,dna_r10.4.1_e8.2_400bps_hac@v6.0.0,1792,1.94111e+07,16756560384
NVIDIA A100 80GB PCIe,dna_r10.4.1_e8.2_400bps_hac@v6.0.0,1856,2.0064e+07,17406413312
NVIDIA A100 80GB PCIe,dna_r10.4.1_e8.2_400bps_hac@v6.0.0,1920,5.52258e+07,18017159168
NVIDIA A100 80GB PCIe,dna_r10.4.1_e8.2_400bps_hac@v6.0.0,1984,2.14049e+07,18562030592
NVIDIA A100 80GB PCIe,dna_r10.4.1_e8.2_400bps_hac@v6.0.0,2048,1.97748e+07,19223803904
NVIDIA A100 80GB PCIe,dna_r10.4.1_e8.2_400bps_hac@v6.0.0,2112,6.06977e+07,19800808960
NVIDIA A100 80GB PCIe,dna_r10.4.1_e8.2_400bps_hac@v6.0.0,2176,2.10586e+07,20345937920
NVIDIA A100 80GB PCIe,dna_r10.4.1_e8.2_400bps_hac@v6.0.0,2240,2.16432e+07,21003663872
NVIDIA A100 80GB PCIe,dna_r10.4.1_e8.2_400bps_hac@v6.0.0,2304,6.31683e+07,21534523392
NVIDIA A100 80GB PCIe,dna_r10.4.1_e8.2_400bps_hac@v6.0.0,2368,1.9821e+07,22232208384
NVIDIA A100 80GB PCIe,dna_r10.4.1_e8.2_400bps_hac@v6.0.0,2432,3.77997e+07,22737245696
NVIDIA A100 80GB PCIe,dna_r10.4.1_e8.2_400bps_hac@v6.0.0,2496,1.81712e+07,23400814080
NVIDIA A100 80GB PCIe,dna_r10.4.1_e8.2_400bps_hac@v6.0.0,2560,6.37187e+07,23991664640
NVIDIA A100 80GB PCIe,dna_r10.4.1_e8.2_400bps_hac@v6.0.0,2624,1.90958e+07,24591072768
NVIDIA A100 80GB PCIe,dna_r10.4.1_e8.2_400bps_hac@v6.0.0,2688,7.04536e+07,25227516928
NVIDIA A100 80GB PCIe,dna_r10.4.1_e8.2_400bps_hac@v6.0.0,2752,1.99327e+07,25828477440
NVIDIA A100 80GB PCIe,dna_r10.4.1_e8.2_400bps_hac@v6.0.0,2816,6.68329e+07,26391853056
NVIDIA A100 80GB PCIe,dna_r10.4.1_e8.2_400bps_hac@v6.0.0,2880,2.08526e+07,26987360768
NVIDIA A100 80GB PCIe,dna_r10.4.1_e8.2_400bps_hac@v6.0.0,2944,4.54658e+07,27635761152
NVIDIA A100 80GB PCIe,dna_r10.4.1_e8.2_400bps_hac@v6.0.0,3008,2.17269e+07,28107558912
NVIDIA A100 80GB PCIe,dna_r10.4.1_e8.2_400bps_hac@v6.0.0,3072,6.824e+07,28813466112
NVIDIA A100 80GB PCIe,dna_r10.4.1_e8.2_400bps_hac@v6.0.0,3136,2.01322e+07,29379516928
NVIDIA A100 80GB PCIe,dna_r10.4.1_e8.2_400bps_hac@v6.0.0,3200,4.91176e+07,29988553728
NVIDIA A100 80GB PCIe,dna_r10.4.1_e8.2_400bps_hac@v6.0.0,3264,3.87856e+07,30605942272
NVIDIA A100 80GB PCIe,dna_r10.4.1_e8.2_400bps_hac@v6.0.0,3328,2.07204e+07,31181394432
NVIDIA A100 80GB PCIe,dna_r10.4.1_e8.2_400bps_hac@v6.0.0,3392,2.10487e+07,31776702976
NVIDIA A100 80GB PCIe,dna_r10.4.1_e8.2_400bps_hac@v6.0.0,3456,3.69997e+07,32384931840
NVIDIA A100 80GB PCIe,dna_r10.4.1_e8.2_400bps_hac@v6.0.0,3520,4.9846e+07,32976712704
NVIDIA A100 80GB PCIe,dna_r10.4.1_e8.2_400bps_hac@v6.0.0,3584,2.10201e+07,33582327296
NVIDIA A100 80GB PCIe,dna_r10.4.1_e8.2_400bps_hac@v6.0.0,3648,2.18561e+07,34181878272
NVIDIA A100 80GB PCIe,dna_r10.4.1_e8.2_400bps_hac@v6.0.0,3712,2.20606e+07,34676330496
NVIDIA A100 80GB PCIe,dna_r10.4.1_e8.2_400bps_hac@v6.0.0,3776,2.25764e+07,35373256704
NVIDIA A100 80GB PCIe,dna_r10.4.1_e8.2_400bps_hac@v6.0.0,3840,5.40026e+07,36011157504
NVIDIA A100 80GB PCIe,dna_r10.4.1_e8.2_400bps_hac@v6.0.0,3904,1.96899e+07,36577563648
NVIDIA A100 80GB PCIe,dna_r10.4.1_e8.2_400bps_hac@v6.0.0,3968,3.76424e+07,37067091456
NVIDIA A100 80GB PCIe,dna_r10.4.1_e8.2_400bps_hac@v6.0.0,4032,5.31324e+07,37812149248
NVIDIA A100 80GB PCIe,dna_r10.4.1_e8.2_400bps_hac@v6.0.0,4096,3.83313e+07,38413956608
NVIDIA A100 80GB PCIe,dna_r10.4.1_e8.2_400bps_hac@v6.0.0,4160,2.03316e+07,39018463232
NVIDIA A100 80GB PCIe,dna_r10.4.1_e8.2_400bps_hac@v6.0.0,4224,5.37872e+07,39564079616
NVIDIA A100 80GB PCIe,dna_r10.4.1_e8.2_400bps_hac@v6.0.0,4288,2.05707e+07,40162094592
NVIDIA A100 80GB PCIe,dna_r10.4.1_e8.2_400bps_hac@v6.0.0,4352,4.15057e+07,40654125568
NVIDIA A100 80GB PCIe,dna_r10.4.1_e8.2_400bps_hac@v6.0.0,4416,5.41358e+07,41366212608
NVIDIA A100 80GB PCIe,dna_r10.4.1_e8.2_400bps_hac@v6.0.0,4480,4.18256e+07,41963790336
NVIDIA A100 80GB PCIe,dna_r10.4.1_e8.2_400bps_hac@v6.0.0,4544,2.10938e+07,42554379264
NVIDIA A100 80GB PCIe,dna_r10.4.1_e8.2_400bps_hac@v6.0.0,4608,5.81191e+07,43161285120
NVIDIA A100 80GB PCIe,dna_r10.4.1_e8.2_400bps_hac@v6.0.0,4672,2.00197e+07,43760295424
NVIDIA A100 80GB PCIe,dna_r10.4.1_e8.2_400bps_hac@v6.0.0,4736,2.01592e+07,44352326144
NVIDIA A100 80GB PCIe,dna_r10.4.1_e8.2_400bps_hac@v6.0.0,4800,2.02893e+07,44952163328
NVIDIA A100 80GB PCIe,dna_r10.4.1_e8.2_400bps_hac@v6.0.0,4864,2.03875e+07,45561701376
NVIDIA A100 80GB PCIe,dna_r10.4.1_e8.2_400bps_hac@v6.0.0,4928,5.95145e+07,46156396544
NVIDIA A100 80GB PCIe,dna_r10.4.1_e8.2_400bps_hac@v6.0.0,4992,2.06529e+07,46751330816
NVIDIA A100 80GB PCIe,dna_r10.4.1_e8.2_400bps_hac@v6.0.0,5056,2.07794e+07,47344546816
NVIDIA A100 80GB PCIe,dna_r10.4.1_e8.2_400bps_hac@v6.0.0,5120,2.08545e+07,47948883968
NVIDIA A100 80GB PCIe,dna_r10.4.1_e8.2_400bps_hac@v6.0.0,5184,2.09679e+07,48548379648
NVIDIA A100 80GB PCIe,dna_r10.4.1_e8.2_400bps_hac@v6.0.0,5248,2.1079e+07,49142651392
NVIDIA A100 80GB PCIe,dna_r10.4.1_e8.2_400bps_hac@v6.0.0,5312,2.12024e+07,49739928064
NVIDIA A100 80GB PCIe,dna_r10.4.1_e8.2_400bps_hac@v6.0.0,5376,6.43614e+07,50205903360
NVIDIA A100 80GB PCIe,dna_r10.4.1_e8.2_400bps_hac@v6.0.0,5440,4.72162e+07,50942172160
NVIDIA A100 80GB PCIe,dna_r10.4.1_e8.2_400bps_hac@v6.0.0,5504,4.11542e+07,51611210752
NVIDIA A100 80GB PCIe,dna_r10.4.1_e8.2_400bps_hac@v6.0.0,5568,3.63065e+07,52134760448
NVIDIA A100 80GB PCIe,dna_r10.4.1_e8.2_400bps_hac@v6.0.0,5632,6.35259e+07,52738104320
NVIDIA A100 80GB PCIe,dna_r10.4.1_e8.2_400bps_hac@v6.0.0,5696,2.06925e+07,53334131712
NVIDIA A100 80GB PCIe,dna_r10.4.1_e8.2_400bps_hac@v6.0.0,5760,4.88773e+07,53930317312
NVIDIA A100 80GB PCIe,dna_r10.4.1_e8.2_400bps_hac@v6.0.0,5824,2.09299e+07,54530086912
NVIDIA A100 80GB PCIe,dna_r10.4.1_e8.2_400bps_hac@v6.0.0,5888,6.4001e+07,55141117952
NVIDIA A100 80GB PCIe,dna_r10.4.1_e8.2_400bps_hac@v6.0.0,5952,2.11269e+07,55733853696
NVIDIA A100 80GB PCIe,dna_r10.4.1_e8.2_400bps_hac@v6.0.0,6016,4.2256e+07,56331494912
NVIDIA A100 80GB PCIe,dna_r10.4.1_e8.2_400bps_hac@v6.0.0,6080,2.13077e+07,56922430464
NVIDIA A100 80GB PCIe,dna_r10.4.1_e8.2_400bps_hac@v6.0.0,6144,6.42984e+07,57328939008
NVIDIA A100 80GB PCIe,dna_r10.4.1_e8.2_400bps_hac@v6.0.0,6208,2.18802e+07,58134219264
NVIDIA A100 80GB PCIe,dna_r10.4.1_e8.2_400bps_hac@v6.0.0,6272,2.19928e+07,58677516800
NVIDIA A100 80GB PCIe,dna_r10.4.1_e8.2_400bps_hac@v6.0.0,6336,5.63079e+07,59277876224
NVIDIA A100 80GB PCIe,dna_r10.4.1_e8.2_400bps_hac@v6.0.0,6400,2.21728e+07,59765171712
NVIDIA A100 80GB PCIe,dna_r10.4.1_e8.2_400bps_hac@v6.0.0,6464,2.23304e+07,60480436224
NVIDIA A100 80GB PCIe,dna_r10.4.1_e8.2_400bps_hac@v6.0.0,6528,5.6794e+07,61077764096
NVIDIA A100 80GB PCIe,dna_r10.4.1_e8.2_400bps_hac@v6.0.0,6592,2.25045e+07,61670667776
NVIDIA A100 80GB PCIe,dna_r10.4.1_e8.2_400bps_hac@v6.0.0,6656,2.32759e+07,62101515776
NVIDIA A100 80GB PCIe,dna_r10.4.1_e8.2_400bps_hac@v6.0.0,6720,5.77239e+07,62987662336
NVIDIA A100 80GB PCIe,dna_r10.4.1_e8.2_400bps_hac@v6.0.0,6784,2.34512e+07,63351152640
NVIDIA A100 80GB PCIe,dna_r10.4.1_e8.2_400bps_hac@v6.0.0,6848,2.35827e+07,63954746880
NVIDIA A100 80GB PCIe,dna_r10.4.1_e8.2_400bps_hac@v6.0.0,6912,5.81801e+07,64718500352
NVIDIA A100 80GB PCIe,dna_r10.4.1_e8.2_400bps_hac@v6.0.0,6976,1.97317e+07,65150631936
NVIDIA A100 80GB PCIe,dna_r10.4.1_e8.2_400bps_hac@v6.0.0,7040,4.75875e+07,65744382976
NVIDIA A100 80GB PCIe,dna_r10.4.1_e8.2_400bps_hac@v6.0.0,7104,1.98791e+07,66270756864
NVIDIA A100 80GB PCIe,dna_r10.4.1_e8.2_400bps_hac@v6.0.0,7168,3.92063e+07,66945991680
NVIDIA A100 80GB PCIe,dna_r10.4.1_e8.2_400bps_hac@v6.0.0,7232,2.2932e+07,67573928448
NVIDIA A100 80GB PCIe,dna_r10.4.1_e8.2_400bps_hac@v6.0.0,7296,3.95084e+07,68137147904
NVIDIA A100 80GB PCIe,dna_r10.4.1_e8.2_400bps_hac@v6.0.0,7360,4.82705e+07,68985806336
NVIDIA A100 80GB PCIe,dna_r10.4.1_e8.2_400bps_hac@v6.0.0,7424,4.41597e+07,69336323072
NVIDIA A100 80GB PCIe,dna_r10.4.1_e8.2_400bps_hac@v6.0.0,7488,2.33012e+07,69926274560
NVIDIA A100 80GB PCIe,dna_r10.4.1_e8.2_400bps_hac@v6.0.0,7552,4.45118e+07,70539997184
NVIDIA A100 80GB PCIe,dna_r10.4.1_e8.2_400bps_hac@v6.0.0,7616,2.35974e+07,71114834944
NVIDIA A100 80GB PCIe,dna_r10.4.1_e8.2_400bps_hac@v6.0.0,7680,4.93149e+07,71856122368
NVIDIA A100 80GB PCIe,dna_r10.4.1_e8.2_400bps_hac@v6.0.0,7744,2.22453e+07,72321032704
NVIDIA A100 80GB PCIe,dna_r10.4.1_e8.2_400bps_sup@v4.3.0,64,1.47039e+06,1585090048
NVIDIA A100 80GB PCIe,dna_r10.4.1_e8.2_400bps_sup@v4.3.0,128,2.94235e+06,3029801472
NVIDIA A100 80GB PCIe,dna_r10.4.1_e8.2_400bps_sup@v4.3.0,192,5.17509e+06,4472683520
NVIDIA A100 80GB PCIe,dna_r10.4.1_e8.2_400bps_sup@v4.3.0,256,5.37026e+06,5912097280
NVIDIA A100 80GB PCIe,dna_r10.4.1_e8.2_400bps_sup@v4.3.0,320,6.70329e+06,7351653376
NVIDIA A100 80GB PCIe,dna_r10.4.1_e8.2_400bps_sup@v4.3.0,384,8.80894e+06,8793271296
NVIDIA A100 80GB PCIe,dna_r10.4.1_e8.2_400bps_sup@v4.3.0,448,9.82762e+06,10234772480
NVIDIA A100 80GB PCIe,dna_r10.4.1_e8.2_400bps_sup@v4.3.0,512,1.17496e+07,11678480384
NVIDIA A100 80GB PCIe,dna_r10.4.1_e8.2_400bps_sup@v4.3.0,576,1.31982e+07,13118155264
NVIDIA A100 80GB PCIe,dna_r10.4.1_e8.2_400bps_sup@v4.3.0,640,1.40375e+07,14585185792
NVIDIA A100 80GB PCIe,dna_r10.4.1_e8.2_400bps_sup@v4.3.0,704,1.54195e+07,16003200000
NVIDIA A100 80GB PCIe,dna_r10.4.1_e8.2_400bps_sup@v4.3.0,768,1.6056e+07,17445680640
NVIDIA A100 80GB PCIe,dna_r10.4.1_e8.2_400bps_sup@v4.3.0,832,1.65634e+07,18887107584
NVIDIA A100 80GB PCIe,dna_r10.4.1_e8.2_400bps_sup@v4.3.0,896,1.51563e+07,20332682752
NVIDIA A100 80GB PCIe,dna_r10.4.1_e8.2_400bps_sup@v4.3.0,960,1.53116e+07,21767129088
NVIDIA A100 80GB PCIe,dna_r10.4.1_e8.2_400bps_sup@v4.3.0,1024,1.63027e+07,23237172224
NVIDIA A100 80GB PCIe,dna_r10.4.1_e8.2_400bps_sup@v4.3.0,1088,1.62545e+07,24656275968
NVIDIA A100 80GB PCIe,dna_r10.4.1_e8.2_400bps_sup@v4.3.0,1152,1.71765e+07,26098563072
NVIDIA A100 80GB PCIe,dna_r10.4.1_e8.2_400bps_sup@v4.3.0,1216,1.69282e+07,27539301888
NVIDIA A100 80GB PCIe,dna_r10.4.1_e8.2_400bps_sup@v4.3.0,1280,1.65745e+07,29008666112
NVIDIA A100 80GB PCIe,dna_r10.4.1_e8.2_400bps_sup@v4.3.0,1344,1.73423e+07,30424508416
NVIDIA A100 80GB PCIe,dna_r10.4.1_e8.2_400bps_sup@v4.3.0,1408,1.68134e+07,31870007808
NVIDIA A100 80GB PCIe,dna_r10.4.1_e8.2_400bps_sup@v4.3.0,1472,1.75322e+07,33340353024
NVIDIA A100 80GB PCIe,dna_r10.4.1_e8.2_400bps_sup@v4.3.0,1536,1.68062e+07,34750911488
NVIDIA A100 80GB PCIe,dna_r10.4.1_e8.2_400bps_sup@v4.3.0,1600,1.747e+07,36227188224
NVIDIA A100 80GB PCIe,dna_r10.4.1_e8.2_400bps_sup@v4.3.0,1664,1.66021e+07,37630326272
NVIDIA A100 80GB PCIe,dna_r10.4.1_e8.2_400bps_sup@v4.3.0,1728,1.71685e+07,39074626048
NVIDIA A100 80GB PCIe,dna_r10.4.1_e8.2_400bps_sup@v4.3.0,1792,1.77411e+07,40520271360
NVIDIA A100 80GB PCIe,dna_r10.4.1_e8.2_400bps_sup@v4.3.0,1856,1.66435e+07,41964866560
NVIDIA A100 80GB PCIe,dna_r10.4.1_e8.2_400bps_sup@v4.3.0,1920,1.71373e+07,43433370624
NVIDIA A100 80GB PCIe,dna_r10.4.1_e8.2_400bps_sup@v4.3.0,1984,1.76562e+07,44895363584
NVIDIA A100 80GB PCIe,dna_r10.4.1_e8.2_400bps_sup@v4.3.0,2048,1.63205e+07,46287499776
NVIDIA A100 80GB PCIe,dna_r10.4.1_e8.2_400bps_sup@v4.3.0,2112,1.67999e+07,47734026240
NVIDIA A100 80GB PCIe,dna_r10.4.1_e8.2_400bps_sup@v4.3.0,2176,1.72419e+07,49164854272
NVIDIA A100 80GB PCIe,dna_r10.4.1_e8.2_400bps_sup@v4.3.0,2240,1.5716e+07,50607777792
NVIDIA A100 80GB PCIe,dna_r10.4.1_e8.2_400bps_sup@v4.3.0,2304,1.61262e+07,52046149120
NVIDIA A100 80GB PCIe,dna_r10.4.1_e8.2_400bps_sup@v4.3.0,2368,1.65174e+07,53490740736
NVIDIA A100 80GB PCIe,dna_r10.4.1_e8.2_400bps_sup@v4.3.0,2432,1.69127e+07,54943772160
NVIDIA A100 80GB PCIe,dna_r10.4.1_e8.2_400bps_sup@v4.3.0,2496,1.62335e+07,56385358336
NVIDIA A100 80GB PCIe,dna_r10.4.1_e8.2_400bps_sup@v4.3.0,2560,1.60561e+07,57827828224
NVIDIA A100 80GB PCIe,dna_r10.4.1_e8.2_400bps_sup@v4.3.0,2624,1.6186e+07,59274205696
NVIDIA A100 80GB PCIe,dna_r10.4.1_e8.2_400bps_sup@v4.3.0,2688,1.61655e+07,60704077824
NVIDIA A100 80GB PCIe,dna_r10.4.1_e8.2_400bps_sup@v4.3.0,2752,1.61789e+07,62145704960
NVIDIA A100 80GB PCIe,dna_r10.4.1_e8.2_400bps_sup@v4.3.0,2816,1.50025e+07,63576634368
NVIDIA A100 80GB PCIe,dna_r10.4.1_e8.2_400bps_sup@v4.3.0,2880,1.49998e+07,65025345024
NVIDIA A100 80GB PCIe,dna_r10.4.1_e8.2_400bps_sup@v4.3.0,2944,1.50229e+07,66459612160
NVIDIA A100 80GB PCIe,dna_r10.4.1_e8.2_400bps_sup@v4.3.0,3008,1.5114e+07,67904801792
NVIDIA A100 80GB PCIe,dna_r10.4.1_e8.2_400bps_sup@v4.3.0,3072,1.49009e+07,69370195968
NVIDIA A100 80GB PCIe,dna_r10.4.1_e8.2_400bps_sup@v4.3.0,3136,1.49381e+07,70789945856
NVIDIA A100 80GB PCIe,dna_r10.4.1_e8.2_400bps_sup@v4.3.0,3200,1.50253e+07,72227398144
NVIDIA A100 80GB PCIe,dna_r10.4.1_e8.2_400bps_sup@v4.3.0,3264,1.51202e+07,73667800576
NVIDIA A100 80GB PCIe,dna_r10.4.1_e8.2_400bps_sup@v4.3.0,3328,1.49447e+07,75138141696
NVIDIA A100 80GB PCIe,dna_r10.4.1_e8.2_400bps_sup@v4.3.0,3392,1.49976e+07,76555502592
NVIDIA A100 80GB PCIe,dna_r10.4.1_e8.2_400bps_sup@v5.0.0,32,6.43919e+06,2291903488
NVIDIA A100 80GB PCIe,dna_r10.4.1_e8.2_400bps_sup@v5.0.0,64,8.56158e+06,3073290752
NVIDIA A100 80GB PCIe,dna_r10.4.1_e8.2_400bps_sup@v5.0.0,96,9.65974e+06,3853891584
NVIDIA A100 80GB PCIe,dna_r10.4.1_e8.2_400bps_sup@v5.0.0,128,1.00554e+07,4619812352
NVIDIA A100 80GB PCIe,dna_r10.4.1_e8.2_400bps_sup@v5.0.0,160,1.06023e+07,5401986560
NVIDIA A100 80GB PCIe,dna_r10.4.1_e8.2_400bps_sup@v5.0.0,192,1.08414e+07,6184684544
NVIDIA A100 80GB PCIe,dna_r10.4.1_e8.2_400bps_sup@v5.0.0,224,1.07188e+07,6967053824
NVIDIA A100 80GB PCIe,dna_r10.4.1_e8.2_400bps_sup@v5.0.0,256,1.09955e+07,7747982336
NVIDIA A100 80GB PCIe,dna_r10.4.1_e8.2_400bps_sup@v5.0.0,288,1.13036e+07,8530745856
NVIDIA A100 80GB PCIe,dna_r10.4.1_e8.2_400bps_sup@v5.0.0,320,1.13848e+07,9315083776
NVIDIA A100 80GB PCIe,dna_r10.4.1_e8.2_400bps_sup@v5.0.0,352,1.12226e+07,10097191936
NVIDIA A100 80GB PCIe,dna_r10.4.1_e8.2_400bps_sup@v5.0.0,384,1.13098e+07,10881133568
NVIDIA A100 80GB PCIe,dna_r10.4.1_e8.2_400bps_sup@v5.0.0,416,1.17269e+07,11662324224
NVIDIA A100 80GB PCIe,dna_r10.4.1_e8.2_400bps_sup@v5.0.0,448,1.15301e+07,12444301312
NVIDIA A100 80GB PCIe,dna_r10.4.1_e8.2_400bps_sup@v5.0.0,480,1.11939e+07,13228178944
NVIDIA A100 80GB PCIe,dna_r10.4.1_e8.2_400bps_sup@v5.0.0,512,1.13129e+07,14011665408
NVIDIA A100 80GB PCIe,dna_r10.4.1_e8.2_400bps_sup@v5.0.0,544,1.13434e+07,14794623488
NVIDIA A100 80GB PCIe,dna_r10.4.1_e8.2_400bps_sup@v5.0.0,576,1.13165e+07,15578372608
NVIDIA A100 80GB PCIe,dna_r10.4.1_e8.2_400bps_sup@v5.0.0,608,1.12052e+07,16358187008
NVIDIA A100 80GB PCIe,dna_r10.4.1_e8.2_400bps_sup@v5.0.0,640,1.17609e+07,17143506432
NVIDIA A100 80GB PCIe,dna_r10.4.1_e8.2_400bps_sup@v5.0.0,672,1.15381e+07,17923976704
NVIDIA A100 80GB PCIe,dna_r10.4.1_e8.2_400bps_sup@v5.0.0,704,1.12443e+07,18705757184
NVIDIA A100 80GB PCIe,dna_r10.4.1_e8.2_400bps_sup@v5.0.0,736,1.17269e+07,19491535360
NVIDIA A100 80GB PCIe,dna_r10.4.1_e8.2_400bps_sup@v5.0.0,768,1.13199e+07,20270104576
NVIDIA A100 80GB PCIe,dna_r10.4.1_e8.2_400bps_sup@v5.0.0,800,1.17545e+07,21052344320
NVIDIA A100 80GB PCIe,dna_r10.4.1_e8.2_400bps_sup@v5.0.0,832,1.12503e+07,21836283904
NVIDIA A100 80GB PCIe,dna_r10.4.1_e8.2_400bps_sup@v5.0.0,864,1.16496e+07,22617146880
NVIDIA A100 80GB PCIe,dna_r10.4.1_e8.2_400bps_sup@v5.0.0,896,1.10381e+07,23403256320
NVIDIA A100 80GB PCIe,dna_r10.4.1_e8.2_400bps_sup@v5.0.0,928,1.14063e+07,24183923200
NVIDIA A100 80GB PCIe,dna_r10.4.1_e8.2_400bps_sup@v5.0.0,960,1.17551e+07,24965113856
NVIDIA A100 80GB PCIe,dna_r10.4.1_e8.2_400bps_sup@v5.0.0,992,1.10118e+07,25750101504
NVIDIA A100 80GB PCIe,dna_r10.4.1_e8.2_400bps_sup@v5.0.0,1024,1.13359e+07,26532213760
NVIDIA A100 80GB PCIe,dna_r10.4.1_e8.2_400bps_sup@v5.2.0,32,6.43985e+06,2291903488
NVIDIA A100 80GB PCIe,dna_r10.4.1_e8.2_400bps_sup@v5.2.0,64,8.63934e+06,3071717888
NVIDIA A100 80GB PCIe,dna_r10.4.1_e8.2_400bps_sup@v5.2.0,96,9.66215e+06,3853891584
NVIDIA A100 80GB PCIe,dna_r10.4.1_e8.2_400bps_sup@v5.2.0,128,1.00539e+07,4619812352
NVIDIA A100 80GB PCIe,dna_r10.4.1_e8.2_400bps_sup@v5.2.0,160,1.06033e+07,5401986560
NVIDIA A100 80GB PCIe,dna_r10.4.1_e8.2_400bps_sup@v5.2.0,192,1.08415e+07,6184684544
NVIDIA A100 80GB PCIe,dna_r10.4.1_e8.2_400bps_sup@v5.2.0,224,1.07195e+07,6967053824
NVIDIA A100 80GB PCIe,dna_r10.4.1_e8.2_400bps_sup@v5.2.0,256,1.09949e+07,7747982336
NVIDIA A100 80GB PCIe,dna_r10.4.1_e8.2_400bps_sup@v5.2.0,288,1.12959e+07,8530745856
NVIDIA A100 80GB PCIe,dna_r10.4.1_e8.2_400bps_sup@v5.2.0,320,1.1382e+07,9313117696
NVIDIA A100 80GB PCIe,dna_r10.4.1_e8.2_400bps_sup@v5.2.0,352,1.12236e+07,10095029248
NVIDIA A100 80GB PCIe,dna_r10.4.1_e8.2_400bps_sup@v5.2.0,384,1.13051e+07,10881133568
NVIDIA A100 80GB PCIe,dna_r10.4.1_e8.2_400bps_sup@v5.2.0,416,1.12361e+07,11662324224
NVIDIA A100 80GB PCIe,dna_r10.4.1_e8.2_400bps_sup@v5.2.0,448,1.15349e+07,12444301312
NVIDIA A100 80GB PCIe,dna_r10.4.1_e8.2_400bps_sup@v5.2.0,480,1.11946e+07,13228178944
NVIDIA A100 80GB PCIe,dna_r10.4.1_e8.2_400bps_sup@v5.2.0,512,1.13154e+07,14011665408
NVIDIA A100 80GB PCIe,dna_r10.4.1_e8.2_400bps_sup@v5.2.0,544,1.13474e+07,14794623488
NVIDIA A100 80GB PCIe,dna_r10.4.1_e8.2_400bps_sup@v5.2.0,576,1.13142e+07,15578372608
NVIDIA A100 80GB PCIe,dna_r10.4.1_e8.2_400bps_sup@v5.2.0,608,1.12025e+07,16358187008
NVIDIA A100 80GB PCIe,dna_r10.4.1_e8.2_400bps_sup@v5.2.0,640,1.17622e+07,17143506432
NVIDIA A100 80GB PCIe,dna_r10.4.1_e8.2_400bps_sup@v5.2.0,672,1.153e+07,17923976704
NVIDIA A100 80GB PCIe,dna_r10.4.1_e8.2_400bps_sup@v5.2.0,704,1.12465e+07,18705757184
NVIDIA A100 80GB PCIe,dna_r10.4.1_e8.2_400bps_sup@v5.2.0,736,1.17185e+07,19491535360
NVIDIA A100 80GB PCIe,dna_r10.4.1_e8.2_400bps_sup@v5.2.0,768,1.13056e+07,20270104576
NVIDIA A100 80GB PCIe,dna_r10.4.1_e8.2_400bps_sup@v5.2.0,800,1.17567e+07,21052344320
NVIDIA A100 80GB PCIe,dna_r10.4.1_e8.2_400bps_sup@v5.2.0,832,1.12475e+07,21836283904
NVIDIA A100 80GB PCIe,dna_r10.4.1_e8.2_400bps_sup@v5.2.0,864,1.16534e+07,22617146880
NVIDIA A100 80GB PCIe,dna_r10.4.1_e8.2_400bps_sup@v5.2.0,896,1.10326e+07,23403256320
NVIDIA A100 80GB PCIe,dna_r10.4.1_e8.2_400bps_sup@v5.2.0,928,1.13911e+07,24183923200
NVIDIA A100 80GB PCIe,dna_r10.4.1_e8.2_400bps_sup@v5.2.0,960,1.17515e+07,24965113856
NVIDIA A100 80GB PCIe,dna_r10.4.1_e8.2_400bps_sup@v5.2.0,992,1.0999e+07,25750101504
NVIDIA A100 80GB PCIe,dna_r10.4.1_e8.2_400bps_sup@v5.2.0,1024,1.1326e+07,26532213760
NVIDIA A100 80GB PCIe,rna004_130bps_fast@v5.1.0,64,1.91715e+07,1253125632
NVIDIA A100 80GB PCIe,rna004_130bps_fast@v5.1.0,128,3.65312e+07,1428935168
NVIDIA A100 80GB PCIe,rna004_130bps_fast@v5.1.0,192,5.32352e+07,1604745216
NVIDIA A100 80GB PCIe,rna004_130bps_fast@v5.1.0,256,6.89022e+07,1780554752
NVIDIA A100 80GB PCIe,rna004_130bps_fast@v5.1.0,320,8.35597e+07,1956364800
NVIDIA A100 80GB PCIe,rna004_130bps_fast@v5.1.0,384,9.78736e+07,2132174336
NVIDIA A100 80GB PCIe,rna004_130bps_fast@v5.1.0,448,9.72335e+07,2310081536
NVIDIA A100 80GB PCIe,rna004_130bps_fast@v5.1.0,512,1.08002e+08,2483793920
NVIDIA A100 80GB PCIe,rna004_130bps_fast@v5.1.0,576,1.18001e+08,2661701120
NVIDIA A100 80GB PCIe,rna004_130bps_fast@v5.1.0,640,1.29556e+08,2848213504
NVIDIA A100 80GB PCIe,rna004_130bps_fast@v5.1.0,704,1.38278e+08,3013020672
NVIDIA A100 80GB PCIe,rna004_130bps_fast@v5.1.0,768,1.4798e+08,3189130240
NVIDIA A100 80GB PCIe,rna004_130bps_fast@v5.1.0,832,1.55248e+08,3363251200
NVIDIA A100 80GB PCIe,rna004_130bps_fast@v5.1.0,896,1.45657e+08,3543609344
NVIDIA A100 80GB PCIe,rna004_130bps_fast@v5.1.0,960,1.52299e+08,3714462720
NVIDIA A100 80GB PCIe,rna004_130bps_fast@v5.1.0,1024,1.58332e+08,3893839872
NVIDIA A100 80GB PCIe,rna004_130bps_fast@v5.1.0,1088,1.6377e+08,4068179456
NVIDIA A100 80GB PCIe,rna004_130bps_fast@v5.1.0,1152,1.71006e+08,4267110400
NVIDIA A100 80GB PCIe,rna004_130bps_fast@v5.1.0,1216,1.75658e+08,4422331392
NVIDIA A100 80GB PCIe,rna004_130bps_fast@v5.1.0,1280,1.82304e+08,4593511424
NVIDIA A100 80GB PCIe,rna004_130bps_fast@v5.1.0,1344,1.72568e+08,4799064576
NVIDIA A100 80GB PCIe,rna004_130bps_fast@v5.1.0,1408,1.75316e+08,4949628416
NVIDIA A100 80GB PCIe,rna004_130bps_fast@v5.1.0,1472,1.80315e+08,5127430144
NVIDIA A100 80GB PCIe,rna004_130bps_fast@v5.1.0,1536,1.85012e+08,5331331072
NVIDIA A100 80GB PCIe,rna004_130bps_fast@v5.1.0,1600,1.89383e+08,5477766656
NVIDIA A100 80GB PCIe,rna004_130bps_fast@v5.1.0,1664,1.937e+08,5652019712
NVIDIA A100 80GB PCIe,rna004_130bps_fast@v5.1.0,1728,1.9764e+08,5831642112
NVIDIA A100 80GB PCIe,rna004_130bps_fast@v5.1.0,1792,1.86872e+08,6006241280
NVIDIA A100 80GB PCIe,rna004_130bps_fast@v5.1.0,1856,1.89887e+08,6181251584
NVIDIA A100 80GB PCIe,rna004_130bps_fast@v5.1.0,1920,1.92231e+08,6356598272
NVIDIA A100 80GB PCIe,rna004_130bps_fast@v5.1.0,1984,1.94524e+08,6531424256
NVIDIA A100 80GB PCIe,rna004_130bps_fast@v5.1.0,2048,2.01392e+08,6707972096
NVIDIA A100 80GB PCIe,rna004_130bps_fast@v5.1.0,2112,2.03483e+08,6884736512
NVIDIA A100 80GB PCIe,rna004_130bps_fast@v5.1.0,2176,1.96726e+08,7060083200
NVIDIA A100 80GB PCIe,rna004_130bps_fast@v5.1.0,2240,1.98077e+08,7236375552
NVIDIA A100 80GB PCIe,rna004_130bps_fast@v5.1.0,2304,1.99199e+08,7412066304
NVIDIA A100 80GB PCIe,rna004_130bps_fast@v5.1.0,2368,1.99622e+08,7586596352
NVIDIA A100 80GB PCIe,rna004_130bps_fast@v5.1.0,2432,2.05118e+08,7765753344
NVIDIA A100 80GB PCIe,rna004_130bps_fast@v5.1.0,2496,2.0554e+08,7990240256
NVIDIA A100 80GB PCIe,rna004_130bps_fast@v5.1.0,2560,2.10183e+08,8114743296
NVIDIA A100 80GB PCIe,rna004_130bps_fast@v5.1.0,2624,2.00642e+08,8295869952
NVIDIA A100 80GB PCIe,rna004_130bps_fast@v5.1.0,2688,2.05243e+08,8466254336
NVIDIA A100 80GB PCIe,rna004_130bps_fast@v5.1.0,2752,2.04752e+08,8646069248
NVIDIA A100 80GB PCIe,rna004_130bps_fast@v5.1.0,2816,2.08261e+08,8818276352
NVIDIA A100 80GB PCIe,rna004_130bps_fast@v5.1.0,2880,2.07353e+08,8995208192
NVIDIA A100 80GB PCIe,rna004_130bps_fast@v5.1.0,2944,2.12918e+08,9172635136
NVIDIA A100 80GB PCIe,rna004_130bps_fast@v5.1.0,3008,2.11486e+08,9347537920
NVIDIA A100 80GB PCIe,rna004_130bps_fast@v5.1.0,3072,2.0384e+08,9524791296
NVIDIA A100 80GB PCIe,rna004_130bps_fast@v5.1.0,3136,2.0807e+08,9698857984
NVIDIA A100 80GB PCIe,rna004_130bps_fast@v5.1.0,3200,2.06283e+08,9874022912
NVIDIA A100 80GB PCIe,rna004_130bps_fast@v5.1.0,3264,2.10023e+08,10051467264
NVIDIA A100 80GB PCIe,rna004_130bps_fast@v5.1.0,3328,2.13728e+08,10227349504
NVIDIA A100 80GB PCIe,rna004_130bps_fast@v5.1.0,3392,2.117e+08,10403513344
NVIDIA A100 80GB PCIe,rna004_130bps_fast@v5.1.0,3456,2.15534e+08,10579677184
NVIDIA A100 80GB PCIe,rna004_130bps_fast@v5.1.0,3520,1.98715e+08,10754040832
NVIDIA A100 80GB PCIe,rna004_130bps_fast@v5.1.0,3584,2.0202e+08,10933069824
NVIDIA A100 80GB PCIe,rna004_130bps_fast@v5.1.0,3648,2.05666e+08,11103710208
NVIDIA A100 80GB PCIe,rna004_130bps_fast@v5.1.0,3712,2.02253e+08,11286429696
NVIDIA A100 80GB PCIe,rna004_130bps_fast@v5.1.0,3776,2.05168e+08,11462593536
NVIDIA A100 80GB PCIe,rna004_130bps_fast@v5.1.0,3840,2.08927e+08,11632465920
NVIDIA A100 80GB PCIe,rna004_130bps_fast@v5.1.0,3904,2.04585e+08,11811437568
NVIDIA A100 80GB PCIe,rna004_130bps_fast@v5.1.0,3968,2.07723e+08,11984175104
NVIDIA A100 80GB PCIe,rna004_130bps_fast@v5.1.0,4032,2.02705e+08,12165151744
NVIDIA A100 80GB PCIe,rna004_130bps_fast@v5.1.0,4096,2.05073e+08,12339218432
NVIDIA A100 80GB PCIe,rna004_130bps_fast@v5.1.0,4160,2.08183e+08,12513285120
NVIDIA A100 80GB PCIe,rna004_130bps_fast@v5.1.0,4224,2.12148e+08,12691902464
NVIDIA A100 80GB PCIe,rna004_130bps_fast@v5.1.0,4288,2.07729e+08,12864640000
NVIDIA A100 80GB PCIe,rna004_130bps_fast@v5.1.0,4352,2.02192e+08,13041571840
NVIDIA A100 80GB PCIe,rna004_130bps_fast@v5.1.0,4416,2.04672e+08,13236814848
NVIDIA A100 80GB PCIe,rna004_130bps_fast@v5.1.0,4480,2.07947e+08,13412978688
NVIDIA A100 80GB PCIe,rna004_130bps_fast@v5.1.0,4544,2.10999e+08,13591239680
NVIDIA A100 80GB PCIe,rna004_130bps_fast@v5.1.0,4608,2.12676e+08,13763209216
NVIDIA A100 80GB PCIe,rna004_130bps_fast@v5.1.0,4672,2.07709e+08,13941470208
NVIDIA A100 80GB PCIe,rna004_130bps_fast@v5.1.0,4736,2.10469e+08,14119731200
NVIDIA A100 80GB PCIe,rna004_130bps_fast@v5.1.0,4800,2.04278e+08,14291700736
NVIDIA A100 80GB PCIe,rna004_130bps_fast@v5.1.0,4864,2.0636e+08,14451087360
NVIDIA A100 80GB PCIe,rna004_130bps_fast@v5.1.0,4928,2.09223e+08,14644028416
NVIDIA A100 80GB PCIe,rna004_130bps_fast@v5.1.0,4992,2.11682e+08,14824386560
NVIDIA A100 80GB PCIe,rna004_130bps_fast@v5.1.0,5056,2.13482e+08,14979578880
NVIDIA A100 80GB PCIe,rna004_130bps_fast@v5.1.0,5120,2.1675e+08,15151548416
NVIDIA A100 80GB PCIe,rna004_130bps_fast@v5.1.0,5184,2.09785e+08,15329809408
NVIDIA A100 80GB PCIe,rna004_130bps_fast@v5.1.0,5248,2.11282e+08,15510167552
NVIDIA A100 80GB PCIe,rna004_130bps_fast@v5.1.0,5312,2.14364e+08,15684234240
NVIDIA A100 80GB PCIe,rna004_130bps_fast@v5.1.0,5376,2.06972e+08,15858300928
NVIDIA A100 80GB PCIe,rna004_130bps_fast@v5.1.0,5440,2.08299e+08,16032367616
NVIDIA A100 80GB PCIe,rna004_130bps_fast@v5.1.0,5504,2.1152e+08,16210628608
NVIDIA A100 80GB PCIe,rna004_130bps_fast@v5.1.0,5568,2.14073e+08,16386792448
NVIDIA A100 80GB PCIe,rna004_130bps_fast@v5.1.0,5632,2.05218e+08,16562956288
NVIDIA A100 80GB PCIe,rna004_130bps_fast@v5.1.0,5696,2.07791e+08,16737022976
NVIDIA A100 80GB PCIe,rna004_130bps_fast@v5.1.0,5760,2.10157e+08,16911089664
NVIDIA A100 80GB PCIe,rna004_130bps_fast@v5.1.0,5824,2.11562e+08,17089350656
NVIDIA A100 80GB PCIe,rna004_130bps_fast@v5.1.0,5888,2.14527e+08,17265514496
NVIDIA A100 80GB PCIe,rna004_130bps_fast@v5.1.0,5952,2.16581e+08,17441678336
NVIDIA A100 80GB PCIe,rna004_130bps_fast@v5.1.0,6016,2.17534e+08,17617842176
NVIDIA A100 80GB PCIe,rna004_130bps_fast@v5.1.0,6080,2.09678e+08,17791908864
NVIDIA A100 80GB PCIe,rna004_130bps_fast@v5.1.0,6144,2.11851e+08,17968072704
NVIDIA A100 80GB PCIe,rna004_130bps_fast@v5.1.0,6208,2.12699e+08,18144236544
NVIDIA A100 80GB PCIe,rna004_130bps_fast@v5.1.0,6272,2.15493e+08,18318303232
NVIDIA A100 80GB PCIe,rna004_130bps_fast@v5.1.0,6336,2.17755e+08,18498661376
NVIDIA A100 80GB PCIe,rna004_130bps_fast@v5.1.0,6400,2.18882e+08,18674825216
NVIDIA A100 80GB PCIe,rna004_130bps_fast@v5.1.0,6464,2.09915e+08,18846794752
NVIDIA A100 80GB PCIe,rna004_130bps_fast@v5.1.0,6528,2.11853e+08,19022958592
NVIDIA A100 80GB PCIe,rna004_130bps_fast@v5.1.0,6592,2.12574e+08,19199122432
NVIDIA A100 80GB PCIe,rna004_130bps_fast@v5.1.0,6656,2.14926e+08,19377383424
NVIDIA A100 80GB PCIe,rna004_130bps_fast@v5.1.0,6720,2.1765e+08,19555644416
NVIDIA A100 80GB PCIe,rna004_130bps_fast@v5.1.0,6784,2.18559e+08,19725516800
NVIDIA A100 80GB PCIe,rna004_130bps_fast@v5.1.0,6848,2.09081e+08,19905874944
NVIDIA A100 80GB PCIe,rna004_130bps_fast@v5.1.0,6912,2.10716e+08,20077844480
NVIDIA A100 80GB PCIe,rna004_130bps_fast@v5.1.0,6976,2.11616e+08,20251911168
NVIDIA A100 80GB PCIe,rna004_130bps_fast@v5.1.0,7040,2.14205e+08,20434366464
NVIDIA A100 80GB PCIe,rna004_130bps_fast@v5.1.0,7104,2.15874e+08,20606336000
NVIDIA A100 80GB PCIe,rna004_130bps_fast@v5.1.0,7168,2.03917e+08,20784596992
NVIDIA A100 80GB PCIe,rna004_130bps_fast@v5.1.0,7232,2.06796e+08,20956566528
NVIDIA A100 80GB PCIe,rna004_130bps_fast@v5.1.0,7296,2.08138e+08,21132730368
NVIDIA A100 80GB PCIe,rna004_130bps_fast@v5.1.0,7360,2.08236e+08,21315185664
NVIDIA A100 80GB PCIe,rna004_130bps_fast@v5.1.0,7424,2.11607e+08,21487155200
NVIDIA A100 80GB PCIe,rna004_130bps_fast@v5.1.0,7488,2.13092e+08,21663319040
NVIDIA A100 80GB PCIe,rna004_130bps_fast@v5.1.0,7552,2.13949e+08,21841580032
NVIDIA A100 80GB PCIe,rna004_130bps_fast@v5.1.0,7616,2.16091e+08,22013549568
NVIDIA A100 80GB PCIe,rna004_130bps_fast@v5.1.0,7680,2.17919e+08,22189713408
NVIDIA A100 80GB PCIe,rna004_130bps_fast@v5.1.0,7744,2.05058e+08,22365877248
NVIDIA A100 80GB PCIe,rna004_130bps_fast@v5.1.0,7808,2.07148e+08,22542041088
NVIDIA A100 80GB PCIe,rna004_130bps_fast@v5.1.0,7872,2.08713e+08,22722399232
NVIDIA A100 80GB PCIe,rna004_130bps_fast@v5.1.0,7936,2.09758e+08,22892271616
NVIDIA A100 80GB PCIe,rna004_130bps_fast@v5.1.0,8000,2.11714e+08,23070532608
NVIDIA A100 80GB PCIe,rna004_130bps_fast@v5.1.0,8064,2.13389e+08,23244599296
NVIDIA A100 80GB PCIe,rna004_130bps_fast@v5.1.0,8128,2.13794e+08,23424957440
NVIDIA A100 80GB PCIe,rna004_130bps_fast@v5.1.0,8192,2.16364e+08,23599024128
NVIDIA A100 80GB PCIe,rna004_130bps_fast@v5.1.0,8256,2.03275e+08,23770993664
NVIDIA A100 80GB PCIe,rna004_130bps_fast@v5.1.0,8320,2.03742e+08,23915700224
NVIDIA A100 80GB PCIe,rna004_130bps_fast@v5.1.0,8384,2.06021e+08,24052018176
NVIDIA A100 80GB PCIe,rna004_130bps_fast@v5.1.0,8448,2.07445e+08,24203016192
NVIDIA A100 80GB PCIe,rna004_130bps_fast@v5.1.0,8512,2.07762e+08,24343528448
NVIDIA A100 80GB PCIe,rna004_130bps_fast@v5.1.0,8576,2.10572e+08,24484040704
NVIDIA A100 80GB PCIe,rna004_130bps_fast@v5.1.0,8640,2.1181e+08,24626650112
NVIDIA A100 80GB PCIe,rna004_130bps_fast@v5.1.0,8704,2.1323e+08,24771356672
NVIDIA A100 80GB PCIe,rna004_130bps_fast@v5.1.0,8768,2.13667e+08,24913966080
NVIDIA A100 80GB PCIe,rna004_130bps_fast@v5.1.0,8832,2.15768e+08,25054478336
NVIDIA A100 80GB PCIe,rna004_130bps_fast@v5.1.0,8896,2.16782e+08,25194990592
NVIDIA A100 80GB PCIe,rna004_130bps_fast@v5.1.0,8960,2.17749e+08,25339697152
NVIDIA A100 80GB PCIe,rna004_130bps_fast@v5.1.0,9024,2.04408e+08,25482306560
NVIDIA A100 80GB PCIe,rna004_130bps_fast@v5.1.0,9088,2.05128e+08,25624915968
NVIDIA A100 80GB PCIe,rna004_130bps_fast@v5.1.0,9152,2.06942e+08,25767525376
NVIDIA A100 80GB PCIe,rna004_130bps_fast@v5.1.0,9216,2.0494e+08,25908037632
NVIDIA A100 80GB PCIe,rna004_130bps_fast@v5.1.0,9280,2.06292e+08,26052744192
NVIDIA A100 80GB PCIe,rna004_130bps_fast@v5.1.0,9344,2.10173e+08,26193256448
NVIDIA A100 80GB PCIe,rna004_130bps_fast@v5.1.0,9408,2.11581e+08,26333768704
NVIDIA A100 80GB PCIe,rna004_130bps_fast@v5.1.0,9472,2.13115e+08,26480572416
NVIDIA A100 80GB PCIe,rna004_130bps_fast@v5.1.0,9536,2.13789e+08,26618987520
NVIDIA A100 80GB PCIe,rna004_130bps_fast@v5.1.0,9600,2.15496e+08,26763694080
NVIDIA A100 80GB PCIe,rna004_130bps_fast@v5.1.0,9664,2.16401e+08,26904206336
NVIDIA A100 80GB PCIe,rna004_130bps_fast@v5.1.0,9728,2.18234e+08,27046815744
NVIDIA A100 80GB PCIe,rna004_130bps_fast@v5.1.0,9792,2.02587e+08,27191522304
NVIDIA A100 80GB PCIe,rna004_130bps_fast@v5.1.0,9856,2.02291e+08,27332034560
NVIDIA A100 80GB PCIe,rna004_130bps_fast@v5.1.0,9920,2.04778e+08,27474643968
NVIDIA A100 80GB PCIe,rna004_130bps_fast@v5.1.0,9984,2.05902e+08,27619350528
NVIDIA A100 80GB PCIe,rna004_130bps_fast@v5.1.0,10048,2.07324e+08,27757765632
NVIDIA A100 80GB PCIe,rna004_130bps_fast@v5.1.0,10112,2.08352e+08,27898277888
NVIDIA A100 80GB PCIe,rna004_130bps_fast@v5.1.0,10176,2.0852e+08,28047178752
NVIDIA A100 80GB PCIe,rna004_130bps_fast@v5.1.0,10240,2.07916e+08,28185593856
NVIDIA A100 80GB PCIe,rna004_130bps_fast@v5.2.0,64,1.77624e+07,1274210304
NVIDIA A100 80GB PCIe,rna004_130bps_fast@v5.2.0,128,3.37198e+07,1468894208
NVIDIA A100 80GB PCIe,rna004_130bps_fast@v5.2.0,192,4.90178e+07,1667772928
NVIDIA A100 80GB PCIe,rna004_130bps_fast@v5.2.0,256,6.22816e+07,1862456832
NVIDIA A100 80GB PCIe,rna004_130bps_fast@v5.2.0,320,7.654e+07,2059238400
NVIDIA A100 80GB PCIe,rna004_130bps_fast@v5.2.0,384,8.87182e+07,2256019456
NVIDIA A100 80GB PCIe,rna004_130bps_fast@v5.2.0,448,8.83036e+07,2452801024
NVIDIA A100 80GB PCIe,rna004_130bps_fast@v5.2.0,512,9.88179e+07,2647484928
NVIDIA A100 80GB PCIe,rna004_130bps_fast@v5.2.0,576,1.07676e+08,2846363648
NVIDIA A100 80GB PCIe,rna004_130bps_fast@v5.2.0,640,1.1703e+08,3041047552
NVIDIA A100 80GB PCIe,rna004_130bps_fast@v5.2.0,704,1.24481e+08,3237529088
NVIDIA A100 80GB PCIe,rna004_130bps_fast@v5.2.0,768,1.31178e+08,3434610176
NVIDIA A100 80GB PCIe,rna004_130bps_fast@v5.2.0,832,1.40381e+08,3646342656
NVIDIA A100 80GB PCIe,rna004_130bps_fast@v5.2.0,896,1.3153e+08,3848952320
NVIDIA A100 80GB PCIe,rna004_130bps_fast@v5.2.0,960,1.37077e+08,4022857216
NVIDIA A100 80GB PCIe,rna004_130bps_fast@v5.2.0,1024,1.41972e+08,4221108736
NVIDIA A100 80GB PCIe,rna004_130bps_fast@v5.2.0,1088,1.46565e+08,4416419840
NVIDIA A100 80GB PCIe,rna004_130bps_fast@v5.2.0,1152,1.52826e+08,4613282304
NVIDIA A100 80GB PCIe,rna004_130bps_fast@v5.2.0,1216,1.5611e+08,4835583488
NVIDIA A100 80GB PCIe,rna004_130bps_fast@v5.2.0,1280,1.61996e+08,5004666368
NVIDIA A100 80GB PCIe,rna004_130bps_fast@v5.2.0,1344,1.54132e+08,5202213888
NVIDIA A100 80GB PCIe,rna004_130bps_fast@v5.2.0,1408,1.55632e+08,5398532096
NVIDIA A100 80GB PCIe,rna004_130bps_fast@v5.2.0,1472,1.59876e+08,5599402496
NVIDIA A100 80GB PCIe,rna004_130bps_fast@v5.2.0,1536,1.63811e+08,5791457792
NVIDIA A100 80GB PCIe,rna004_130bps_fast@v5.2.0,1600,1.67445e+08,5989584896
NVIDIA A100 80GB PCIe,rna004_130bps_fast@v5.2.0,1664,1.7036e+08,6184809472
NVIDIA A100 80GB PCIe,rna004_130bps_fast@v5.2.0,1728,1.73307e+08,6383306240
NVIDIA A100 80GB PCIe,rna004_130bps_fast@v5.2.0,1792,1.65116e+08,6580974080
NVIDIA A100 80GB PCIe,rna004_130bps_fast@v5.2.0,1856,1.67975e+08,6774858752
NVIDIA A100 80GB PCIe,rna004_130bps_fast@v5.2.0,1920,1.70111e+08,6971176960
NVIDIA A100 80GB PCIe,rna004_130bps_fast@v5.2.0,1984,1.75897e+08,7166974464
NVIDIA A100 80GB PCIe,rna004_130bps_fast@v5.2.0,2048,1.76967e+08,7364493824
NVIDIA A100 80GB PCIe,rna004_130bps_fast@v5.2.0,2112,1.78651e+08,7560132608
NVIDIA A100 80GB PCIe,rna004_130bps_fast@v5.2.0,2176,1.71145e+08,7756450816
NVIDIA A100 80GB PCIe,rna004_130bps_fast@v5.2.0,2240,1.71438e+08,7953714688
NVIDIA A100 80GB PCIe,rna004_130bps_fast@v5.2.0,2304,1.76398e+08,8148279808
NVIDIA A100 80GB PCIe,rna004_130bps_fast@v5.2.0,2368,1.76693e+08,8345878528
NVIDIA A100 80GB PCIe,rna004_130bps_fast@v5.2.0,2432,1.81038e+08,8543909888
NVIDIA A100 80GB PCIe,rna004_130bps_fast@v5.2.0,2496,1.81024e+08,8739036672
NVIDIA A100 80GB PCIe,rna004_130bps_fast@v5.2.0,2560,1.85573e+08,8934842880
NVIDIA A100 80GB PCIe,rna004_130bps_fast@v5.2.0,2624,1.74794e+08,9134843904
NVIDIA A100 80GB PCIe,rna004_130bps_fast@v5.2.0,2688,1.78908e+08,9328296960
NVIDIA A100 80GB PCIe,rna004_130bps_fast@v5.2.0,2752,1.77866e+08,9526986240
NVIDIA A100 80GB PCIe,rna004_130bps_fast@v5.2.0,2816,1.81382e+08,9718067712
NVIDIA A100 80GB PCIe,rna004_130bps_fast@v5.2.0,2880,1.80218e+08,9918068224
NVIDIA A100 80GB PCIe,rna004_130bps_fast@v5.2.0,2944,1.84026e+08,10114369536
NVIDIA A100 80GB PCIe,rna004_130bps_fast@v5.2.0,3008,1.87366e+08,10310243840
NVIDIA A100 80GB PCIe,rna004_130bps_fast@v5.2.0,3072,1.799e+08,10508468736
NVIDIA A100 80GB PCIe,rna004_130bps_fast@v5.2.0,3136,1.77586e+08,10701409792
NVIDIA A100 80GB PCIe,rna004_130bps_fast@v5.2.0,3200,1.80783e+08,10897546240
NVIDIA A100 80GB PCIe,rna004_130bps_fast@v5.2.0,3264,1.84477e+08,11095962112
NVIDIA A100 80GB PCIe,rna004_130bps_fast@v5.2.0,3328,1.81812e+08,11292815872
NVIDIA A100 80GB PCIe,rna004_130bps_fast@v5.2.0,3392,1.84905e+08,11489951232
NVIDIA A100 80GB PCIe,rna004_130bps_fast@v5.2.0,3456,1.88328e+08,11684989440
NVIDIA A100 80GB PCIe,rna004_130bps_fast@v5.2.0,3520,1.71395e+08,11880324608
NVIDIA A100 80GB PCIe,rna004_130bps_fast@v5.2.0,3584,1.7437e+08,12080325120
NVIDIA A100 80GB PCIe,rna004_130bps_fast@v5.2.0,3648,1.77182e+08,12271937024
NVIDIA A100 80GB PCIe,rna004_130bps_fast@v5.2.0,3712,1.80236e+08,12473530880
NVIDIA A100 80GB PCIe,rna004_130bps_fast@v5.2.0,3776,1.75824e+08,12670666240
NVIDIA A100 80GB PCIe,rna004_130bps_fast@v5.2.0,3840,1.79116e+08,12861510144
NVIDIA A100 80GB PCIe,rna004_130bps_fast@v5.2.0,3904,1.74412e+08,13059356160
NVIDIA A100 80GB PCIe,rna004_130bps_fast@v5.2.0,3968,1.76837e+08,13255162368
NVIDIA A100 80GB PCIe,rna004_130bps_fast@v5.2.0,4032,1.79851e+08,13455013376
NVIDIA A100 80GB PCIe,rna004_130bps_fast@v5.2.0,4096,1.82744e+08,13650051584
NVIDIA A100 80GB PCIe,rna004_130bps_fast@v5.2.0,4160,1.76732e+08,13845089792
NVIDIA A100 80GB PCIe,rna004_130bps_fast@v5.2.0,4224,1.80133e+08,14042581504
NVIDIA A100 80GB PCIe,rna004_130bps_fast@v5.2.0,4288,1.82541e+08,14238387712
NVIDIA A100 80GB PCIe,rna004_130bps_fast@v5.2.0,4352,1.76754e+08,14434193920
NVIDIA A100 80GB PCIe,rna004_130bps_fast@v5.2.0,4416,1.79539e+08,14650408448
NVIDIA A100 80GB PCIe,rna004_130bps_fast@v5.2.0,4480,1.81956e+08,14847543808
NVIDIA A100 80GB PCIe,rna004_130bps_fast@v5.2.0,4544,1.83763e+08,15044679168
NVIDIA A100 80GB PCIe,rna004_130bps_fast@v5.2.0,4608,1.86652e+08,15237620224
NVIDIA A100 80GB PCIe,rna004_130bps_fast@v5.2.0,4672,1.80684e+08,15436852736
NVIDIA A100 80GB PCIe,rna004_130bps_fast@v5.2.0,4736,1.82764e+08,15636085248
NVIDIA A100 80GB PCIe,rna004_130bps_fast@v5.2.0,4800,1.84813e+08,15826929152
NVIDIA A100 80GB PCIe,rna004_130bps_fast@v5.2.0,4864,1.78397e+08,16007287296
NVIDIA A100 80GB PCIe,rna004_130bps_fast@v5.2.0,4928,1.80603e+08,16221199872
NVIDIA A100 80GB PCIe,rna004_130bps_fast@v5.2.0,4992,1.82247e+08,16422529536
NVIDIA A100 80GB PCIe,rna004_130bps_fast@v5.2.0,5056,1.85111e+08,16598693376
NVIDIA A100 80GB PCIe,rna004_130bps_fast@v5.2.0,5120,1.87139e+08,16789537280
NVIDIA A100 80GB PCIe,rna004_130bps_fast@v5.2.0,5184,1.88904e+08,16988769792
NVIDIA A100 80GB PCIe,rna004_130bps_fast@v5.2.0,5248,1.81949e+08,17190099456
NVIDIA A100 80GB PCIe,rna004_130bps_fast@v5.2.0,5312,1.837e+08,17383040512
NVIDIA A100 80GB PCIe,rna004_130bps_fast@v5.2.0,5376,1.85687e+08,17580175872
NVIDIA A100 80GB PCIe,rna004_130bps_fast@v5.2.0,5440,1.8793e+08,17773116928
NVIDIA A100 80GB PCIe,rna004_130bps_fast@v5.2.0,5504,1.7992e+08,17970252288
NVIDIA A100 80GB PCIe,rna004_130bps_fast@v5.2.0,5568,1.81971e+08,18169484800
NVIDIA A100 80GB PCIe,rna004_130bps_fast@v5.2.0,5632,1.83797e+08,18364523008
NVIDIA A100 80GB PCIe,rna004_130bps_fast@v5.2.0,5696,1.85359e+08,18559561216
NVIDIA A100 80GB PCIe,rna004_130bps_fast@v5.2.0,5760,1.87467e+08,18754599424
NVIDIA A100 80GB PCIe,rna004_130bps_fast@v5.2.0,5824,1.78699e+08,18951734784
NVIDIA A100 80GB PCIe,rna004_130bps_fast@v5.2.0,5888,1.80281e+08,19150967296
NVIDIA A100 80GB PCIe,rna004_130bps_fast@v5.2.0,5952,1.82583e+08,19346005504
NVIDIA A100 80GB PCIe,rna004_130bps_fast@v5.2.0,6016,1.84332e+08,19543140864
NVIDIA A100 80GB PCIe,rna004_130bps_fast@v5.2.0,6080,1.85618e+08,19738179072
NVIDIA A100 80GB PCIe,rna004_130bps_fast@v5.2.0,6144,1.8761e+08,19935314432
NVIDIA A100 80GB PCIe,rna004_130bps_fast@v5.2.0,6208,1.78461e+08,20130352640
NVIDIA A100 80GB PCIe,rna004_130bps_fast@v5.2.0,6272,1.79683e+08,20325390848
NVIDIA A100 80GB PCIe,rna004_130bps_fast@v5.2.0,6336,1.81736e+08,20526720512
NVIDIA A100 80GB PCIe,rna004_130bps_fast@v5.2.0,6400,1.83267e+08,20721758720
NVIDIA A100 80GB PCIe,rna004_130bps_fast@v5.2.0,6464,1.85152e+08,20916796928
NVIDIA A100 80GB PCIe,rna004_130bps_fast@v5.2.0,6528,1.86577e+08,21111835136
NVIDIA A100 80GB PCIe,rna004_130bps_fast@v5.2.0,6592,1.8773e+08,21308970496
NVIDIA A100 80GB PCIe,rna004_130bps_fast@v5.2.0,6656,1.78134e+08,21508203008
NVIDIA A100 80GB PCIe,rna004_130bps_fast@v5.2.0,6720,1.79877e+08,21705338368
NVIDIA A100 80GB PCIe,rna004_130bps_fast@v5.2.0,6784,1.8147e+08,21898279424
NVIDIA A100 80GB PCIe,rna004_130bps_fast@v5.2.0,6848,1.82578e+08,22097511936
NVIDIA A100 80GB PCIe,rna004_130bps_fast@v5.2.0,6912,1.82461e+08,22288355840
NVIDIA A100 80GB PCIe,rna004_130bps_fast@v5.2.0,6976,1.83128e+08,22485491200
NVIDIA A100 80GB PCIe,rna004_130bps_fast@v5.2.0,7040,1.73851e+08,22686820864
NVIDIA A100 80GB PCIe,rna004_130bps_fast@v5.2.0,7104,1.76173e+08,22879761920
NVIDIA A100 80GB PCIe,rna004_130bps_fast@v5.2.0,7168,1.7743e+08,23078994432
NVIDIA A100 80GB PCIe,rna004_130bps_fast@v5.2.0,7232,1.78918e+08,23269838336
NVIDIA A100 80GB PCIe,rna004_130bps_fast@v5.2.0,7296,1.80613e+08,23466973696
NVIDIA A100 80GB PCIe,rna004_130bps_fast@v5.2.0,7360,1.81498e+08,23670400512
NVIDIA A100 80GB PCIe,rna004_130bps_fast@v5.2.0,7424,1.82181e+08,23863341568
NVIDIA A100 80GB PCIe,rna004_130bps_fast@v5.2.0,7488,1.84622e+08,24060476928
NVIDIA A100 80GB PCIe,rna004_130bps_fast@v5.2.0,7552,1.86063e+08,24257612288
NVIDIA A100 80GB PCIe,rna004_130bps_fast@v5.2.0,7616,1.872e+08,24450553344
NVIDIA A100 80GB PCIe,rna004_130bps_fast@v5.2.0,7680,1.89085e+08,24647688704
NVIDIA A100 80GB PCIe,rna004_130bps_fast@v5.2.0,7744,1.76246e+08,24844824064
NVIDIA A100 80GB PCIe,rna004_130bps_fast@v5.2.0,7808,1.771e+08,25039862272
NVIDIA A100 80GB PCIe,rna004_130bps_fast@v5.2.0,7872,1.79272e+08,25241191936
NVIDIA A100 80GB PCIe,rna004_130bps_fast@v5.2.0,7936,1.80294e+08,25432035840
NVIDIA A100 80GB PCIe,rna004_130bps_fast@v5.2.0,8000,1.8083e+08,25629171200
NVIDIA A100 80GB PCIe,rna004_130bps_fast@v5.2.0,8064,1.82941e+08,25826306560
NVIDIA A100 80GB PCIe,rna004_130bps_fast@v5.2.0,8128,1.84255e+08,26025539072
NVIDIA A100 80GB PCIe,rna004_130bps_fast@v5.2.0,8192,1.85077e+08,26220577280
NVIDIA A100 80GB PCIe,rna004_130bps_fast@v5.2.0,8256,1.86895e+08,26413518336
NVIDIA A100 80GB PCIe,rna004_130bps_fast@v5.2.0,8320,1.87778e+08,26577099264
NVIDIA A100 80GB PCIe,rna004_130bps_fast@v5.2.0,8384,1.74703e+08,26736485888
NVIDIA A100 80GB PCIe,rna004_130bps_fast@v5.2.0,8448,1.75895e+08,26906358272
NVIDIA A100 80GB PCIe,rna004_130bps_fast@v5.2.0,8512,1.76567e+08,27067842048
NVIDIA A100 80GB PCIe,rna004_130bps_fast@v5.2.0,8576,1.78442e+08,27229325824
NVIDIA A100 80GB PCIe,rna004_130bps_fast@v5.2.0,8640,1.7921e+08,27390809600
NVIDIA A100 80GB PCIe,rna004_130bps_fast@v5.2.0,8704,1.79851e+08,27556487680
NVIDIA A100 80GB PCIe,rna004_130bps_fast@v5.2.0,8768,1.81825e+08,27720068608
NVIDIA A100 80GB PCIe,rna004_130bps_fast@v5.2.0,8832,1.82822e+08,27881552384
NVIDIA A100 80GB PCIe,rna004_130bps_fast@v5.2.0,8896,1.83742e+08,28040939008
NVIDIA A100 80GB PCIe,rna004_130bps_fast@v5.2.0,8960,1.85216e+08,28206617088
NVIDIA A100 80GB PCIe,rna004_130bps_fast@v5.2.0,9024,1.85946e+08,28370198016
NVIDIA A100 80GB PCIe,rna004_130bps_fast@v5.2.0,9088,1.8751e+08,28533778944
NVIDIA A100 80GB PCIe,rna004_130bps_fast@v5.2.0,9152,1.72867e+08,28697359872
NVIDIA A100 80GB PCIe,rna004_130bps_fast@v5.2.0,9216,1.73491e+08,28856746496
NVIDIA A100 80GB PCIe,rna004_130bps_fast@v5.2.0,9280,1.75169e+08,29022424576
NVIDIA A100 80GB PCIe,rna004_130bps_fast@v5.2.0,9344,1.74864e+08,29183908352
NVIDIA A100 80GB PCIe,rna004_130bps_fast@v5.2.0,9408,1.77332e+08,29343294976
NVIDIA A100 80GB PCIe,rna004_130bps_fast@v5.2.0,9472,1.77317e+08,29513167360
NVIDIA A100 80GB PCIe,rna004_130bps_fast@v5.2.0,9536,1.79201e+08,29670456832
NVIDIA A100 80GB PCIe,rna004_130bps_fast@v5.2.0,9600,1.79591e+08,29834037760
NVIDIA A100 80GB PCIe,rna004_130bps_fast@v5.2.0,9664,1.8043e+08,29997618688
NVIDIA A100 80GB PCIe,rna004_130bps_fast@v5.2.0,9728,1.81714e+08,30159102464
NVIDIA A100 80GB PCIe,rna004_130bps_fast@v5.2.0,9792,1.82712e+08,30324780544
NVIDIA A100 80GB PCIe,rna004_130bps_fast@v5.2.0,9856,1.83604e+08,30486264320
NVIDIA A100 80GB PCIe,rna004_130bps_fast@v5.2.0,9920,1.84976e+08,30647748096
NVIDIA A100 80GB PCIe,rna004_130bps_fast@v5.2.0,9984,1.85783e+08,30815523328
NVIDIA A100 80GB PCIe,rna004_130bps_fast@v5.2.0,10048,1.86998e+08,30972812800
NVIDIA A100 80GB PCIe,rna004_130bps_fast@v5.2.0,10112,1.87656e+08,31134296576
NVIDIA A100 80GB PCIe,rna004_130bps_fast@v5.2.0,10176,1.89006e+08,31304168960
NVIDIA A100 80GB PCIe,rna004_130bps_fast@v5.2.0,10240,1.71047e+08,31463555584
NVIDIA A100 80GB PCIe,rna004_130bps_hac@v5.1.0,64,7.67264e+06,490062336
NVIDIA A100 80GB PCIe,rna004_130bps_hac@v5.1.0,128,1.49505e+07,956560896
NVIDIA A100 80GB PCIe,rna004_130bps_hac@v5.1.0,192,2.16567e+07,1429526528
NVIDIA A100 80GB PCIe,rna004_130bps_hac@v5.1.0,256,2.78399e+07,1892455936
NVIDIA A100 80GB PCIe,rna004_130bps_hac@v5.1.0,320,3.38412e+07,2358280192
NVIDIA A100 80GB PCIe,rna004_130bps_hac@v5.1.0,384,3.94415e+07,2827488256
NVIDIA A100 80GB PCIe,rna004_130bps_hac@v5.1.0,448,4.24289e+07,3296066560
NVIDIA A100 80GB PCIe,rna004_130bps_hac@v5.1.0,512,4.84621e+07,3760903680
NVIDIA A100 80GB PCIe,rna004_130bps_hac@v5.1.0,576,5.16339e+07,4228683776
NVIDIA A100 80GB PCIe,rna004_130bps_hac@v5.1.0,640,4.20611e+07,4697473536
NVIDIA A100 80GB PCIe,rna004_130bps_hac@v5.1.0,704,4.4856e+07,5161435648
NVIDIA A100 80GB PCIe,rna004_130bps_hac@v5.1.0,768,4.81322e+07,5630478336
NVIDIA A100 80GB PCIe,rna004_130bps_hac@v5.1.0,832,5.13289e+07,6096727040
NVIDIA A100 80GB PCIe,rna004_130bps_hac@v5.1.0,896,5.43468e+07,6567469056
NVIDIA A100 80GB PCIe,rna004_130bps_hac@v5.1.0,960,5.72425e+07,7030928896
NVIDIA A100 80GB PCIe,rna004_130bps_hac@v5.1.0,1024,5.79826e+07,7498662912
NVIDIA A100 80GB PCIe,rna004_130bps_hac@v5.1.0,1088,6.16201e+07,7964387328
NVIDIA A100 80GB PCIe,rna004_130bps_hac@v5.1.0,1152,6.29138e+07,8440821248
NVIDIA A100 80GB PCIe,rna004_130bps_hac@v5.1.0,1216,5.43385e+07,8931884032
NVIDIA A100 80GB PCIe,rna004_130bps_hac@v5.1.0,1280,5.71198e+07,9368634368
NVIDIA A100 80GB PCIe,rna004_130bps_hac@v5.1.0,1344,5.99859e+07,9849326080
NVIDIA A100 80GB PCIe,rna004_130bps_hac@v5.1.0,1408,6.14187e+07,10303708672
NVIDIA A100 80GB PCIe,rna004_130bps_hac@v5.1.0,1472,6.27515e+07,10777526272
NVIDIA A100 80GB PCIe,rna004_130bps_hac@v5.1.0,1536,6.54073e+07,11248581632
NVIDIA A100 80GB PCIe,rna004_130bps_hac@v5.1.0,1600,6.65517e+07,11705725952
NVIDIA A100 80GB PCIe,rna004_130bps_hac@v5.1.0,1664,6.75889e+07,12181270016
NVIDIA A100 80GB PCIe,rna004_130bps_hac@v5.1.0,1728,6.49871e+07,12652489216
NVIDIA A100 80GB PCIe,rna004_130bps_hac@v5.1.0,1792,7.44204e+07,13109605376
NVIDIA A100 80GB PCIe,rna004_130bps_hac@v5.1.0,1856,6.79665e+07,13623772160
NVIDIA A100 80GB PCIe,rna004_130bps_hac@v5.1.0,1920,7.78503e+07,14053164544
NVIDIA A100 80GB PCIe,rna004_130bps_hac@v5.1.0,1984,7.06465e+07,14514992128
NVIDIA A100 80GB PCIe,rna004_130bps_hac@v5.1.0,2048,8.08148e+07,14991218688
NVIDIA A100 80GB PCIe,rna004_130bps_hac@v5.1.0,2112,7.51212e+07,15447317504
NVIDIA A100 80GB PCIe,rna004_130bps_hac@v5.1.0,2176,8.37663e+07,15922459648
NVIDIA A100 80GB PCIe,rna004_130bps_hac@v5.1.0,2240,7.73689e+07,16391023616
NVIDIA A100 80GB PCIe,rna004_130bps_hac@v5.1.0,2304,8.63132e+07,16845456384
NVIDIA A100 80GB PCIe,rna004_130bps_hac@v5.1.0,2368,6.54403e+07,17327862784
NVIDIA A100 80GB PCIe,rna004_130bps_hac@v5.1.0,2432,6.72099e+07,17842826752
NVIDIA A100 80GB PCIe,rna004_130bps_hac@v5.1.0,2496,6.89293e+07,18259933696
NVIDIA A100 80GB PCIe,rna004_130bps_hac@v5.1.0,2560,6.81339e+07,18725212672
NVIDIA A100 80GB PCIe,rna004_130bps_hac@v5.1.0,2624,6.98454e+07,19184242176
NVIDIA A100 80GB PCIe,rna004_130bps_hac@v5.1.0,2688,7.15125e+07,19656301056
NVIDIA A100 80GB PCIe,rna004_130bps_hac@v5.1.0,2752,7.31739e+07,20196272640
NVIDIA A100 80GB PCIe,rna004_130bps_hac@v5.1.0,2816,7.20269e+07,20591425536
NVIDIA A100 80GB PCIe,rna004_130bps_hac@v5.1.0,2880,7.36794e+07,21049578496
NVIDIA A100 80GB PCIe,rna004_130bps_hac@v5.1.0,2944,6.95187e+07,21614825472
NVIDIA A100 80GB PCIe,rna004_130bps_hac@v5.1.0,3008,7.08882e+07,22063914496
NVIDIA A100 80GB PCIe,rna004_130bps_hac@v5.1.0,3072,7.24128e+07,22534269952
NVIDIA A100 80GB PCIe,rna004_130bps_hac@v5.1.0,3136,7.3798e+07,22995836928
NVIDIA A100 80GB PCIe,rna004_130bps_hac@v5.1.0,3200,6.92285e+07,23448543744
NVIDIA A100 80GB PCIe,rna004_130bps_hac@v5.1.0,3264,7.67893e+07,23937785856
NVIDIA A100 80GB PCIe,rna004_130bps_hac@v5.1.0,3328,7.49093e+07,24407872000
NVIDIA A100 80GB PCIe,rna004_130bps_hac@v5.1.0,3392,7.6697e+07,24876768768
NVIDIA A100 80GB PCIe,rna004_130bps_hac@v5.1.0,3456,7.11358e+07,25268050432
NVIDIA A100 80GB PCIe,rna004_130bps_hac@v5.1.0,3520,6.55939e+07,25739224576
NVIDIA A100 80GB PCIe,rna004_130bps_hac@v5.1.0,3584,7.72343e+07,26208694784
NVIDIA A100 80GB PCIe,rna004_130bps_hac@v5.1.0,3648,6.80336e+07,26653073408
NVIDIA A100 80GB PCIe,rna004_130bps_hac@v5.1.0,3712,7.63407e+07,27148381696
NVIDIA A100 80GB PCIe,rna004_130bps_hac@v5.1.0,3776,7.04093e+07,27600984064
NVIDIA A100 80GB PCIe,rna004_130bps_hac@v5.1.0,3840,8.25245e+07,28090952704
NVIDIA A100 80GB PCIe,rna004_130bps_hac@v5.1.0,3904,7.26535e+07,28549183488
NVIDIA A100 80GB PCIe,rna004_130bps_hac@v5.1.0,3968,8.14071e+07,29111105536
NVIDIA A100 80GB PCIe,rna004_130bps_hac@v5.1.0,4032,7.49539e+07,29595494400
NVIDIA A100 80GB PCIe,rna004_130bps_hac@v5.1.0,4096,8.37472e+07,29945632256
NVIDIA A100 80GB PCIe,rna004_130bps_hac@v5.1.0,4160,7.3284e+07,30498177536
NVIDIA A100 80GB PCIe,rna004_130bps_hac@v5.1.0,4224,8.24962e+07,30886720000
NVIDIA A100 80GB PCIe,rna004_130bps_hac@v5.1.0,4288,7.54404e+07,31443071488
NVIDIA A100 80GB PCIe,rna004_130bps_hac@v5.1.0,4352,8.48278e+07,31812119040
NVIDIA A100 80GB PCIe,rna004_130bps_hac@v5.1.0,4416,7.76391e+07,32296558080
NVIDIA A100 80GB PCIe,rna004_130bps_hac@v5.1.0,4480,8.30548e+07,32860297728
NVIDIA A100 80GB PCIe,rna004_130bps_hac@v5.1.0,4544,7.56218e+07,33222765568
NVIDIA A100 80GB PCIe,rna004_130bps_hac@v5.1.0,4608,8.95767e+07,33682657280
NVIDIA A100 80GB PCIe,rna004_130bps_hac@v5.1.0,4672,6.8611e+07,34148330496
NVIDIA A100 80GB PCIe,rna004_130bps_hac@v5.1.0,4736,6.92545e+07,34733048320
NVIDIA A100 80GB PCIe,rna004_130bps_hac@v5.1.0,4800,7.03457e+07,35191992832
NVIDIA A100 80GB PCIe,rna004_130bps_hac@v5.1.0,4864,7.09721e+07,35663322624
NVIDIA A100 80GB PCIe,rna004_130bps_hac@v5.1.0,4928,7.21413e+07,36126810624
NVIDIA A100 80GB PCIe,rna004_130bps_hac@v5.1.0,4992,7.27537e+07,36501364736
NVIDIA A100 80GB PCIe,rna004_130bps_hac@v5.1.0,5056,7.38212e+07,36964349952
NVIDIA A100 80GB PCIe,rna004_130bps_hac@v5.1.0,5120,6.95821e+07,37539216384
NVIDIA A100 80GB PCIe,rna004_130bps_hac@v5.1.0,5184,7.56421e+07,37905258496
NVIDIA A100 80GB PCIe,rna004_130bps_hac@v5.1.0,5248,7.15914e+07,38489115136
NVIDIA A100 80GB PCIe,rna004_130bps_hac@v5.1.0,5312,7.23972e+07,38830307328
NVIDIA A100 80GB PCIe,rna004_130bps_hac@v5.1.0,5376,7.3278e+07,39414887936
NVIDIA A100 80GB PCIe,rna004_130bps_hac@v5.1.0,5440,7.4023e+07,39875639808
NVIDIA A100 80GB PCIe,rna004_130bps_hac@v5.1.0,5504,7.50787e+07,40363320320
NVIDIA A100 80GB PCIe,rna004_130bps_hac@v5.1.0,5568,7.57475e+07,40702775808
NVIDIA A100 80GB PCIe,rna004_130bps_hac@v5.1.0,5632,7.65743e+07,41161993216
NVIDIA A100 80GB PCIe,rna004_130bps_hac@v5.1.0,5696,7.74324e+07,41630403584
NVIDIA A100 80GB PCIe,rna004_130bps_hac@v5.1.0,5760,7.83735e+07,42098076160
NVIDIA A100 80GB PCIe,rna004_130bps_hac@v5.1.0,5824,6.80833e+07,42701995008
NVIDIA A100 80GB PCIe,rna004_130bps_hac@v5.1.0,5888,7.98358e+07,43033390592
NVIDIA A100 80GB PCIe,rna004_130bps_hac@v5.1.0,5952,6.95271e+07,43497501184
NVIDIA A100 80GB PCIe,rna004_130bps_hac@v5.1.0,6016,8.16846e+07,44146129408
NVIDIA A100 80GB PCIe,rna004_130bps_hac@v5.1.0,6080,7.0902e+07,44576522752
NVIDIA A100 80GB PCIe,rna004_130bps_hac@v5.1.0,6144,7.75099e+07,44902961152
NVIDIA A100 80GB PCIe,rna004_130bps_hac@v5.1.0,6208,7.22418e+07,45367226880
NVIDIA A100 80GB PCIe,rna004_130bps_hac@v5.1.0,6272,7.93762e+07,45964983808
NVIDIA A100 80GB PCIe,rna004_130bps_hac@v5.1.0,6336,7.36599e+07,46309713408
NVIDIA A100 80GB PCIe,rna004_130bps_hac@v5.1.0,6400,8.07388e+07,46916844544
NVIDIA A100 80GB PCIe,rna004_130bps_hac@v5.1.0,6464,7.50677e+07,47377306624
NVIDIA A100 80GB PCIe,rna004_130bps_hac@v5.1.0,6528,8.23524e+07,47700356096
NVIDIA A100 80GB PCIe,rna004_130bps_hac@v5.1.0,6592,7.65781e+07,48178612224
NVIDIA A100 80GB PCIe,rna004_130bps_hac@v5.1.0,6656,8.36523e+07,48796239872
NVIDIA A100 80GB PCIe,rna004_130bps_hac@v5.1.0,6720,7.78907e+07,49261917184
NVIDIA A100 80GB PCIe,rna004_130bps_hac@v5.1.0,6784,8.54035e+07,49723409920
NVIDIA A100 80GB PCIe,rna004_130bps_hac@v5.1.0,6848,7.92543e+07,50072962048
NVIDIA A100 80GB PCIe,rna004_130bps_hac@v5.1.0,6912,8.66539e+07,50671242240
NVIDIA A100 80GB PCIe,rna004_130bps_hac@v5.1.0,6976,7.39135e+07,51152610816
NVIDIA A100 80GB PCIe,rna004_130bps_hac@v5.1.0,7040,7.47254e+07,51660446208
NVIDIA A100 80GB PCIe,rna004_130bps_hac@v5.1.0,7104,7.53756e+07,51918967296
NVIDIA A100 80GB PCIe,rna004_130bps_hac@v5.1.0,7168,7.57646e+07,52391366144
NVIDIA A100 80GB PCIe,rna004_130bps_hac@v5.1.0,7232,7.00337e+07,53006077440
NVIDIA A100 80GB PCIe,rna004_130bps_hac@v5.1.0,7296,7.09393e+07,53469767168
NVIDIA A100 80GB PCIe,rna004_130bps_hac@v5.1.0,7360,7.1224e+07,53968057344
NVIDIA A100 80GB PCIe,rna004_130bps_hac@v5.1.0,7424,7.18618e+07,54427514880
NVIDIA A100 80GB PCIe,rna004_130bps_hac@v5.1.0,7488,7.26671e+07,54720721408
NVIDIA A100 80GB PCIe,rna004_130bps_hac@v5.1.0,7552,7.29678e+07,55358244352
NVIDIA A100 80GB PCIe,rna004_130bps_hac@v5.1.0,7616,7.36792e+07,55830319616
NVIDIA A100 80GB PCIe,rna004_130bps_hac@v5.1.0,7680,7.08635e+07,56296104960
NVIDIA A100 80GB PCIe,rna004_130bps_hac@v5.1.0,7744,7.15492e+07,56575652864
NVIDIA A100 80GB PCIe,rna004_130bps_hac@v5.1.0,7808,7.23543e+07,57041233920
NVIDIA A100 80GB PCIe,rna004_130bps_hac@v5.1.0,7872,7.26792e+07,57519399936
NVIDIA A100 80GB PCIe,rna004_130bps_hac@v5.1.0,7936,7.32689e+07,58036407296
NVIDIA A100 80GB PCIe,rna004_130bps_hac@v5.1.0,8000,7.34789e+07,58499870208
NVIDIA A100 80GB PCIe,rna004_130bps_hac@v5.1.0,8064,7.40028e+07,58963588608
NVIDIA A100 80GB PCIe,rna004_130bps_hac@v5.1.0,8128,6.64606e+07,59388019712
NVIDIA A100 80GB PCIe,rna004_130bps_hac@v5.1.0,8192,7.74805e+07,59851503616
NVIDIA A100 80GB PCIe,rna004_130bps_hac@v5.1.0,8256,6.70474e+07,60317086720
NVIDIA A100 80GB PCIe,rna004_130bps_hac@v5.1.0,8320,7.61047e+07,60778473472
NVIDIA A100 80GB PCIe,rna004_130bps_hac@v5.1.0,8384,6.90381e+07,61254542336
NVIDIA A100 80GB PCIe,rna004_130bps_hac@v5.1.0,8448,7.56376e+07,61720123392
NVIDIA A100 80GB PCIe,rna004_130bps_hac@v5.1.0,8512,6.89573e+07,62245719040
NVIDIA A100 80GB PCIe,rna004_130bps_hac@v5.1.0,8576,7.86306e+07,62647093248
NVIDIA A100 80GB PCIe,rna004_130bps_hac@v5.1.0,8640,6.79168e+07,63123162112
NVIDIA A100 80GB PCIe,rna004_130bps_hac@v5.1.0,8704,7.50627e+07,63648414720
NVIDIA A100 80GB PCIe,rna004_130bps_hac@v5.1.0,8768,6.93009e+07,64058520576
NVIDIA A100 80GB PCIe,rna004_130bps_hac@v5.1.0,8832,7.98241e+07,64593591296
NVIDIA A100 80GB PCIe,rna004_130bps_hac@v5.1.0,8896,6.91142e+07,64981296128
NVIDIA A100 80GB PCIe,rna004_130bps_hac@v5.1.0,8960,7.91387e+07,65459460096
NVIDIA A100 80GB PCIe,rna004_130bps_hac@v5.1.0,9024,6.89277e+07,65951546880
NVIDIA A100 80GB PCIe,rna004_130bps_hac@v5.1.0,9088,7.70694e+07,66388527104
NVIDIA A100 80GB PCIe,rna004_130bps_hac@v5.1.0,9152,6.98729e+07,66912236544
NVIDIA A100 80GB PCIe,rna004_130bps_hac@v5.1.0,9216,8.02359e+07,67387627008
NVIDIA A100 80GB PCIe,rna004_130bps_hac@v5.1.0,9280,6.8351e+07,67853636608
NVIDIA A100 80GB PCIe,rna004_130bps_hac@v5.1.0,9344,6.83022e+07,68317304320
NVIDIA A100 80GB PCIe,rna004_130bps_hac@v5.1.0,9408,6.89698e+07,68776327680
NVIDIA A100 80GB PCIe,rna004_130bps_hac@v5.1.0,9472,7.31664e+07,69224061952
NVIDIA A100 80GB PCIe,rna004_130bps_hac@v5.1.0,9536,6.87526e+07,69660185600
NVIDIA A100 80GB PCIe,rna004_130bps_hac@v5.1.0,9600,6.97147e+07,70187492352
NVIDIA A100 80GB PCIe,rna004_130bps_hac@v5.1.0,9664,6.92192e+07,70591349760
NVIDIA A100 80GB PCIe,rna004_130bps_hac@v5.1.0,9728,7.33947e+07,71108423168
NVIDIA A100 80GB PCIe,rna004_130bps_hac@v5.1.0,9792,6.98899e+07,71533000192
NVIDIA A100 80GB PCIe,rna004_130bps_hac@v5.1.0,9856,7.52558e+07,72082812928
NVIDIA A100 80GB PCIe,rna004_130bps_hac@v5.1.0,9920,6.88203e+07,72521682944
NVIDIA A100 80GB PCIe,rna004_130bps_hac@v5.1.0,9984,7.38049e+07,72919260672
NVIDIA A100 80GB PCIe,rna004_130bps_hac@v5.1.0,10048,6.96319e+07,73378551296
NVIDIA A100 80GB PCIe,rna004_130bps_hac@v5.1.0,10112,7.5894e+07,73846228992
NVIDIA A100 80GB PCIe,rna004_130bps_hac@v5.1.0,10176,7.3795e+07,74332784128
NVIDIA A100 80GB PCIe,rna004_130bps_hac@v5.1.0,10240,7.2865e+07,74790792192
NVIDIA A100 80GB PCIe,rna004_130bps_hac@v5.2.0,64,7.35311e+06,491839488
NVIDIA A100 80GB PCIe,rna004_130bps_hac@v5.2.0,128,1.43168e+07,957544448
NVIDIA A100 80GB PCIe,rna004_130bps_hac@v5.2.0,192,2.07067e+07,1424598016
NVIDIA A100 80GB PCIe,rna004_130bps_hac@v5.2.0,256,2.68275e+07,1899048960
NVIDIA A100 80GB PCIe,rna004_130bps_hac@v5.2.0,320,3.22485e+07,2359321600
NVIDIA A100 80GB PCIe,rna004_130bps_hac@v5.2.0,384,3.67703e+07,2828985856
NVIDIA A100 80GB PCIe,rna004_130bps_hac@v5.2.0,448,4.10969e+07,3294807040
NVIDIA A100 80GB PCIe,rna004_130bps_hac@v5.2.0,512,4.53995e+07,3764796928
NVIDIA A100 80GB PCIe,rna004_130bps_hac@v5.2.0,576,5.10823e+07,4231300608
NVIDIA A100 80GB PCIe,rna004_130bps_hac@v5.2.0,640,4.14268e+07,4695374848
NVIDIA A100 80GB PCIe,rna004_130bps_hac@v5.2.0,704,4.34631e+07,5163830784
NVIDIA A100 80GB PCIe,rna004_130bps_hac@v5.2.0,768,4.73894e+07,5634396672
NVIDIA A100 80GB PCIe,rna004_130bps_hac@v5.2.0,832,5.04577e+07,6103904256
NVIDIA A100 80GB PCIe,rna004_130bps_hac@v5.2.0,896,5.25563e+07,6590145024
NVIDIA A100 80GB PCIe,rna004_130bps_hac@v5.2.0,960,5.43999e+07,7054857216
NVIDIA A100 80GB PCIe,rna004_130bps_hac@v5.2.0,1024,5.89461e+07,7504671232
NVIDIA A100 80GB PCIe,rna004_130bps_hac@v5.2.0,1088,6.05505e+07,7962934272
NVIDIA A100 80GB PCIe,rna004_130bps_hac@v5.2.0,1152,6.17838e+07,8439045120
NVIDIA A100 80GB PCIe,rna004_130bps_hac@v5.2.0,1216,5.31258e+07,8908499456
NVIDIA A100 80GB PCIe,rna004_130bps_hac@v5.2.0,1280,5.58451e+07,9372843008
NVIDIA A100 80GB PCIe,rna004_130bps_hac@v5.2.0,1344,5.86858e+07,9839832064
NVIDIA A100 80GB PCIe,rna004_130bps_hac@v5.2.0,1408,6.00354e+07,10339739648
NVIDIA A100 80GB PCIe,rna004_130bps_hac@v5.2.0,1472,6.1315e+07,10786217984
NVIDIA A100 80GB PCIe,rna004_130bps_hac@v5.2.0,1536,6.38278e+07,11243483648
NVIDIA A100 80GB PCIe,rna004_130bps_hac@v5.2.0,1600,6.5027e+07,11718422016
NVIDIA A100 80GB PCIe,rna004_130bps_hac@v5.2.0,1664,6.7543e+07,12214333440
NVIDIA A100 80GB PCIe,rna004_130bps_hac@v5.2.0,1728,6.50171e+07,12652488704
NVIDIA A100 80GB PCIe,rna004_130bps_hac@v5.2.0,1792,7.26788e+07,13146258944
NVIDIA A100 80GB PCIe,rna004_130bps_hac@v5.2.0,1856,6.7944e+07,13594014208
NVIDIA A100 80GB PCIe,rna004_130bps_hac@v5.2.0,1920,7.59291e+07,14089921024
NVIDIA A100 80GB PCIe,rna004_130bps_hac@v5.2.0,1984,7.06263e+07,14564468736
NVIDIA A100 80GB PCIe,rna004_130bps_hac@v5.2.0,2048,7.88064e+07,14985095168
NVIDIA A100 80GB PCIe,rna004_130bps_hac@v5.2.0,2112,7.30754e+07,15498455040
NVIDIA A100 80GB PCIe,rna004_130bps_hac@v5.2.0,2176,8.1606e+07,15966017536
NVIDIA A100 80GB PCIe,rna004_130bps_hac@v5.2.0,2240,7.52463e+07,16441352704
NVIDIA A100 80GB PCIe,rna004_130bps_hac@v5.2.0,2304,8.38786e+07,16852667904
NVIDIA A100 80GB PCIe,rna004_130bps_hac@v5.2.0,2368,6.53232e+07,17312170496
NVIDIA A100 80GB PCIe,rna004_130bps_hac@v5.2.0,2432,6.71965e+07,17806813184
NVIDIA A100 80GB PCIe,rna004_130bps_hac@v5.2.0,2496,6.6508e+07,18259680256
NVIDIA A100 80GB PCIe,rna004_130bps_hac@v5.2.0,2560,6.81122e+07,18716881920
NVIDIA A100 80GB PCIe,rna004_130bps_hac@v5.2.0,2624,6.97792e+07,19194210304
NVIDIA A100 80GB PCIe,rna004_130bps_hac@v5.2.0,2688,7.15321e+07,19646561280
NVIDIA A100 80GB PCIe,rna004_130bps_hac@v5.2.0,2752,7.04615e+07,20121545728
NVIDIA A100 80GB PCIe,rna004_130bps_hac@v5.2.0,2816,7.20176e+07,20599528448
NVIDIA A100 80GB PCIe,rna004_130bps_hac@v5.2.0,2880,7.36229e+07,21130184704
NVIDIA A100 80GB PCIe,rna004_130bps_hac@v5.2.0,2944,6.67499e+07,21521138176
NVIDIA A100 80GB PCIe,rna004_130bps_hac@v5.2.0,3008,7.09952e+07,22063561216
NVIDIA A100 80GB PCIe,rna004_130bps_hac@v5.2.0,3072,6.94547e+07,22464636928
NVIDIA A100 80GB PCIe,rna004_130bps_hac@v5.2.0,3136,7.39282e+07,22936161280
NVIDIA A100 80GB PCIe,rna004_130bps_hac@v5.2.0,3200,6.91008e+07,23395564544
NVIDIA A100 80GB PCIe,rna004_130bps_hac@v5.2.0,3264,7.67305e+07,23875304448
NVIDIA A100 80GB PCIe,rna004_130bps_hac@v5.2.0,3328,7.49045e+07,24407640576
NVIDIA A100 80GB PCIe,rna004_130bps_hac@v5.2.0,3392,7.64069e+07,24876934144
NVIDIA A100 80GB PCIe,rna004_130bps_hac@v5.2.0,3456,7.10538e+07,25278019584
NVIDIA A100 80GB PCIe,rna004_130bps_hac@v5.2.0,3520,6.56961e+07,25739672064
NVIDIA A100 80GB PCIe,rna004_130bps_hac@v5.2.0,3584,7.71994e+07,26198064640
NVIDIA A100 80GB PCIe,rna004_130bps_hac@v5.2.0,3648,6.79931e+07,26666515968
NVIDIA A100 80GB PCIe,rna004_130bps_hac@v5.2.0,3712,7.6237e+07,27148385280
NVIDIA A100 80GB PCIe,rna004_130bps_hac@v5.2.0,3776,6.66991e+07,27698189824
NVIDIA A100 80GB PCIe,rna004_130bps_hac@v5.2.0,3840,7.88618e+07,28160954368
NVIDIA A100 80GB PCIe,rna004_130bps_hac@v5.2.0,3904,6.89547e+07,28537285120
NVIDIA A100 80GB PCIe,rna004_130bps_hac@v5.2.0,3968,7.77667e+07,29017551872
NVIDIA A100 80GB PCIe,rna004_130bps_hac@v5.2.0,4032,7.08148e+07,29495662080
NVIDIA A100 80GB PCIe,rna004_130bps_hac@v5.2.0,4096,8.35348e+07,30046628864
NVIDIA A100 80GB PCIe,rna004_130bps_hac@v5.2.0,4160,7.31314e+07,30405534720
NVIDIA A100 80GB PCIe,rna004_130bps_hac@v5.2.0,4224,8.24282e+07,31000744960
NVIDIA A100 80GB PCIe,rna004_130bps_hac@v5.2.0,4288,7.54007e+07,31347616768
NVIDIA A100 80GB PCIe,rna004_130bps_hac@v5.2.0,4352,8.47073e+07,31812137984
NVIDIA A100 80GB PCIe,rna004_130bps_hac@v5.2.0,4416,7.34814e+07,32280020480
NVIDIA A100 80GB PCIe,rna004_130bps_hac@v5.2.0,4480,8.30443e+07,32757795840
NVIDIA A100 80GB PCIe,rna004_130bps_hac@v5.2.0,4544,7.55433e+07,33327436288
NVIDIA A100 80GB PCIe,rna004_130bps_hac@v5.2.0,4608,8.53526e+07,33785362432
NVIDIA A100 80GB PCIe,rna004_130bps_hac@v5.2.0,4672,6.84582e+07,34148313600
NVIDIA A100 80GB PCIe,rna004_130bps_hac@v5.2.0,4736,6.92879e+07,34770172416
NVIDIA A100 80GB PCIe,rna004_130bps_hac@v5.2.0,4800,7.0294e+07,35192137216
NVIDIA A100 80GB PCIe,rna004_130bps_hac@v5.2.0,4864,6.6498e+07,35663509504
NVIDIA A100 80GB PCIe,rna004_130bps_hac@v5.2.0,4928,7.21167e+07,36016450560
NVIDIA A100 80GB PCIe,rna004_130bps_hac@v5.2.0,4992,6.79109e+07,36498258944
NVIDIA A100 80GB PCIe,rna004_130bps_hac@v5.2.0,5056,7.35442e+07,37095710208
NVIDIA A100 80GB PCIe,rna004_130bps_hac@v5.2.0,5120,6.97511e+07,37538948608
NVIDIA A100 80GB PCIe,rna004_130bps_hac@v5.2.0,5184,7.08394e+07,38002678784
NVIDIA A100 80GB PCIe,rna004_130bps_hac@v5.2.0,5248,7.16209e+07,38369980928
NVIDIA A100 80GB PCIe,rna004_130bps_hac@v5.2.0,5312,7.25704e+07,38824812032
NVIDIA A100 80GB PCIe,rna004_130bps_hac@v5.2.0,5376,7.3043e+07,39414827520
NVIDIA A100 80GB PCIe,rna004_130bps_hac@v5.2.0,5440,7.4244e+07,39755011072
NVIDIA A100 80GB PCIe,rna004_130bps_hac@v5.2.0,5504,7.49019e+07,40363470336
NVIDIA A100 80GB PCIe,rna004_130bps_hac@v5.2.0,5568,7.57136e+07,40828861440
NVIDIA A100 80GB PCIe,rna004_130bps_hac@v5.2.0,5632,7.64503e+07,41162076672
NVIDIA A100 80GB PCIe,rna004_130bps_hac@v5.2.0,5696,7.74649e+07,41758310912
NVIDIA A100 80GB PCIe,rna004_130bps_hac@v5.2.0,5760,7.79461e+07,42098348032
NVIDIA A100 80GB PCIe,rna004_130bps_hac@v5.2.0,5824,6.79749e+07,42698041856
NVIDIA A100 80GB PCIe,rna004_130bps_hac@v5.2.0,5888,7.42737e+07,43165312512
NVIDIA A100 80GB PCIe,rna004_130bps_hac@v5.2.0,5952,6.94314e+07,43497696768
NVIDIA A100 80GB PCIe,rna004_130bps_hac@v5.2.0,6016,7.6134e+07,44098027520
NVIDIA A100 80GB PCIe,rna004_130bps_hac@v5.2.0,6080,7.07659e+07,44439469056
NVIDIA A100 80GB PCIe,rna004_130bps_hac@v5.2.0,6144,7.71038e+07,45042056704
NVIDIA A100 80GB PCIe,rna004_130bps_hac@v5.2.0,6208,7.23818e+07,45506216448
NVIDIA A100 80GB PCIe,rna004_130bps_hac@v5.2.0,6272,7.91738e+07,45964983808
NVIDIA A100 80GB PCIe,rna004_130bps_hac@v5.2.0,6336,7.35629e+07,46451031040
NVIDIA A100 80GB PCIe,rna004_130bps_hac@v5.2.0,6400,8.05445e+07,46915978752
NVIDIA A100 80GB PCIe,rna004_130bps_hac@v5.2.0,6464,7.50996e+07,47377304064
NVIDIA A100 80GB PCIe,rna004_130bps_hac@v5.2.0,6528,8.20651e+07,47846486016
NVIDIA A100 80GB PCIe,rna004_130bps_hac@v5.2.0,6592,7.65975e+07,48327707136
NVIDIA A100 80GB PCIe,rna004_130bps_hac@v5.2.0,6656,8.33451e+07,48796437504
NVIDIA A100 80GB PCIe,rna004_130bps_hac@v5.2.0,6720,7.7769e+07,49132837888
NVIDIA A100 80GB PCIe,rna004_130bps_hac@v5.2.0,6784,8.52429e+07,49572076032
NVIDIA A100 80GB PCIe,rna004_130bps_hac@v5.2.0,6848,7.31411e+07,50211918848
NVIDIA A100 80GB PCIe,rna004_130bps_hac@v5.2.0,6912,8.62891e+07,50527441920
NVIDIA A100 80GB PCIe,rna004_130bps_hac@v5.2.0,6976,6.78821e+07,51142940672
NVIDIA A100 80GB PCIe,rna004_130bps_hac@v5.2.0,7040,6.82789e+07,51604915712
NVIDIA A100 80GB PCIe,rna004_130bps_hac@v5.2.0,7104,7.53873e+07,51924286464
NVIDIA A100 80GB PCIe,rna004_130bps_hac@v5.2.0,7168,6.92185e+07,52385476096
NVIDIA A100 80GB PCIe,rna004_130bps_hac@v5.2.0,7232,6.99381e+07,53006159360
NVIDIA A100 80GB PCIe,rna004_130bps_hac@v5.2.0,7296,7.04291e+07,53469970432
NVIDIA A100 80GB PCIe,rna004_130bps_hac@v5.2.0,7360,7.12236e+07,53968017920
NVIDIA A100 80GB PCIe,rna004_130bps_hac@v5.2.0,7424,7.16022e+07,54427046912
NVIDIA A100 80GB PCIe,rna004_130bps_hac@v5.2.0,7488,7.23802e+07,54890811904
NVIDIA A100 80GB PCIe,rna004_130bps_hac@v5.2.0,7552,7.31074e+07,55358593024
NVIDIA A100 80GB PCIe,rna004_130bps_hac@v5.2.0,7616,7.35931e+07,55830167040
NVIDIA A100 80GB PCIe,rna004_130bps_hac@v5.2.0,7680,7.16229e+07,56095389696
NVIDIA A100 80GB PCIe,rna004_130bps_hac@v5.2.0,7744,7.17697e+07,56575652864
NVIDIA A100 80GB PCIe,rna004_130bps_hac@v5.2.0,7808,7.20646e+07,57041233920
NVIDIA A100 80GB PCIe,rna004_130bps_hac@v5.2.0,7872,7.26242e+07,57519399936
NVIDIA A100 80GB PCIe,rna004_130bps_hac@v5.2.0,7936,7.31772e+07,57980786688
NVIDIA A100 80GB PCIe,rna004_130bps_hac@v5.2.0,8000,7.38943e+07,58446369792
NVIDIA A100 80GB PCIe,rna004_130bps_hac@v5.2.0,8064,7.40732e+07,58909853696
NVIDIA A100 80GB PCIe,rna004_130bps_hac@v5.2.0,8128,6.68028e+07,59388019712
NVIDIA A100 80GB PCIe,rna004_130bps_hac@v5.2.0,8192,7.26311e+07,59851503616
NVIDIA A100 80GB PCIe,rna004_130bps_hac@v5.2.0,8256,7.12459e+07,60317086720
NVIDIA A100 80GB PCIe,rna004_130bps_hac@v5.2.0,8320,7.50458e+07,60830264320
NVIDIA A100 80GB PCIe,rna004_130bps_hac@v5.2.0,8384,6.81052e+07,61254542336
NVIDIA A100 80GB PCIe,rna004_130bps_hac@v5.2.0,8448,7.51102e+07,61720123392
NVIDIA A100 80GB PCIe,rna004_130bps_hac@v5.2.0,8512,6.81355e+07,62245612032
NVIDIA A100 80GB PCIe,rna004_130bps_hac@v5.2.0,8576,7.55549e+07,62702300160
NVIDIA A100 80GB PCIe,rna004_130bps_hac@v5.2.0,8640,7.27534e+07,63150919168
NVIDIA A100 80GB PCIe,rna004_130bps_hac@v5.2.0,8704,7.53036e+07,63648689152
NVIDIA A100 80GB PCIe,rna004_130bps_hac@v5.2.0,8768,6.96206e+07,64056423424
NVIDIA A100 80GB PCIe,rna004_130bps_hac@v5.2.0,8832,7.48139e+07,64575834112
NVIDIA A100 80GB PCIe,rna004_130bps_hac@v5.2.0,8896,6.73301e+07,64981296128
NVIDIA A100 80GB PCIe,rna004_130bps_hac@v5.2.0,8960,7.53528e+07,65459460096
NVIDIA A100 80GB PCIe,rna004_130bps_hac@v5.2.0,9024,6.95582e+07,65925043200
NVIDIA A100 80GB PCIe,rna004_130bps_hac@v5.2.0,9088,7.61874e+07,66448516608
NVIDIA A100 80GB PCIe,rna004_130bps_hac@v5.2.0,9152,6.93579e+07,66912037376
NVIDIA A100 80GB PCIe,rna004_130bps_hac@v5.2.0,9216,8.04872e+07,67388597760
NVIDIA A100 80GB PCIe,rna004_130bps_hac@v5.2.0,9280,6.83231e+07,67853389312
NVIDIA A100 80GB PCIe,rna004_130bps_hac@v5.2.0,9344,6.86381e+07,68316859392
NVIDIA A100 80GB PCIe,rna004_130bps_hac@v5.2.0,9408,6.78582e+07,68775986176
NVIDIA A100 80GB PCIe,rna004_130bps_hac@v5.2.0,9472,6.80681e+07,69200893952
NVIDIA A100 80GB PCIe,rna004_130bps_hac@v5.2.0,9536,6.81866e+07,69726364160
NVIDIA A100 80GB PCIe,rna004_130bps_hac@v5.2.0,9600,6.92639e+07,70187493888
NVIDIA A100 80GB PCIe,rna004_130bps_hac@v5.2.0,9664,6.80492e+07,70655664128
NVIDIA A100 80GB PCIe,rna004_130bps_hac@v5.2.0,9728,7.35368e+07,71044347904
NVIDIA A100 80GB PCIe,rna004_130bps_hac@v5.2.0,9792,6.92361e+07,71532999680
NVIDIA A100 80GB PCIe,rna004_130bps_hac@v5.2.0,9856,6.98231e+07,71996483584
NVIDIA A100 80GB PCIe,rna004_130bps_hac@v5.2.0,9920,6.86973e+07,72459969536
NVIDIA A100 80GB PCIe,rna004_130bps_hac@v5.2.0,9984,7.4076e+07,72926685184
NVIDIA A100 80GB PCIe,rna004_130bps_hac@v5.2.0,10048,6.91317e+07,73378550784
NVIDIA A100 80GB PCIe,rna004_130bps_hac@v5.2.0,10112,7.49911e+07,73932438016
NVIDIA A100 80GB PCIe,rna004_130bps_hac@v5.2.0,10176,7.04569e+07,74577056768
NVIDIA A100 80GB PCIe,rna004_130bps_hac@v5.2.0,10240,7.23898e+07,74790927360
NVIDIA A100 80GB PCIe,rna004_130bps_sup@v5.1.0,32,6.1865e+06,2346658816
NVIDIA A100 80GB PCIe,rna004_130bps_sup@v5.1.0,64,8.48196e+06,3518345728
NVIDIA A100 80GB PCIe,rna004_130bps_sup@v5.1.0,96,9.54396e+06,4691736576
NVIDIA A100 80GB PCIe,rna004_130bps_sup@v5.1.0,128,9.89999e+06,5882691072
NVIDIA A100 80GB PCIe,rna004_130bps_sup@v5.1.0,160,1.06002e+07,7072301568
NVIDIA A100 80GB PCIe,rna004_130bps_sup@v5.1.0,192,1.09487e+07,8262305792
NVIDIA A100 80GB PCIe,rna004_130bps_sup@v5.1.0,224,1.07158e+07,9452081664
NVIDIA A100 80GB PCIe,rna004_130bps_sup@v5.1.0,256,1.08365e+07,10643887104
NVIDIA A100 80GB PCIe,rna004_130bps_sup@v5.1.0,288,1.11293e+07,11831958016
NVIDIA A100 80GB PCIe,rna004_130bps_sup@v5.1.0,320,1.11834e+07,13023895552
NVIDIA A100 80GB PCIe,rna004_130bps_sup@v5.1.0,352,1.10186e+07,14215998464
NVIDIA A100 80GB PCIe,rna004_130bps_sup@v5.1.0,384,1.12972e+07,15404954112
NVIDIA A100 80GB PCIe,rna004_130bps_sup@v5.1.0,416,1.14716e+07,16596988416
NVIDIA A100 80GB PCIe,rna004_130bps_sup@v5.1.0,448,1.15109e+07,17787650048
NVIDIA A100 80GB PCIe,rna004_130bps_sup@v5.1.0,480,1.14635e+07,18979454464
NVIDIA A100 80GB PCIe,rna004_130bps_sup@v5.1.0,512,1.13109e+07,20169427968
NVIDIA A100 80GB PCIe,rna004_130bps_sup@v5.1.0,544,1.10258e+07,21362280960
NVIDIA A100 80GB PCIe,rna004_130bps_sup@v5.1.0,576,1.16374e+07,22550024192
NVIDIA A100 80GB PCIe,rna004_130bps_sup@v5.1.0,608,1.1208e+07,23743242240
NVIDIA A100 80GB PCIe,rna004_130bps_sup@v5.1.0,640,1.17485e+07,24931542528
NVIDIA A100 80GB PCIe,rna004_130bps_sup@v5.1.0,672,1.11518e+07,26123313664
NVIDIA A100 80GB PCIe,rna004_130bps_sup@v5.2.0,32,6.24402e+06,2346658816
NVIDIA A100 80GB PCIe,rna004_130bps_sup@v5.2.0,64,8.48272e+06,3518345728
NVIDIA A100 80GB PCIe,rna004_130bps_sup@v5.2.0,96,9.54536e+06,4691736576
NVIDIA A100 80GB PCIe,rna004_130bps_sup@v5.2.0,128,1.01303e+07,5882691072
NVIDIA A100 80GB PCIe,rna004_130bps_sup@v5.2.0,160,1.0599e+07,7072301568
NVIDIA A100 80GB PCIe,rna004_130bps_sup@v5.2.0,192,1.09531e+07,8262305792
NVIDIA A100 80GB PCIe,rna004_130bps_sup@v5.2.0,224,1.07192e+07,9452081664
NVIDIA A100 80GB PCIe,rna004_130bps_sup@v5.2.0,256,1.08391e+07,10643887104
NVIDIA A100 80GB PCIe,rna004_130bps_sup@v5.2.0,288,1.11274e+07,11831958016
NVIDIA A100 80GB PCIe,rna004_130bps_sup@v5.2.0,320,1.11843e+07,13023895552
NVIDIA A100 80GB PCIe,rna004_130bps_sup@v5.2.0,352,1.10204e+07,14211804160
NVIDIA A100 80GB PCIe,rna004_130bps_sup@v5.2.0,384,1.12992e+07,15408493056
NVIDIA A100 80GB PCIe,rna004_130bps_sup@v5.2.0,416,1.1473e+07,16596988416
NVIDIA A100 80GB PCIe,rna004_130bps_sup@v5.2.0,448,1.15147e+07,17787650048
NVIDIA A100 80GB PCIe,rna004_130bps_sup@v5.2.0,480,1.14674e+07,18979454464
NVIDIA A100 80GB PCIe,rna004_130bps_sup@v5.2.0,512,1.13091e+07,20169427968
NVIDIA A100 80GB PCIe,rna004_130bps_sup@v5.2.0,544,1.10296e+07,21362280960
NVIDIA A100 80GB PCIe,rna004_130bps_sup@v5.2.0,576,1.16407e+07,22550024192
NVIDIA A100 80GB PCIe,rna004_130bps_sup@v5.2.0,608,1.1207e+07,23743242240
NVIDIA A100 80GB PCIe,rna004_130bps_sup@v5.2.0,640,1.17496e+07,24931542528
NVIDIA A100 80GB PCIe,rna004_130bps_sup@v5.2.0,672,1.11521e+07,26123313664
NVIDIA A100 80GB PCIe,rna004_130bps_fast@v5.3.0,64,1.79678e+07,1274210304
NVIDIA A100 80GB PCIe,rna004_130bps_fast@v5.3.0,128,3.41236e+07,1471454208
NVIDIA A100 80GB PCIe,rna004_130bps_fast@v5.3.0,192,4.98449e+07,1671036928
NVIDIA A100 80GB PCIe,rna004_130bps_fast@v5.3.0,256,6.38081e+07,1866808832
NVIDIA A100 80GB PCIe,rna004_130bps_fast@v5.3.0,320,7.78746e+07,2064678400
NVIDIA A100 80GB PCIe,rna004_130bps_fast@v5.3.0,384,9.02566e+07,2264468992
NVIDIA A100 80GB PCIe,rna004_130bps_fast@v5.3.0,448,8.92502e+07,2460867072
NVIDIA A100 80GB PCIe,rna004_130bps_fast@v5.3.0,512,9.93947e+07,2657724928
NVIDIA A100 80GB PCIe,rna004_130bps_fast@v5.3.0,576,1.08476e+08,2856155648
NVIDIA A100 80GB PCIe,rna004_130bps_fast@v5.3.0,640,1.18407e+08,3051927552
NVIDIA A100 80GB PCIe,rna004_130bps_fast@v5.3.0,704,1.25754e+08,3243972096
NVIDIA A100 80GB PCIe,rna004_130bps_fast@v5.3.0,768,1.32721e+08,3440754176
NVIDIA A100 80GB PCIe,rna004_130bps_fast@v5.3.0,832,1.40566e+08,3644545024
NVIDIA A100 80GB PCIe,rna004_130bps_fast@v5.3.0,896,1.31574e+08,3846209536
NVIDIA A100 80GB PCIe,rna004_130bps_fast@v5.3.0,960,1.38155e+08,4039980544
NVIDIA A100 80GB PCIe,rna004_130bps_fast@v5.3.0,1024,1.41188e+08,4238029312
NVIDIA A100 80GB PCIe,rna004_130bps_fast@v5.3.0,1088,1.45493e+08,4424035840
NVIDIA A100 80GB PCIe,rna004_130bps_fast@v5.3.0,1152,1.51806e+08,4632842240
NVIDIA A100 80GB PCIe,rna004_130bps_fast@v5.3.0,1216,1.56598e+08,4822159872
NVIDIA A100 80GB PCIe,rna004_130bps_fast@v5.3.0,1280,1.62192e+08,5013626368
NVIDIA A100 80GB PCIe,rna004_130bps_fast@v5.3.0,1344,1.53103e+08,5225873408
NVIDIA A100 80GB PCIe,rna004_130bps_fast@v5.3.0,1408,1.56176e+08,5406587904
NVIDIA A100 80GB PCIe,rna004_130bps_fast@v5.3.0,1472,1.60231e+08,5610149888
NVIDIA A100 80GB PCIe,rna004_130bps_fast@v5.3.0,1536,1.63939e+08,5801921024
NVIDIA A100 80GB PCIe,rna004_130bps_fast@v5.3.0,1600,1.67762e+08,6001726976
NVIDIA A100 80GB PCIe,rna004_130bps_fast@v5.3.0,1664,1.6965e+08,6184809472
NVIDIA A100 80GB PCIe,rna004_130bps_fast@v5.3.0,1728,1.75636e+08,6383306240
NVIDIA A100 80GB PCIe,rna004_130bps_fast@v5.3.0,1792,1.64934e+08,6580974080
NVIDIA A100 80GB PCIe,rna004_130bps_fast@v5.3.0,1856,1.67005e+08,6774858752
NVIDIA A100 80GB PCIe,rna004_130bps_fast@v5.3.0,1920,1.72216e+08,6971176960
NVIDIA A100 80GB PCIe,rna004_130bps_fast@v5.3.0,1984,1.73963e+08,7167653376
NVIDIA A100 80GB PCIe,rna004_130bps_fast@v5.3.0,2048,1.75681e+08,7364788736
NVIDIA A100 80GB PCIe,rna004_130bps_fast@v5.3.0,2112,1.80964e+08,7560132608
NVIDIA A100 80GB PCIe,rna004_130bps_fast@v5.3.0,2176,1.69717e+08,7756450816
NVIDIA A100 80GB PCIe,rna004_130bps_fast@v5.3.0,2240,1.7409e+08,7953714688
NVIDIA A100 80GB PCIe,rna004_130bps_fast@v5.3.0,2304,1.74596e+08,8149135872
NVIDIA A100 80GB PCIe,rna004_130bps_fast@v5.3.0,2368,1.74758e+08,8346350592
NVIDIA A100 80GB PCIe,rna004_130bps_fast@v5.3.0,2432,1.79447e+08,8543997952
NVIDIA A100 80GB PCIe,rna004_130bps_fast@v5.3.0,2496,1.79373e+08,8739036672
NVIDIA A100 80GB PCIe,rna004_130bps_fast@v5.3.0,2560,1.83756e+08,8934842880
NVIDIA A100 80GB PCIe,rna004_130bps_fast@v5.3.0,2624,1.73283e+08,9134843904
NVIDIA A100 80GB PCIe,rna004_130bps_fast@v5.3.0,2688,1.76896e+08,9328296960
NVIDIA A100 80GB PCIe,rna004_130bps_fast@v5.3.0,2752,1.75623e+08,9526986240
NVIDIA A100 80GB PCIe,rna004_130bps_fast@v5.3.0,2816,1.79688e+08,9718067712
NVIDIA A100 80GB PCIe,rna004_130bps_fast@v5.3.0,2880,1.84024e+08,9918068224
NVIDIA A100 80GB PCIe,rna004_130bps_fast@v5.3.0,2944,1.82142e+08,10114369536
NVIDIA A100 80GB PCIe,rna004_130bps_fast@v5.3.0,3008,1.85597e+08,10310243840
NVIDIA A100 80GB PCIe,rna004_130bps_fast@v5.3.0,3072,1.77634e+08,10508468736
NVIDIA A100 80GB PCIe,rna004_130bps_fast@v5.3.0,3136,1.75495e+08,10701409792
NVIDIA A100 80GB PCIe,rna004_130bps_fast@v5.3.0,3200,1.78835e+08,10897546240
NVIDIA A100 80GB PCIe,rna004_130bps_fast@v5.3.0,3264,1.82322e+08,11095962112
NVIDIA A100 80GB PCIe,rna004_130bps_fast@v5.3.0,3328,1.8579e+08,11292815872
NVIDIA A100 80GB PCIe,rna004_130bps_fast@v5.3.0,3392,1.82776e+08,11489951232
NVIDIA A100 80GB PCIe,rna004_130bps_fast@v5.3.0,3456,1.85896e+08,11683291136
NVIDIA A100 80GB PCIe,rna004_130bps_fast@v5.3.0,3520,1.69313e+08,11879138816
NVIDIA A100 80GB PCIe,rna004_130bps_fast@v5.3.0,3584,1.72126e+08,12080325120
NVIDIA A100 80GB PCIe,rna004_130bps_fast@v5.3.0,3648,1.74699e+08,12271937024
NVIDIA A100 80GB PCIe,rna004_130bps_fast@v5.3.0,3712,1.77784e+08,12473530880
NVIDIA A100 80GB PCIe,rna004_130bps_fast@v5.3.0,3776,1.73843e+08,12670666240
NVIDIA A100 80GB PCIe,rna004_130bps_fast@v5.3.0,3840,1.76506e+08,12861510144
NVIDIA A100 80GB PCIe,rna004_130bps_fast@v5.3.0,3904,1.72091e+08,13059356160
NVIDIA A100 80GB PCIe,rna004_130bps_fast@v5.3.0,3968,1.74669e+08,13255162368
NVIDIA A100 80GB PCIe,rna004_130bps_fast@v5.3.0,4032,1.77395e+08,13455013376
NVIDIA A100 80GB PCIe,rna004_130bps_fast@v5.3.0,4096,1.79979e+08,13650051584
NVIDIA A100 80GB PCIe,rna004_130bps_fast@v5.3.0,4160,1.75031e+08,13845089792
NVIDIA A100 80GB PCIe,rna004_130bps_fast@v5.3.0,4224,1.77219e+08,14042581504
NVIDIA A100 80GB PCIe,rna004_130bps_fast@v5.3.0,4288,1.80015e+08,14238387712
NVIDIA A100 80GB PCIe,rna004_130bps_fast@v5.3.0,4352,1.73959e+08,14434193920
NVIDIA A100 80GB PCIe,rna004_130bps_fast@v5.3.0,4416,1.76446e+08,14631534080
NVIDIA A100 80GB PCIe,rna004_130bps_fast@v5.3.0,4480,1.79244e+08,14828669440
NVIDIA A100 80GB PCIe,rna004_130bps_fast@v5.3.0,4544,1.81364e+08,15023709696
NVIDIA A100 80GB PCIe,rna004_130bps_fast@v5.3.0,4608,1.84022e+08,15217418752
NVIDIA A100 80GB PCIe,rna004_130bps_fast@v5.3.0,4672,1.78026e+08,15415322112
NVIDIA A100 80GB PCIe,rna004_130bps_fast@v5.3.0,4736,1.79807e+08,15617210880
NVIDIA A100 80GB PCIe,rna004_130bps_fast@v5.3.0,4800,1.82078e+08,15808054784
NVIDIA A100 80GB PCIe,rna004_130bps_fast@v5.3.0,4864,1.75153e+08,16007287296
NVIDIA A100 80GB PCIe,rna004_130bps_fast@v5.3.0,4928,1.77923e+08,16202325504
NVIDIA A100 80GB PCIe,rna004_130bps_fast@v5.3.0,4992,1.80293e+08,16403655168
NVIDIA A100 80GB PCIe,rna004_130bps_fast@v5.3.0,5056,1.81805e+08,16598693376
NVIDIA A100 80GB PCIe,rna004_130bps_fast@v5.3.0,5120,1.83624e+08,16789537280
NVIDIA A100 80GB PCIe,rna004_130bps_fast@v5.3.0,5184,1.86141e+08,16988769792
NVIDIA A100 80GB PCIe,rna004_130bps_fast@v5.3.0,5248,1.78035e+08,17190099456
NVIDIA A100 80GB PCIe,rna004_130bps_fast@v5.3.0,5312,1.79475e+08,17383040512
NVIDIA A100 80GB PCIe,rna004_130bps_fast@v5.3.0,5376,1.81704e+08,17580175872
NVIDIA A100 80GB PCIe,rna004_130bps_fast@v5.3.0,5440,1.83276e+08,17773116928
NVIDIA A100 80GB PCIe,rna004_130bps_fast@v5.3.0,5504,1.85732e+08,17970252288
NVIDIA A100 80GB PCIe,rna004_130bps_fast@v5.3.0,5568,1.77815e+08,18169484800
NVIDIA A100 80GB PCIe,rna004_130bps_fast@v5.3.0,5632,1.79126e+08,18364523008
NVIDIA A100 80GB PCIe,rna004_130bps_fast@v5.3.0,5696,1.81249e+08,18559561216
NVIDIA A100 80GB PCIe,rna004_130bps_fast@v5.3.0,5760,1.83277e+08,18754599424
NVIDIA A100 80GB PCIe,rna004_130bps_fast@v5.3.0,5824,1.74932e+08,18951734784
NVIDIA A100 80GB PCIe,rna004_130bps_fast@v5.3.0,5888,1.77085e+08,19150967296
NVIDIA A100 80GB PCIe,rna004_130bps_fast@v5.3.0,5952,1.78151e+08,19346005504
NVIDIA A100 80GB PCIe,rna004_130bps_fast@v5.3.0,6016,1.80473e+08,19543140864
NVIDIA A100 80GB PCIe,rna004_130bps_fast@v5.3.0,6080,1.8136e+08,19738179072
NVIDIA A100 80GB PCIe,rna004_130bps_fast@v5.3.0,6144,1.83223e+08,19935314432
NVIDIA A100 80GB PCIe,rna004_130bps_fast@v5.3.0,6208,1.74208e+08,20130352640
NVIDIA A100 80GB PCIe,rna004_130bps_fast@v5.3.0,6272,1.75635e+08,20325390848
NVIDIA A100 80GB PCIe,rna004_130bps_fast@v5.3.0,6336,1.7749e+08,20526720512
NVIDIA A100 80GB PCIe,rna004_130bps_fast@v5.3.0,6400,1.7876e+08,20721758720
NVIDIA A100 80GB PCIe,rna004_130bps_fast@v5.3.0,6464,1.81104e+08,20916796928
NVIDIA A100 80GB PCIe,rna004_130bps_fast@v5.3.0,6528,1.81529e+08,21111835136
NVIDIA A100 80GB PCIe,rna004_130bps_fast@v5.3.0,6592,1.83396e+08,21308970496
NVIDIA A100 80GB PCIe,rna004_130bps_fast@v5.3.0,6656,1.73097e+08,21508203008
NVIDIA A100 80GB PCIe,rna004_130bps_fast@v5.3.0,6720,1.75399e+08,21705338368
NVIDIA A100 80GB PCIe,rna004_130bps_fast@v5.3.0,6784,1.76199e+08,21898279424
NVIDIA A100 80GB PCIe,rna004_130bps_fast@v5.3.0,6848,1.77946e+08,22097511936
NVIDIA A100 80GB PCIe,rna004_130bps_fast@v5.3.0,6912,1.79804e+08,22288355840
NVIDIA A100 80GB PCIe,rna004_130bps_fast@v5.3.0,6976,1.80559e+08,22485491200
NVIDIA A100 80GB PCIe,rna004_130bps_fast@v5.3.0,7040,1.69835e+08,22686820864
NVIDIA A100 80GB PCIe,rna004_130bps_fast@v5.3.0,7104,1.70982e+08,22879761920
NVIDIA A100 80GB PCIe,rna004_130bps_fast@v5.3.0,7168,1.73059e+08,23078994432
NVIDIA A100 80GB PCIe,rna004_130bps_fast@v5.3.0,7232,1.74065e+08,23269838336
NVIDIA A100 80GB PCIe,rna004_130bps_fast@v5.3.0,7296,1.75341e+08,23466973696
NVIDIA A100 80GB PCIe,rna004_130bps_fast@v5.3.0,7360,1.76597e+08,23670400512
NVIDIA A100 80GB PCIe,rna004_130bps_fast@v5.3.0,7424,1.78004e+08,23863341568
NVIDIA A100 80GB PCIe,rna004_130bps_fast@v5.3.0,7488,1.79137e+08,24060476928
NVIDIA A100 80GB PCIe,rna004_130bps_fast@v5.3.0,7552,1.80359e+08,24257612288
NVIDIA A100 80GB PCIe,rna004_130bps_fast@v5.3.0,7616,1.82247e+08,24450553344
NVIDIA A100 80GB PCIe,rna004_130bps_fast@v5.3.0,7680,1.83706e+08,24647688704
NVIDIA A100 80GB PCIe,rna004_130bps_fast@v5.3.0,7744,1.71922e+08,24844824064
NVIDIA A100 80GB PCIe,rna004_130bps_fast@v5.3.0,7808,1.73209e+08,25039862272
NVIDIA A100 80GB PCIe,rna004_130bps_fast@v5.3.0,7872,1.74097e+08,25241191936
NVIDIA A100 80GB PCIe,rna004_130bps_fast@v5.3.0,7936,1.75204e+08,25432035840
NVIDIA A100 80GB PCIe,rna004_130bps_fast@v5.3.0,8000,1.76539e+08,25629171200
NVIDIA A100 80GB PCIe,rna004_130bps_fast@v5.3.0,8064,1.77939e+08,25826306560
NVIDIA A100 80GB PCIe,rna004_130bps_fast@v5.3.0,8128,1.78902e+08,26025539072
NVIDIA A100 80GB PCIe,rna004_130bps_fast@v5.3.0,8192,1.80918e+08,26220577280
NVIDIA A100 80GB PCIe,rna004_130bps_fast@v5.3.0,8256,1.81362e+08,26413518336
NVIDIA A100 80GB PCIe,rna004_130bps_fast@v5.3.0,8320,1.82348e+08,26577099264
NVIDIA A100 80GB PCIe,rna004_130bps_fast@v5.3.0,8384,1.69644e+08,26736485888
NVIDIA A100 80GB PCIe,rna004_130bps_fast@v5.3.0,8448,1.71109e+08,26906358272
NVIDIA A100 80GB PCIe,rna004_130bps_fast@v5.3.0,8512,1.71949e+08,27067842048
NVIDIA A100 80GB PCIe,rna004_130bps_fast@v5.3.0,8576,1.7295e+08,27229325824
NVIDIA A100 80GB PCIe,rna004_130bps_fast@v5.3.0,8640,1.74337e+08,27390809600
NVIDIA A100 80GB PCIe,rna004_130bps_fast@v5.3.0,8704,1.7579e+08,27556487680
NVIDIA A100 80GB PCIe,rna004_130bps_fast@v5.3.0,8768,1.7635e+08,27720068608
NVIDIA A100 80GB PCIe,rna004_130bps_fast@v5.3.0,8832,1.77837e+08,27881552384
NVIDIA A100 80GB PCIe,rna004_130bps_fast@v5.3.0,8896,1.78799e+08,28040939008
NVIDIA A100 80GB PCIe,rna004_130bps_fast@v5.3.0,8960,1.79991e+08,28206617088
NVIDIA A100 80GB PCIe,rna004_130bps_fast@v5.3.0,9024,1.80608e+08,28370198016
NVIDIA A100 80GB PCIe,rna004_130bps_fast@v5.3.0,9088,1.81035e+08,28533778944
NVIDIA A100 80GB PCIe,rna004_130bps_fast@v5.3.0,9152,1.67551e+08,28697359872
NVIDIA A100 80GB PCIe,rna004_130bps_fast@v5.3.0,9216,1.8142e+08,28856746496
NVIDIA A100 80GB PCIe,rna004_130bps_fast@v5.3.0,9280,1.81319e+08,29022424576
NVIDIA A100 80GB PCIe,rna004_130bps_fast@v5.3.0,9344,1.69864e+08,29183908352
NVIDIA A100 80GB PCIe,rna004_130bps_fast@v5.3.0,9408,1.83865e+08,29343294976
NVIDIA A100 80GB PCIe,rna004_130bps_fast@v5.3.0,9472,1.83775e+08,29513167360
NVIDIA A100 80GB PCIe,rna004_130bps_fast@v5.3.0,9536,1.67858e+08,29670456832
NVIDIA A100 80GB PCIe,rna004_130bps_fast@v5.3.0,9600,1.83227e+08,29834037760
NVIDIA A100 80GB PCIe,rna004_130bps_fast@v5.3.0,9664,1.83399e+08,29997618688
NVIDIA A100 80GB PCIe,rna004_130bps_fast@v5.3.0,9728,1.83291e+08,30159102464
NVIDIA A100 80GB PCIe,rna004_130bps_fast@v5.3.0,9792,1.85869e+08,30324780544
NVIDIA A100 80GB PCIe,rna004_130bps_fast@v5.3.0,9856,1.86132e+08,30486264320
NVIDIA A100 80GB PCIe,rna004_130bps_fast@v5.3.0,9920,1.86182e+08,30647748096
NVIDIA A100 80GB PCIe,rna004_130bps_fast@v5.3.0,9984,1.84572e+08,30815523328
NVIDIA A100 80GB PCIe,rna004_130bps_fast@v5.3.0,10048,1.82163e+08,30972812800
NVIDIA A100 80GB PCIe,rna004_130bps_fast@v5.3.0,10112,1.81795e+08,31134296576
NVIDIA A100 80GB PCIe,rna004_130bps_fast@v5.3.0,10176,1.84233e+08,31304168960
NVIDIA A100 80GB PCIe,rna004_130bps_fast@v5.3.0,10240,1.79153e+08,31463555584
NVIDIA A100 80GB PCIe,rna004_130bps_hac@v5.3.0,64,7.33909e+06,492656640
NVIDIA A100 80GB PCIe,rna004_130bps_hac@v5.3.0,128,1.45403e+07,963222528
NVIDIA A100 80GB PCIe,rna004_130bps_hac@v5.3.0,192,2.05489e+07,1433194496
NVIDIA A100 80GB PCIe,rna004_130bps_hac@v5.3.0,256,2.62291e+07,1904526848
NVIDIA A100 80GB PCIe,rna004_130bps_hac@v5.3.0,320,3.21334e+07,2373955584
NVIDIA A100 80GB PCIe,rna004_130bps_hac@v5.3.0,384,3.83214e+07,2847457280
NVIDIA A100 80GB PCIe,rna004_130bps_hac@v5.3.0,448,4.31111e+07,3316867072
NVIDIA A100 80GB PCIe,rna004_130bps_hac@v5.3.0,512,4.72089e+07,3787209216
NVIDIA A100 80GB PCIe,rna004_130bps_hac@v5.3.0,576,5.16645e+07,4257007104
NVIDIA A100 80GB PCIe,rna004_130bps_hac@v5.3.0,640,3.96626e+07,4728653824
NVIDIA A100 80GB PCIe,rna004_130bps_hac@v5.3.0,704,4.45989e+07,5195116032
NVIDIA A100 80GB PCIe,rna004_130bps_hac@v5.3.0,768,4.6358e+07,5668396032
NVIDIA A100 80GB PCIe,rna004_130bps_hac@v5.3.0,832,4.93902e+07,6120408064
NVIDIA A100 80GB PCIe,rna004_130bps_hac@v5.3.0,896,5.22668e+07,6612645376
NVIDIA A100 80GB PCIe,rna004_130bps_hac@v5.3.0,960,5.50125e+07,7055458304
NVIDIA A100 80GB PCIe,rna004_130bps_hac@v5.3.0,1024,5.85496e+07,7549108736
NVIDIA A100 80GB PCIe,rna004_130bps_hac@v5.3.0,1088,6.12265e+07,7999931392
NVIDIA A100 80GB PCIe,rna004_130bps_hac@v5.3.0,1152,6.19467e+07,8466306560
NVIDIA A100 80GB PCIe,rna004_130bps_hac@v5.3.0,1216,5.45413e+07,8936141312
NVIDIA A100 80GB PCIe,rna004_130bps_hac@v5.3.0,1280,5.67112e+07,9424455680
NVIDIA A100 80GB PCIe,rna004_130bps_hac@v5.3.0,1344,5.82268e+07,9878868992
NVIDIA A100 80GB PCIe,rna004_130bps_hac@v5.3.0,1408,5.81719e+07,10354548224
NVIDIA A100 80GB PCIe,rna004_130bps_hac@v5.3.0,1472,6.07985e+07,10838808576
NVIDIA A100 80GB PCIe,rna004_130bps_hac@v5.3.0,1536,6.46477e+07,11293644288
NVIDIA A100 80GB PCIe,rna004_130bps_hac@v5.3.0,1600,6.5974e+07,11757302272
NVIDIA A100 80GB PCIe,rna004_130bps_hac@v5.3.0,1664,6.53836e+07,12177610240
NVIDIA A100 80GB PCIe,rna004_130bps_hac@v5.3.0,1728,6.44752e+07,12656685056
NVIDIA A100 80GB PCIe,rna004_130bps_hac@v5.3.0,1792,7.20988e+07,13166032896
NVIDIA A100 80GB PCIe,rna004_130bps_hac@v5.3.0,1856,6.73122e+07,13632056832
NVIDIA A100 80GB PCIe,rna004_130bps_hac@v5.3.0,1920,7.52425e+07,14098189824
NVIDIA A100 80GB PCIe,rna004_130bps_hac@v5.3.0,1984,6.80326e+07,14532993536
NVIDIA A100 80GB PCIe,rna004_130bps_hac@v5.3.0,2048,7.77988e+07,15038792704
NVIDIA A100 80GB PCIe,rna004_130bps_hac@v5.3.0,2112,7.23802e+07,15507299840
NVIDIA A100 80GB PCIe,rna004_130bps_hac@v5.3.0,2176,8.07154e+07,15972578816
NVIDIA A100 80GB PCIe,rna004_130bps_hac@v5.3.0,2240,7.43659e+07,16449713152
NVIDIA A100 80GB PCIe,rna004_130bps_hac@v5.3.0,2304,8.31924e+07,16911477248
NVIDIA A100 80GB PCIe,rna004_130bps_hac@v5.3.0,2368,6.30575e+07,17380437504
NVIDIA A100 80GB PCIe,rna004_130bps_hac@v5.3.0,2432,6.63641e+07,17851293696
NVIDIA A100 80GB PCIe,rna004_130bps_hac@v5.3.0,2496,6.57502e+07,18263563776
NVIDIA A100 80GB PCIe,rna004_130bps_hac@v5.3.0,2560,6.72435e+07,18791258624
NVIDIA A100 80GB PCIe,rna004_130bps_hac@v5.3.0,2624,6.89645e+07,19260126208
NVIDIA A100 80GB PCIe,rna004_130bps_hac@v5.3.0,2688,6.81211e+07,19723704320
NVIDIA A100 80GB PCIe,rna004_130bps_hac@v5.3.0,2752,6.96161e+07,20200319488
NVIDIA A100 80GB PCIe,rna004_130bps_hac@v5.3.0,2816,7.08251e+07,20660386304
NVIDIA A100 80GB PCIe,rna004_130bps_hac@v5.3.0,2880,7.28009e+07,21136353792
NVIDIA A100 80GB PCIe,rna004_130bps_hac@v5.3.0,2944,6.58105e+07,21606256640
NVIDIA A100 80GB PCIe,rna004_130bps_hac@v5.3.0,3008,7.01226e+07,22071391232
NVIDIA A100 80GB PCIe,rna004_130bps_hac@v5.3.0,3072,6.78809e+07,22468227072
NVIDIA A100 80GB PCIe,rna004_130bps_hac@v5.3.0,3136,7.13407e+07,23004255744
NVIDIA A100 80GB PCIe,rna004_130bps_hac@v5.3.0,3200,6.8127e+07,23399285760
NVIDIA A100 80GB PCIe,rna004_130bps_hac@v5.3.0,3264,7.58178e+07,23946202624
NVIDIA A100 80GB PCIe,rna004_130bps_hac@v5.3.0,3328,7.32615e+07,24462663680
NVIDIA A100 80GB PCIe,rna004_130bps_hac@v5.3.0,3392,7.55058e+07,24864463360
NVIDIA A100 80GB PCIe,rna004_130bps_hac@v5.3.0,3456,7.02217e+07,25353744896
NVIDIA A100 80GB PCIe,rna004_130bps_hac@v5.3.0,3520,6.47662e+07,25818184192
NVIDIA A100 80GB PCIe,rna004_130bps_hac@v5.3.0,3584,7.57074e+07,26313176576
NVIDIA A100 80GB PCIe,rna004_130bps_hac@v5.3.0,3648,6.51604e+07,26756014592
NVIDIA A100 80GB PCIe,rna004_130bps_hac@v5.3.0,3712,7.16451e+07,27239084544
NVIDIA A100 80GB PCIe,rna004_130bps_hac@v5.3.0,3776,6.91605e+07,27706352640
NVIDIA A100 80GB PCIe,rna004_130bps_hac@v5.3.0,3840,7.76058e+07,28169278464
NVIDIA A100 80GB PCIe,rna004_130bps_hac@v5.3.0,3904,6.78514e+07,28637230080
NVIDIA A100 80GB PCIe,rna004_130bps_hac@v5.3.0,3968,7.64994e+07,29116478976
NVIDIA A100 80GB PCIe,rna004_130bps_hac@v5.3.0,4032,6.97821e+07,29583389184
NVIDIA A100 80GB PCIe,rna004_130bps_hac@v5.3.0,4096,7.88988e+07,30080457216
NVIDIA A100 80GB PCIe,rna004_130bps_hac@v5.3.0,4160,7.18397e+07,30506177024
NVIDIA A100 80GB PCIe,rna004_130bps_hac@v5.3.0,4224,7.69714e+07,30989789184
NVIDIA A100 80GB PCIe,rna004_130bps_hac@v5.3.0,4288,7.20706e+07,31451169792
NVIDIA A100 80GB PCIe,rna004_130bps_hac@v5.3.0,4352,8.18194e+07,31917191680
NVIDIA A100 80GB PCIe,rna004_130bps_hac@v5.3.0,4416,7.44536e+07,32387148800
NVIDIA A100 80GB PCIe,rna004_130bps_hac@v5.3.0,4480,7.92142e+07,32760896000
NVIDIA A100 80GB PCIe,rna004_130bps_hac@v5.3.0,4544,7.71599e+07,33369971200
NVIDIA A100 80GB PCIe,rna004_130bps_hac@v5.3.0,4608,8.56774e+07,33844507648
NVIDIA A100 80GB PCIe,rna004_130bps_hac@v5.3.0,4672,6.69907e+07,34260346368
NVIDIA A100 80GB PCIe,rna004_130bps_hac@v5.3.0,4736,6.18788e+07,34741283328
NVIDIA A100 80GB PCIe,rna004_130bps_hac@v5.3.0,4800,6.78039e+07,35200226304
NVIDIA A100 80GB PCIe,rna004_130bps_hac@v5.3.0,4864,6.49326e+07,35671590912
NVIDIA A100 80GB PCIe,rna004_130bps_hac@v5.3.0,4928,6.9989e+07,36134534656
NVIDIA A100 80GB PCIe,rna004_130bps_hac@v5.3.0,4992,6.67176e+07,36619826176
NVIDIA A100 80GB PCIe,rna004_130bps_hac@v5.3.0,5056,7.20042e+07,37128766464
NVIDIA A100 80GB PCIe,rna004_130bps_hac@v5.3.0,5120,6.68666e+07,37547221504
NVIDIA A100 80GB PCIe,rna004_130bps_hac@v5.3.0,5184,7.35459e+07,38025219584
NVIDIA A100 80GB PCIe,rna004_130bps_hac@v5.3.0,5248,6.84817e+07,38497021440
NVIDIA A100 80GB PCIe,rna004_130bps_hac@v5.3.0,5312,6.65933e+07,38958155264
NVIDIA A100 80GB PCIe,rna004_130bps_hac@v5.3.0,5376,7.13852e+07,39422837760
NVIDIA A100 80GB PCIe,rna004_130bps_hac@v5.3.0,5440,6.69337e+07,39895991808
NVIDIA A100 80GB PCIe,rna004_130bps_hac@v5.3.0,5504,7.30188e+07,40371162112
NVIDIA A100 80GB PCIe,rna004_130bps_hac@v5.3.0,5568,7.10172e+07,40836937216
NVIDIA A100 80GB PCIe,rna004_130bps_hac@v5.3.0,5632,7.43248e+07,41342001664
NVIDIA A100 80GB PCIe,rna004_130bps_hac@v5.3.0,5696,7.5627e+07,41766000640
NVIDIA A100 80GB PCIe,rna004_130bps_hac@v5.3.0,5760,6.72957e+07,42237191168
NVIDIA A100 80GB PCIe,rna004_130bps_hac@v5.3.0,5824,6.56238e+07,42705684480
NVIDIA A100 80GB PCIe,rna004_130bps_hac@v5.3.0,5888,7.14438e+07,43220690432
NVIDIA A100 80GB PCIe,rna004_130bps_hac@v5.3.0,5952,6.59229e+07,43639128064
NVIDIA A100 80GB PCIe,rna004_130bps_hac@v5.3.0,6016,7.15259e+07,44106684416
NVIDIA A100 80GB PCIe,rna004_130bps_hac@v5.3.0,6080,6.61986e+07,44584999936
NVIDIA A100 80GB PCIe,rna004_130bps_hac@v5.3.0,6144,7.24739e+07,45050077184
NVIDIA A100 80GB PCIe,rna004_130bps_hac@v5.3.0,6208,6.64493e+07,45513829888
NVIDIA A100 80GB PCIe,rna004_130bps_hac@v5.3.0,6272,7.20171e+07,45972962304
NVIDIA A100 80GB PCIe,rna004_130bps_hac@v5.3.0,6336,6.66893e+07,46459028480
NVIDIA A100 80GB PCIe,rna004_130bps_hac@v5.3.0,6400,7.23245e+07,46924400128
NVIDIA A100 80GB PCIe,rna004_130bps_hac@v5.3.0,6464,6.6899e+07,47385140736
NVIDIA A100 80GB PCIe,rna004_130bps_hac@v5.3.0,6528,7.25104e+07,47855511040
NVIDIA A100 80GB PCIe,rna004_130bps_hac@v5.3.0,6592,7.09756e+07,48386888704
NVIDIA A100 80GB PCIe,rna004_130bps_hac@v5.3.0,6656,7.47575e+07,48804471296
NVIDIA A100 80GB PCIe,rna004_130bps_hac@v5.3.0,6720,7.13434e+07,49269878784
NVIDIA A100 80GB PCIe,rna004_130bps_hac@v5.3.0,6784,7.69197e+07,49731317760
NVIDIA A100 80GB PCIe,rna004_130bps_hac@v5.3.0,6848,7.16899e+07,50052461056
NVIDIA A100 80GB PCIe,rna004_130bps_hac@v5.3.0,6912,7.72011e+07,50668995584
NVIDIA A100 80GB PCIe,rna004_130bps_hac@v5.3.0,6976,6.61386e+07,51138321408
NVIDIA A100 80GB PCIe,rna004_130bps_hac@v5.3.0,7040,6.60551e+07,51605895168
NVIDIA A100 80GB PCIe,rna004_130bps_hac@v5.3.0,7104,6.6286e+07,51923624448
NVIDIA A100 80GB PCIe,rna004_130bps_hac@v5.3.0,7168,6.62474e+07,52633535488
NVIDIA A100 80GB PCIe,rna004_130bps_hac@v5.3.0,7232,6.64439e+07,53013648384
NVIDIA A100 80GB PCIe,rna004_130bps_hac@v5.3.0,7296,6.64344e+07,53477530112
NVIDIA A100 80GB PCIe,rna004_130bps_hac@v5.3.0,7360,6.68155e+07,53976064000
NVIDIA A100 80GB PCIe,rna004_130bps_hac@v5.3.0,7424,6.66329e+07,54435041792
NVIDIA A100 80GB PCIe,rna004_130bps_hac@v5.3.0,7488,6.68947e+07,54724252160
NVIDIA A100 80GB PCIe,rna004_130bps_hac@v5.3.0,7552,6.69453e+07,55189807104
NVIDIA A100 80GB PCIe,rna004_130bps_hac@v5.3.0,7616,6.67849e+07,55922121728
NVIDIA A100 80GB PCIe,rna004_130bps_hac@v5.3.0,7680,7.12512e+07,56304005632
NVIDIA A100 80GB PCIe,rna004_130bps_hac@v5.3.0,7744,7.13434e+07,56763106304
NVIDIA A100 80GB PCIe,rna004_130bps_hac@v5.3.0,7808,6.94465e+07,57232950272
NVIDIA A100 80GB PCIe,rna004_130bps_hac@v5.3.0,7872,6.95797e+07,57527110656
NVIDIA A100 80GB PCIe,rna004_130bps_hac@v5.3.0,7936,7.00236e+07,57964070912
NVIDIA A100 80GB PCIe,rna004_130bps_hac@v5.3.0,8000,6.97463e+07,58454041088
NVIDIA A100 80GB PCIe,rna004_130bps_hac@v5.3.0,8064,6.96024e+07,58902299136
NVIDIA A100 80GB PCIe,rna004_130bps_hac@v5.3.0,8128,6.81685e+07,59388676608
NVIDIA A100 80GB PCIe,rna004_130bps_hac@v5.3.0,8192,7.40574e+07,59834789376
NVIDIA A100 80GB PCIe,rna004_130bps_hac@v5.3.0,8256,6.85468e+07,60519032832
NVIDIA A100 80GB PCIe,rna004_130bps_hac@v5.3.0,8320,7.50305e+07,60769939456
NVIDIA A100 80GB PCIe,rna004_130bps_hac@v5.3.0,8384,6.84473e+07,61261447680
NVIDIA A100 80GB PCIe,rna004_130bps_hac@v5.3.0,8448,7.49978e+07,61771246080
NVIDIA A100 80GB PCIe,rna004_130bps_hac@v5.3.0,8512,6.86763e+07,62334265344
NVIDIA A100 80GB PCIe,rna004_130bps_hac@v5.3.0,8576,7.41733e+07,62955880448
NVIDIA A100 80GB PCIe,rna004_130bps_hac@v5.3.0,8640,6.81156e+07,63168305664
NVIDIA A100 80GB PCIe,rna004_130bps_hac@v5.3.0,8704,7.55313e+07,63572030976
NVIDIA A100 80GB PCIe,rna004_130bps_hac@v5.3.0,8768,6.71368e+07,64369435648
NVIDIA A100 80GB PCIe,rna004_130bps_hac@v5.3.0,8832,7.55642e+07,64563435008
NVIDIA A100 80GB PCIe,rna004_130bps_hac@v5.3.0,8896,6.71991e+07,65030446080
NVIDIA A100 80GB PCIe,rna004_130bps_hac@v5.3.0,8960,7.57401e+07,65506148352
NVIDIA A100 80GB PCIe,rna004_130bps_hac@v5.3.0,9024,7.35773e+07,66013470720
NVIDIA A100 80GB PCIe,rna004_130bps_hac@v5.3.0,9088,7.60274e+07,66435265024
NVIDIA A100 80GB PCIe,rna004_130bps_hac@v5.3.0,9152,7.36786e+07,66971951616
NVIDIA A100 80GB PCIe,rna004_130bps_hac@v5.3.0,9216,7.62926e+07,67372801536
NVIDIA A100 80GB PCIe,rna004_130bps_hac@v5.3.0,9280,6.61053e+07,67964883456
NVIDIA A100 80GB PCIe,rna004_130bps_hac@v5.3.0,9344,6.71903e+07,68240438272
NVIDIA A100 80GB PCIe,rna004_130bps_hac@v5.3.0,9408,6.66896e+07,69048254464
NVIDIA A100 80GB PCIe,rna004_130bps_hac@v5.3.0,9472,6.71514e+07,69250001408
NVIDIA A100 80GB PCIe,rna004_130bps_hac@v5.3.0,9536,6.64784e+07,70006834176
NVIDIA A100 80GB PCIe,rna004_130bps_hac@v5.3.0,9600,6.74753e+07,70181006336
NVIDIA A100 80GB PCIe,rna004_130bps_hac@v5.3.0,9664,6.6593e+07,70639532032
NVIDIA A100 80GB PCIe,rna004_130bps_hac@v5.3.0,9728,6.78716e+07,71133257728
NVIDIA A100 80GB PCIe,rna004_130bps_hac@v5.3.0,9792,6.72378e+07,71881937920
NVIDIA A100 80GB PCIe,rna004_130bps_hac@v5.3.0,9856,7.26508e+07,72202485248
NVIDIA A100 80GB PCIe,rna004_130bps_hac@v5.3.0,9920,6.61365e+07,72642897408
NVIDIA A100 80GB PCIe,rna004_130bps_hac@v5.3.0,9984,7.29026e+07,73161039872
NVIDIA A100 80GB PCIe,rna004_130bps_hac@v5.3.0,10048,7.24983e+07,73388772864
NVIDIA A100 80GB PCIe,rna004_130bps_hac@v5.3.0,10112,7.30918e+07,74058589696
NVIDIA A100 80GB PCIe,rna004_130bps_hac@v5.3.0,10176,7.29186e+07,74383918080
NVIDIA A100 80GB PCIe,rna004_130bps_hac@v5.3.0,10240,7.25316e+07,74858041856
NVIDIA A100 80GB PCIe,rna004_130bps_sup@v5.3.0,32,6.39335e+06,2346658816
NVIDIA A100 80GB PCIe,rna004_130bps_sup@v5.3.0,64,8.56142e+06,3520705024
NVIDIA A100 80GB PCIe,rna004_130bps_sup@v5.3.0,96,9.75332e+06,4696160256
NVIDIA A100 80GB PCIe,rna004_130bps_sup@v5.3.0,128,9.85752e+06,5888850944
NVIDIA A100 80GB PCIe,rna004_130bps_sup@v5.3.0,160,1.07004e+07,7079674368
NVIDIA A100 80GB PCIe,rna004_130bps_sup@v5.3.0,192,1.07361e+07,8271153152
NVIDIA A100 80GB PCIe,rna004_130bps_sup@v5.3.0,224,1.06751e+07,9462403584
NVIDIA A100 80GB PCIe,rna004_130bps_sup@v5.3.0,256,1.07918e+07,10656338944
NVIDIA A100 80GB PCIe,rna004_130bps_sup@v5.3.0,288,1.10791e+07,11845229056
NVIDIA A100 80GB PCIe,rna004_130bps_sup@v5.3.0,320,1.1148e+07,13038641152
NVIDIA A100 80GB PCIe,rna004_130bps_sup@v5.3.0,352,1.06659e+07,14228974592
NVIDIA A100 80GB PCIe,rna004_130bps_sup@v5.3.0,384,1.15882e+07,15422648832
NVIDIA A100 80GB PCIe,rna004_130bps_sup@v5.3.0,416,1.14316e+07,16612323840
NVIDIA A100 80GB PCIe,rna004_130bps_sup@v5.3.0,448,1.14756e+07,17804165120
NVIDIA A100 80GB PCIe,rna004_130bps_sup@v5.3.0,480,1.10194e+07,18997149184
NVIDIA A100 80GB PCIe,rna004_130bps_sup@v5.3.0,512,1.1427e+07,20188302336
NVIDIA A100 80GB PCIe,rna004_130bps_sup@v5.3.0,544,1.10485e+07,21382334976
NVIDIA A100 80GB PCIe,rna004_130bps_sup@v5.3.0,576,1.13622e+07,22571257856
NVIDIA A100 80GB PCIe,rna004_130bps_sup@v5.3.0,608,1.09411e+07,23765655552
NVIDIA A100 80GB PCIe,rna004_130bps_sup@v5.3.0,640,1.12409e+07,24956708352
NVIDIA A100 80GB PCIe,rna004_130bps_sup@v5.3.0,672,1.03159e+07,26148154880
NVIDIA A100 80GB PCIe,rna004_fast@v6.0.0,64,2.18574e+07,1241721344
NVIDIA A100 80GB PCIe,rna004_fast@v6.0.0,128,4.11384e+07,1408109568
NVIDIA A100 80GB PCIe,rna004_fast@v6.0.0,192,6.0164e+07,1572402176
NVIDIA A100 80GB PCIe,rna004_fast@v6.0.0,256,7.62466e+07,1738789376
NVIDIA A100 80GB PCIe,rna004_fast@v6.0.0,320,8.76916e+07,1903081984
NVIDIA A100 80GB PCIe,rna004_fast@v6.0.0,384,1.07847e+08,2069470208
NVIDIA A100 80GB PCIe,rna004_fast@v6.0.0,448,1.0613e+08,2234510848
NVIDIA A100 80GB PCIe,rna004_fast@v6.0.0,512,1.19121e+08,2400150016
NVIDIA A100 80GB PCIe,rna004_fast@v6.0.0,576,1.30064e+08,2563003392
NVIDIA A100 80GB PCIe,rna004_fast@v6.0.0,640,1.42116e+08,2729231360
NVIDIA A100 80GB PCIe,rna004_fast@v6.0.0,704,1.49598e+08,2889297408
NVIDIA A100 80GB PCIe,rna004_fast@v6.0.0,768,1.5844e+08,3061510656
NVIDIA A100 80GB PCIe,rna004_fast@v6.0.0,832,1.68339e+08,3217774080
NVIDIA A100 80GB PCIe,rna004_fast@v6.0.0,896,1.56321e+08,3392687104
NVIDIA A100 80GB PCIe,rna004_fast@v6.0.0,960,1.63707e+08,3548984832
NVIDIA A100 80GB PCIe,rna004_fast@v6.0.0,1024,1.69232e+08,3711567360
NVIDIA A100 80GB PCIe,rna004_fast@v6.0.0,1088,1.75779e+08,3875666432
NVIDIA A100 80GB PCIe,rna004_fast@v6.0.0,1152,1.81426e+08,4049461760
NVIDIA A100 80GB PCIe,rna004_fast@v6.0.0,1216,1.86292e+08,4217372160
NVIDIA A100 80GB PCIe,rna004_fast@v6.0.0,1280,1.9102e+08,4379643904
NVIDIA A100 80GB PCIe,rna004_fast@v6.0.0,1344,1.81938e+08,4545953280
NVIDIA A100 80GB PCIe,rna004_fast@v6.0.0,1408,1.54684e+08,4684666880
NVIDIA A100 80GB PCIe,rna004_fast@v6.0.0,1472,1.91627e+08,4853834752
NVIDIA A100 80GB PCIe,rna004_fast@v6.0.0,1536,1.93907e+08,5025802240
NVIDIA A100 80GB PCIe,rna004_fast@v6.0.0,1600,2.00221e+08,5181031936
NVIDIA A100 80GB PCIe,rna004_fast@v6.0.0,1664,2.01763e+08,5341485056
NVIDIA A100 80GB PCIe,rna004_fast@v6.0.0,1728,2.061e+08,5509042176
NVIDIA A100 80GB PCIe,rna004_fast@v6.0.0,1792,1.96021e+08,5672942592
NVIDIA A100 80GB PCIe,rna004_fast@v6.0.0,1856,1.99776e+08,5835634176
NVIDIA A100 80GB PCIe,rna004_fast@v6.0.0,1920,2.02027e+08,6002171904
NVIDIA A100 80GB PCIe,rna004_fast@v6.0.0,1984,2.05122e+08,6162625536
NVIDIA A100 80GB PCIe,rna004_fast@v6.0.0,2048,2.1186e+08,6330892800
NVIDIA A100 80GB PCIe,rna004_fast@v6.0.0,2112,2.13941e+08,6494614016
NVIDIA A100 80GB PCIe,rna004_fast@v6.0.0,2176,2.0318e+08,6656737792
NVIDIA A100 80GB PCIe,rna004_fast@v6.0.0,2240,2.04877e+08,6821215232
NVIDIA A100 80GB PCIe,rna004_fast@v6.0.0,2304,2.06328e+08,6981667328
NVIDIA A100 80GB PCIe,rna004_fast@v6.0.0,2368,2.11634e+08,7148797440
NVIDIA A100 80GB PCIe,rna004_fast@v6.0.0,2432,2.12905e+08,7314475520
NVIDIA A100 80GB PCIe,rna004_fast@v6.0.0,2496,2.13176e+08,7473862144
NVIDIA A100 80GB PCIe,rna004_fast@v6.0.0,2560,2.18406e+08,7640257024
NVIDIA A100 80GB PCIe,rna004_fast@v6.0.0,2624,2.08441e+08,7804904960
NVIDIA A100 80GB PCIe,rna004_fast@v6.0.0,2688,2.08218e+08,7968406016
NVIDIA A100 80GB PCIe,rna004_fast@v6.0.0,2752,2.13166e+08,8136574464
NVIDIA A100 80GB PCIe,rna004_fast@v6.0.0,2816,2.12529e+08,8295961088
NVIDIA A100 80GB PCIe,rna004_fast@v6.0.0,2880,2.16976e+08,8461968896
NVIDIA A100 80GB PCIe,rna004_fast@v6.0.0,2944,2.15943e+08,8626044928
NVIDIA A100 80GB PCIe,rna004_fast@v6.0.0,3008,2.10745e+08,8789509632
NVIDIA A100 80GB PCIe,rna004_fast@v6.0.0,3072,2.07439e+08,8953729536
NVIDIA A100 80GB PCIe,rna004_fast@v6.0.0,3136,2.12037e+08,9115853312
NVIDIA A100 80GB PCIe,rna004_fast@v6.0.0,3200,2.15569e+08,9282007040
NVIDIA A100 80GB PCIe,rna004_fast@v6.0.0,3264,2.13562e+08,9448112128
NVIDIA A100 80GB PCIe,rna004_fast@v6.0.0,3328,2.05769e+08,9608802816
NVIDIA A100 80GB PCIe,rna004_fast@v6.0.0,3392,2.15661e+08,9772736000
NVIDIA A100 80GB PCIe,rna004_fast@v6.0.0,3456,2.19417e+08,9932762624
NVIDIA A100 80GB PCIe,rna004_fast@v6.0.0,3520,2.02622e+08,10099483648
NVIDIA A100 80GB PCIe,rna004_fast@v6.0.0,3584,2.07128e+08,10266053120
NVIDIA A100 80GB PCIe,rna004_fast@v6.0.0,3648,2.09832e+08,10428804608
NVIDIA A100 80GB PCIe,rna004_fast@v6.0.0,3712,2.05957e+08,10594482688
NVIDIA A100 80GB PCIe,rna004_fast@v6.0.0,3776,2.09823e+08,10753882112
NVIDIA A100 80GB PCIe,rna004_fast@v6.0.0,3840,2.13208e+08,10920622592
NVIDIA A100 80GB PCIe,rna004_fast@v6.0.0,3904,2.09068e+08,11085270528
NVIDIA A100 80GB PCIe,rna004_fast@v6.0.0,3968,2.04945e+08,11248625152
NVIDIA A100 80GB PCIe,rna004_fast@v6.0.0,4032,2.08135e+08,11414484480
NVIDIA A100 80GB PCIe,rna004_fast@v6.0.0,4096,1.96795e+08,11580211712
NVIDIA A100 80GB PCIe,rna004_fast@v6.0.0,4160,1.91308e+08,11740025344
NVIDIA A100 80GB PCIe,rna004_fast@v6.0.0,4224,2.01518e+08,11906410496
NVIDIA A100 80GB PCIe,rna004_fast@v6.0.0,4288,2.12434e+08,12067631616
NVIDIA A100 80GB PCIe,rna004_fast@v6.0.0,4352,2.07874e+08,12233948672
NVIDIA A100 80GB PCIe,rna004_fast@v6.0.0,4416,2.06004e+08,12402261504
NVIDIA A100 80GB PCIe,rna004_fast@v6.0.0,4480,2.13255e+08,12563745280
NVIDIA A100 80GB PCIe,rna004_fast@v6.0.0,4544,2.1591e+08,12725229056
NVIDIA A100 80GB PCIe,rna004_fast@v6.0.0,4608,2.10779e+08,12886712832
NVIDIA A100 80GB PCIe,rna004_fast@v6.0.0,4672,2.1303e+08,13052955136
NVIDIA A100 80GB PCIe,rna004_fast@v6.0.0,4736,2.09011e+08,13219273216
NVIDIA A100 80GB PCIe,rna004_fast@v6.0.0,4800,2.09321e+08,13381396992
NVIDIA A100 80GB PCIe,rna004_fast@v6.0.0,4864,2.12408e+08,13547328000
NVIDIA A100 80GB PCIe,rna004_fast@v6.0.0,4928,2.15094e+08,13708811776
NVIDIA A100 80GB PCIe,rna004_fast@v6.0.0,4992,2.1741e+08,13872392704
NVIDIA A100 80GB PCIe,rna004_fast@v6.0.0,5056,2.19946e+08,14040376832
NVIDIA A100 80GB PCIe,rna004_fast@v6.0.0,5120,2.1447e+08,14200402432
NVIDIA A100 80GB PCIe,rna004_fast@v6.0.0,5184,2.08341e+08,14366720512
NVIDIA A100 80GB PCIe,rna004_fast@v6.0.0,5248,2.07444e+08,14533007872
NVIDIA A100 80GB PCIe,rna004_fast@v6.0.0,5312,2.09805e+08,14694491648
NVIDIA A100 80GB PCIe,rna004_fast@v6.0.0,5376,2.12174e+08,14860169728
NVIDIA A100 80GB PCIe,rna004_fast@v6.0.0,5440,2.14596e+08,15021653504
NVIDIA A100 80GB PCIe,rna004_fast@v6.0.0,5504,2.06725e+08,15187824128
NVIDIA A100 80GB PCIe,rna004_fast@v6.0.0,5568,2.09244e+08,15352045056
NVIDIA A100 80GB PCIe,rna004_fast@v6.0.0,5632,2.01104e+08,15514167808
NVIDIA A100 80GB PCIe,rna004_fast@v6.0.0,5696,2.132e+08,15680171520
NVIDIA A100 80GB PCIe,rna004_fast@v6.0.0,5760,2.15353e+08,15841655296
NVIDIA A100 80GB PCIe,rna004_fast@v6.0.0,5824,2.18199e+08,16005236224
NVIDIA A100 80GB PCIe,rna004_fast@v6.0.0,5888,2.09091e+08,16175108608
NVIDIA A100 80GB PCIe,rna004_fast@v6.0.0,5952,2.11636e+08,16334495232
NVIDIA A100 80GB PCIe,rna004_fast@v6.0.0,6016,2.13889e+08,16502270464
NVIDIA A100 80GB PCIe,rna004_fast@v6.0.0,6080,2.15282e+08,16661657088
NVIDIA A100 80GB PCIe,rna004_fast@v6.0.0,6144,2.07002e+08,16827335168
NVIDIA A100 80GB PCIe,rna004_fast@v6.0.0,6208,2.08483e+08,16990916096
NVIDIA A100 80GB PCIe,rna004_fast@v6.0.0,6272,2.11181e+08,17152399872
NVIDIA A100 80GB PCIe,rna004_fast@v6.0.0,6336,2.11878e+08,17322272256
NVIDIA A100 80GB PCIe,rna004_fast@v6.0.0,6400,2.14396e+08,17487950336
NVIDIA A100 80GB PCIe,rna004_fast@v6.0.0,6464,2.16271e+08,17649434112
NVIDIA A100 80GB PCIe,rna004_fast@v6.0.0,6528,2.06825e+08,17813015040
NVIDIA A100 80GB PCIe,rna004_fast@v6.0.0,6592,2.08442e+08,17974498816
NVIDIA A100 80GB PCIe,rna004_fast@v6.0.0,6656,2.1066e+08,18140176896
NVIDIA A100 80GB PCIe,rna004_fast@v6.0.0,6720,2.12499e+08,18310049280
NVIDIA A100 80GB PCIe,rna004_fast@v6.0.0,6784,2.13524e+08,18467338752
NVIDIA A100 80GB PCIe,rna004_fast@v6.0.0,6848,2.0544e+08,18633016832
NVIDIA A100 80GB PCIe,rna004_fast@v6.0.0,6912,2.09082e+08,18792403456
NVIDIA A100 80GB PCIe,rna004_fast@v6.0.0,6976,2.06336e+08,18960178688
NVIDIA A100 80GB PCIe,rna004_fast@v6.0.0,7040,2.08861e+08,19123759616
NVIDIA A100 80GB PCIe,rna004_fast@v6.0.0,7104,2.10619e+08,19285243392
NVIDIA A100 80GB PCIe,rna004_fast@v6.0.0,7168,2.11977e+08,19453018624
NVIDIA A100 80GB PCIe,rna004_fast@v6.0.0,7232,2.13841e+08,19614502400
NVIDIA A100 80GB PCIe,rna004_fast@v6.0.0,7296,2.12313e+08,19782277632
NVIDIA A100 80GB PCIe,rna004_fast@v6.0.0,7360,2.088e+08,19945858560
NVIDIA A100 80GB PCIe,rna004_fast@v6.0.0,7424,2.05615e+08,20107342336
NVIDIA A100 80GB PCIe,rna004_fast@v6.0.0,7488,2.07341e+08,20270923264
NVIDIA A100 80GB PCIe,rna004_fast@v6.0.0,7552,2.08932e+08,20434504192
NVIDIA A100 80GB PCIe,rna004_fast@v6.0.0,7616,2.03465e+08,20602279424
NVIDIA A100 80GB PCIe,rna004_fast@v6.0.0,7680,2.11775e+08,20767957504
NVIDIA A100 80GB PCIe,rna004_fast@v6.0.0,7744,2.13741e+08,20927344128
NVIDIA A100 80GB PCIe,rna004_fast@v6.0.0,7808,2.14852e+08,21093022208
NVIDIA A100 80GB PCIe,rna004_fast@v6.0.0,7872,2.156e+08,21258700288
NVIDIA A100 80GB PCIe,rna004_fast@v6.0.0,7936,2.04824e+08,21418086912
NVIDIA A100 80GB PCIe,rna004_fast@v6.0.0,8000,2.06167e+08,21585862144
NVIDIA A100 80GB PCIe,rna004_fast@v6.0.0,8064,2.07186e+08,21747345920
NVIDIA A100 80GB PCIe,rna004_fast@v6.0.0,8128,2.09202e+08,21910926848
NVIDIA A100 80GB PCIe,rna004_fast@v6.0.0,8192,2.10288e+08,22078702080
NVIDIA A100 80GB PCIe,rna004_fast@v6.0.0,8256,2.10919e+08,22240185856
NVIDIA A100 80GB PCIe,rna004_fast@v6.0.0,8320,2.13506e+08,22370212352
NVIDIA A100 80GB PCIe,rna004_fast@v6.0.0,8384,2.14781e+08,22498141696
NVIDIA A100 80GB PCIe,rna004_fast@v6.0.0,8448,2.16303e+08,22632362496
NVIDIA A100 80GB PCIe,rna004_fast@v6.0.0,8512,2.1796e+08,22766583296
NVIDIA A100 80GB PCIe,rna004_fast@v6.0.0,8576,2.04595e+08,22892415488
NVIDIA A100 80GB PCIe,rna004_fast@v6.0.0,8640,2.05508e+08,23024539136
NVIDIA A100 80GB PCIe,rna004_fast@v6.0.0,8704,2.11561e+08,23150371328
NVIDIA A100 80GB PCIe,rna004_fast@v6.0.0,8768,2.08254e+08,23282494976
NVIDIA A100 80GB PCIe,rna004_fast@v6.0.0,8832,2.09296e+08,23418812928
NVIDIA A100 80GB PCIe,rna004_fast@v6.0.0,8896,2.09127e+08,23546742272
NVIDIA A100 80GB PCIe,rna004_fast@v6.0.0,8960,2.11847e+08,23676768768
NVIDIA A100 80GB PCIe,rna004_fast@v6.0.0,9024,2.14013e+08,23808892416
NVIDIA A100 80GB PCIe,rna004_fast@v6.0.0,9088,2.13517e+08,23932627456
NVIDIA A100 80GB PCIe,rna004_fast@v6.0.0,9152,2.01032e+08,24066848256
NVIDIA A100 80GB PCIe,rna004_fast@v6.0.0,9216,2.0192e+08,24194777600
NVIDIA A100 80GB PCIe,rna004_fast@v6.0.0,9280,2.03349e+08,24328998400
NVIDIA A100 80GB PCIe,rna004_fast@v6.0.0,9344,2.02479e+08,24461122048
NVIDIA A100 80GB PCIe,rna004_fast@v6.0.0,9408,2.07036e+08,24586954240
NVIDIA A100 80GB PCIe,rna004_fast@v6.0.0,9472,2.07678e+08,24721175040
NVIDIA A100 80GB PCIe,rna004_fast@v6.0.0,9536,2.0825e+08,24847007232
NVIDIA A100 80GB PCIe,rna004_fast@v6.0.0,9600,2.09183e+08,24979130880
NVIDIA A100 80GB PCIe,rna004_fast@v6.0.0,9664,2.1039e+08,25113351680
NVIDIA A100 80GB PCIe,rna004_fast@v6.0.0,9728,2.11447e+08,25241281024
NVIDIA A100 80GB PCIe,rna004_fast@v6.0.0,9792,2.12723e+08,25373404672
NVIDIA A100 80GB PCIe,rna004_fast@v6.0.0,9856,2.14529e+08,25501334016
NVIDIA A100 80GB PCIe,rna004_fast@v6.0.0,9920,2.12036e+08,25631360512
NVIDIA A100 80GB PCIe,rna004_fast@v6.0.0,9984,2.0064e+08,25763484160
NVIDIA A100 80GB PCIe,rna004_fast@v6.0.0,10048,2.00944e+08,25891413504
NVIDIA A100 80GB PCIe,rna004_fast@v6.0.0,10112,2.11021e+08,26027731456
NVIDIA A100 80GB PCIe,rna004_fast@v6.0.0,10176,2.00907e+08,26157757952
NVIDIA A100 80GB PCIe,rna004_fast@v6.0.0,10240,2.07111e+08,26283590144
NVIDIA A100 80GB PCIe,rna004_hac@v6.0.0,64,2.17033e+06,518843392
NVIDIA A100 80GB PCIe,rna004_hac@v6.0.0,128,4.33194e+06,1004043264
NVIDIA A100 80GB PCIe,rna004_hac@v6.0.0,192,6.30821e+06,1491339264
NVIDIA A100 80GB PCIe,rna004_hac@v6.0.0,256,8.15183e+06,1985751552
NVIDIA A100 80GB PCIe,rna004_hac@v6.0.0,320,1.0025e+07,2476685824
NVIDIA A100 80GB PCIe,rna004_hac@v6.0.0,384,1.18354e+07,2964854272
NVIDIA A100 80GB PCIe,rna004_hac@v6.0.0,448,1.38047e+07,3453223936
NVIDIA A100 80GB PCIe,rna004_hac@v6.0.0,512,1.57403e+07,3942279680
NVIDIA A100 80GB PCIe,rna004_hac@v6.0.0,576,1.71418e+07,4407619584
NVIDIA A100 80GB PCIe,rna004_hac@v6.0.0,640,1.90193e+07,4910281216
NVIDIA A100 80GB PCIe,rna004_hac@v6.0.0,704,2.02257e+07,5395525632
NVIDIA A100 80GB PCIe,rna004_hac@v6.0.0,768,2.13126e+07,5883063808
NVIDIA A100 80GB PCIe,rna004_hac@v6.0.0,832,1.40186e+07,6377744384
NVIDIA A100 80GB PCIe,rna004_hac@v6.0.0,896,2.83395e+07,6874490880
NVIDIA A100 80GB PCIe,rna004_hac@v6.0.0,960,3.13218e+07,7358976000
NVIDIA A100 80GB PCIe,rna004_hac@v6.0.0,1024,3.22906e+07,7849394688
NVIDIA A100 80GB PCIe,rna004_hac@v6.0.0,1088,1.72104e+07,8321142784
NVIDIA A100 80GB PCIe,rna004_hac@v6.0.0,1152,3.63607e+07,8808368640
NVIDIA A100 80GB PCIe,rna004_hac@v6.0.0,1216,1.92049e+07,9295041536
NVIDIA A100 80GB PCIe,rna004_hac@v6.0.0,1280,3.78637e+07,9783378944
NVIDIA A100 80GB PCIe,rna004_hac@v6.0.0,1344,1.99623e+07,10267003904
NVIDIA A100 80GB PCIe,rna004_hac@v6.0.0,1408,4.08879e+07,10761963520
NVIDIA A100 80GB PCIe,rna004_hac@v6.0.0,1472,2.17695e+07,11262735360
NVIDIA A100 80GB PCIe,rna004_hac@v6.0.0,1536,4.36814e+07,11748982784
NVIDIA A100 80GB PCIe,rna004_hac@v6.0.0,1600,4.56115e+07,12224238080
NVIDIA A100 80GB PCIe,rna004_hac@v6.0.0,1664,1.80222e+07,12703243264
NVIDIA A100 80GB PCIe,rna004_hac@v6.0.0,1728,5.08577e+07,13199765504
NVIDIA A100 80GB PCIe,rna004_hac@v6.0.0,1792,1.93477e+07,13689191936
NVIDIA A100 80GB PCIe,rna004_hac@v6.0.0,1856,2.00488e+07,14128746496
NVIDIA A100 80GB PCIe,rna004_hac@v6.0.0,1920,5.08302e+07,14677492224
NVIDIA A100 80GB PCIe,rna004_hac@v6.0.0,1984,1.9617e+07,15141713920
NVIDIA A100 80GB PCIe,rna004_hac@v6.0.0,2048,2.00917e+07,15635235840
NVIDIA A100 80GB PCIe,rna004_hac@v6.0.0,2112,5.64726e+07,16122732032
NVIDIA A100 80GB PCIe,rna004_hac@v6.0.0,2176,2.14323e+07,16604053504
NVIDIA A100 80GB PCIe,rna004_hac@v6.0.0,2240,2.20453e+07,17092674048
NVIDIA A100 80GB PCIe,rna004_hac@v6.0.0,2304,6.07781e+07,17575628800
NVIDIA A100 80GB PCIe,rna004_hac@v6.0.0,2368,1.86341e+07,18022660096
NVIDIA A100 80GB PCIe,rna004_hac@v6.0.0,2432,3.80119e+07,18561331712
NVIDIA A100 80GB PCIe,rna004_hac@v6.0.0,2496,1.95776e+07,18987085824
NVIDIA A100 80GB PCIe,rna004_hac@v6.0.0,2560,5.98233e+07,19528064000
NVIDIA A100 80GB PCIe,rna004_hac@v6.0.0,2624,2.00264e+07,20017312768
NVIDIA A100 80GB PCIe,rna004_hac@v6.0.0,2688,6.54484e+07,20506756608
NVIDIA A100 80GB PCIe,rna004_hac@v6.0.0,2752,2.14696e+07,20992097280
NVIDIA A100 80GB PCIe,rna004_hac@v6.0.0,2816,6.29844e+07,21475421696
NVIDIA A100 80GB PCIe,rna004_hac@v6.0.0,2880,2.24342e+07,21973108224
NVIDIA A100 80GB PCIe,rna004_hac@v6.0.0,2944,4.29318e+07,22454701056
NVIDIA A100 80GB PCIe,rna004_hac@v6.0.0,3008,2.06804e+07,22881704960
NVIDIA A100 80GB PCIe,rna004_hac@v6.0.0,3072,6.51183e+07,23457672704
NVIDIA A100 80GB PCIe,rna004_hac@v6.0.0,3136,1.85659e+07,23908090368
NVIDIA A100 80GB PCIe,rna004_hac@v6.0.0,3200,4.66233e+07,24391845376
NVIDIA A100 80GB PCIe,rna004_hac@v6.0.0,3264,3.50415e+07,24888910848
NVIDIA A100 80GB PCIe,rna004_hac@v6.0.0,3328,1.96318e+07,25375285248
NVIDIA A100 80GB PCIe,rna004_hac@v6.0.0,3392,2.09232e+07,25865726976
NVIDIA A100 80GB PCIe,rna004_hac@v6.0.0,3456,3.69925e+07,26349930496
NVIDIA A100 80GB PCIe,rna004_hac@v6.0.0,3520,4.71716e+07,26837892608
NVIDIA A100 80GB PCIe,rna004_hac@v6.0.0,3584,2.09356e+07,27327526400
NVIDIA A100 80GB PCIe,rna004_hac@v6.0.0,3648,2.1287e+07,27814904832
NVIDIA A100 80GB PCIe,rna004_hac@v6.0.0,3712,2.17518e+07,28299685376
NVIDIA A100 80GB PCIe,rna004_hac@v6.0.0,3776,2.21385e+07,28777166336
NVIDIA A100 80GB PCIe,rna004_hac@v6.0.0,3840,5.18693e+07,29276300288
NVIDIA A100 80GB PCIe,rna004_hac@v6.0.0,3904,2.05996e+07,29757245440
NVIDIA A100 80GB PCIe,rna004_hac@v6.0.0,3968,3.81059e+07,30238325760
NVIDIA A100 80GB PCIe,rna004_hac@v6.0.0,4032,5.36107e+07,30735499776
NVIDIA A100 80GB PCIe,rna004_hac@v6.0.0,4096,3.92123e+07,31223414272
NVIDIA A100 80GB PCIe,rna004_hac@v6.0.0,4160,2.11793e+07,31707115520
NVIDIA A100 80GB PCIe,rna004_hac@v6.0.0,4224,5.67616e+07,32195186176
NVIDIA A100 80GB PCIe,rna004_hac@v6.0.0,4288,2.14558e+07,32684594688
NVIDIA A100 80GB PCIe,rna004_hac@v6.0.0,4352,4.1028e+07,33167879168
NVIDIA A100 80GB PCIe,rna004_hac@v6.0.0,4416,5.52347e+07,33673406464
NVIDIA A100 80GB PCIe,rna004_hac@v6.0.0,4480,4.30148e+07,34151014400
NVIDIA A100 80GB PCIe,rna004_hac@v6.0.0,4544,2.23365e+07,34636921856
NVIDIA A100 80GB PCIe,rna004_hac@v6.0.0,4608,5.32639e+07,35116461568
NVIDIA A100 80GB PCIe,rna004_hac@v6.0.0,4672,2.07992e+07,35603270656
NVIDIA A100 80GB PCIe,rna004_hac@v6.0.0,4736,2.09351e+07,36108258816
NVIDIA A100 80GB PCIe,rna004_hac@v6.0.0,4800,1.99737e+07,36586610176
NVIDIA A100 80GB PCIe,rna004_hac@v6.0.0,4864,2.00673e+07,37076938752
NVIDIA A100 80GB PCIe,rna004_hac@v6.0.0,4928,6.13327e+07,37450382848
NVIDIA A100 80GB PCIe,rna004_hac@v6.0.0,4992,2.16583e+07,38086155776
NVIDIA A100 80GB PCIe,rna004_hac@v6.0.0,5056,2.03088e+07,38542104064
NVIDIA A100 80GB PCIe,rna004_hac@v6.0.0,5120,2.05784e+07,39067699200
NVIDIA A100 80GB PCIe,rna004_hac@v6.0.0,5184,2.0657e+07,39397250560
NVIDIA A100 80GB PCIe,rna004_hac@v6.0.0,5248,2.08488e+07,40044892672
NVIDIA A100 80GB PCIe,rna004_hac@v6.0.0,5312,2.09051e+07,40476138496
NVIDIA A100 80GB PCIe,rna004_hac@v6.0.0,5376,5.91049e+07,40977840640
NVIDIA A100 80GB PCIe,rna004_hac@v6.0.0,5440,4.71262e+07,41458012672
NVIDIA A100 80GB PCIe,rna004_hac@v6.0.0,5504,3.71506e+07,41945676800
NVIDIA A100 80GB PCIe,rna004_hac@v6.0.0,5568,3.56662e+07,42437291008
NVIDIA A100 80GB PCIe,rna004_hac@v6.0.0,5632,5.83445e+07,42907104768
NVIDIA A100 80GB PCIe,rna004_hac@v6.0.0,5696,2.11001e+07,43410856960
NVIDIA A100 80GB PCIe,rna004_hac@v6.0.0,5760,4.7619e+07,43890113024
NVIDIA A100 80GB PCIe,rna004_hac@v6.0.0,5824,2.1488e+07,44373767168
NVIDIA A100 80GB PCIe,rna004_hac@v6.0.0,5888,5.90328e+07,44865775104
NVIDIA A100 80GB PCIe,rna004_hac@v6.0.0,5952,2.17488e+07,45349979648
NVIDIA A100 80GB PCIe,rna004_hac@v6.0.0,6016,4.13408e+07,45848915456
NVIDIA A100 80GB PCIe,rna004_hac@v6.0.0,6080,2.21678e+07,46200123392
NVIDIA A100 80GB PCIe,rna004_hac@v6.0.0,6144,5.9283e+07,46872056832
NVIDIA A100 80GB PCIe,rna004_hac@v6.0.0,6208,2.02035e+07,47354186240
NVIDIA A100 80GB PCIe,rna004_hac@v6.0.0,6272,2.01342e+07,47832546304
NVIDIA A100 80GB PCIe,rna004_hac@v6.0.0,6336,5.27907e+07,48150194688
NVIDIA A100 80GB PCIe,rna004_hac@v6.0.0,6400,2.03778e+07,48634589184
NVIDIA A100 80GB PCIe,rna004_hac@v6.0.0,6464,2.05149e+07,49306555904
NVIDIA A100 80GB PCIe,rna004_hac@v6.0.0,6528,5.49074e+07,49597718528
NVIDIA A100 80GB PCIe,rna004_hac@v6.0.0,6592,2.06778e+07,50282087424
NVIDIA A100 80GB PCIe,rna004_hac@v6.0.0,6656,2.15268e+07,50716348928
NVIDIA A100 80GB PCIe,rna004_hac@v6.0.0,6720,5.35955e+07,51063079936
NVIDIA A100 80GB PCIe,rna004_hac@v6.0.0,6784,2.08931e+07,51750083584
NVIDIA A100 80GB PCIe,rna004_hac@v6.0.0,6848,2.09777e+07,52232989184
NVIDIA A100 80GB PCIe,rna004_hac@v6.0.0,6912,5.38131e+07,52721505792
NVIDIA A100 80GB PCIe,rna004_hac@v6.0.0,6976,2.15142e+07,53259176960
NVIDIA A100 80GB PCIe,rna004_hac@v6.0.0,7040,4.66915e+07,53655734272
NVIDIA A100 80GB PCIe,rna004_hac@v6.0.0,7104,1.98763e+07,54226465792
NVIDIA A100 80GB PCIe,rna004_hac@v6.0.0,7168,3.77391e+07,54455340544
NVIDIA A100 80GB PCIe,rna004_hac@v6.0.0,7232,2.02052e+07,55220500992
NVIDIA A100 80GB PCIe,rna004_hac@v6.0.0,7296,3.78283e+07,55589284864
NVIDIA A100 80GB PCIe,rna004_hac@v6.0.0,7360,4.73964e+07,55920582144
NVIDIA A100 80GB PCIe,rna004_hac@v6.0.0,7424,4.12499e+07,56405446656
NVIDIA A100 80GB PCIe,rna004_hac@v6.0.0,7488,2.23509e+07,57156230144
NVIDIA A100 80GB PCIe,rna004_hac@v6.0.0,7552,3.84518e+07,57341981696
NVIDIA A100 80GB PCIe,rna004_hac@v6.0.0,7616,2.21462e+07,58141758464
NVIDIA A100 80GB PCIe,rna004_hac@v6.0.0,7680,4.90198e+07,58577497600
NVIDIA A100 80GB PCIe,rna004_hac@v6.0.0,7744,2.18235e+07,59109048320
NVIDIA A100 80GB PCIe,rna004_hac@v6.0.0,7808,2.19135e+07,59596885504
NVIDIA A100 80GB PCIe,rna004_hac@v6.0.0,7872,3.59187e+07,59792804352
NVIDIA A100 80GB PCIe,rna004_hac@v6.0.0,7936,2.19442e+07,60580980224
NVIDIA A100 80GB PCIe,rna004_hac@v6.0.0,8000,2.21331e+07,61073824256
NVIDIA A100 80GB PCIe,rna004_hac@v6.0.0,8064,6.07967e+07,61499873792
NVIDIA A100 80GB PCIe,rna004_hac@v6.0.0,8128,2.23276e+07,62036446208
NVIDIA A100 80GB PCIe,rna004_hac@v6.0.0,8192,2.29547e+07,62461036032
NVIDIA A100 80GB PCIe,rna004_hac@v6.0.0,8256,2.30222e+07,63018048000
NVIDIA A100 80GB PCIe,rna004_hac@v6.0.0,8320,2.30476e+07,63505886720
NVIDIA A100 80GB PCIe,rna004_hac@v6.0.0,8384,2.31554e+07,63987434496
NVIDIA A100 80GB PCIe,rna004_hac@v6.0.0,8448,2.32331e+07,64477372416
NVIDIA A100 80GB PCIe,rna004_hac@v6.0.0,8512,1.96621e+07,64848417792
NVIDIA A100 80GB PCIe,rna004_hac@v6.0.0,8576,3.84238e+07,65170894848
NVIDIA A100 80GB PCIe,rna004_hac@v6.0.0,8640,5.37588e+07,65592612864
NVIDIA A100 80GB PCIe,rna004_hac@v6.0.0,8704,5.85925e+07,66291375616
NVIDIA A100 80GB PCIe,rna004_hac@v6.0.0,8768,2.27397e+07,66810733056
NVIDIA A100 80GB PCIe,rna004_hac@v6.0.0,8832,5.58055e+07,67292486144
NVIDIA A100 80GB PCIe,rna004_hac@v6.0.0,8896,2.2943e+07,67636098560
NVIDIA A100 80GB PCIe,rna004_hac@v6.0.0,8960,5.9042e+07,68253145600
NVIDIA A100 80GB PCIe,rna004_hac@v6.0.0,9024,5.60289e+07,68823668736
NVIDIA A100 80GB PCIe,rna004_hac@v6.0.0,9088,3.92218e+07,69217453056
NVIDIA A100 80GB PCIe,rna004_hac@v6.0.0,9152,2.32163e+07,69859055104
NVIDIA A100 80GB PCIe,rna004_hac@v6.0.0,9216,6.42328e+07,70086393856
NVIDIA A100 80GB PCIe,rna004_hac@v6.0.0,9280,4.75315e+07,70516066816
NVIDIA A100 80GB PCIe,rna004_hac@v6.0.0,9344,1.97514e+07,71314522624
NVIDIA A100 80GB PCIe,rna004_hac@v6.0.0,9408,2.19692e+07,71807367168
NVIDIA A100 80GB PCIe,rna004_hac@v6.0.0,9472,2.26749e+07,72308599296
NVIDIA A100 80GB PCIe,rna004_hac@v6.0.0,9536,2.22789e+07,72786765312
NVIDIA A100 80GB PCIe,rna004_sup@v6.0.0,32,5.60095e+06,2431697920
NVIDIA A100 80GB PCIe,rna004_sup@v6.0.0,64,7.3913e+06,3605744128
NVIDIA A100 80GB PCIe,rna004_sup@v6.0.0,96,8.44415e+06,4781199360
NVIDIA A100 80GB PCIe,rna004_sup@v6.0.0,128,8.68078e+06,5973890048
NVIDIA A100 80GB PCIe,rna004_sup@v6.0.0,160,9.08968e+06,7164713472
NVIDIA A100 80GB PCIe,rna004_sup@v6.0.0,192,9.3252e+06,8356192256
NVIDIA A100 80GB PCIe,rna004_sup@v6.0.0,224,8.76185e+06,9547442688
NVIDIA A100 80GB PCIe,rna004_sup@v6.0.0,256,9.38204e+06,10741378048
NVIDIA A100 80GB PCIe,rna004_sup@v6.0.0,288,9.25175e+06,11930268160
NVIDIA A100 80GB PCIe,rna004_sup@v6.0.0,320,9.67021e+06,13123680256
NVIDIA A100 80GB PCIe,rna004_sup@v6.0.0,352,9.67123e+06,14314013696
NVIDIA A100 80GB PCIe,rna004_sup@v6.0.0,384,9.83782e+06,15507687936
NVIDIA A100 80GB PCIe,rna004_sup@v6.0.0,416,9.54909e+06,16697362944
NVIDIA A100 80GB PCIe,rna004_sup@v6.0.0,448,9.45307e+06,17889204224
NVIDIA A100 80GB PCIe,rna004_sup@v6.0.0,480,9.67035e+06,19082188288
NVIDIA A100 80GB PCIe,rna004_sup@v6.0.0,512,9.41831e+06,20273341440
NVIDIA A100 80GB PCIe,rna004_sup@v6.0.0,544,9.93765e+06,21467374080
NVIDIA A100 80GB PCIe,rna004_sup@v6.0.0,576,9.44807e+06,22656296960
NVIDIA A100 80GB PCIe,rna004_sup@v6.0.0,608,9.90747e+06,23850694656
NVIDIA A100 80GB PCIe,rna004_sup@v6.0.0,640,9.68144e+06,25041747456
NVIDIA A100 80GB PCIe,rna004_sup@v6.0.0,672,9.08256e+06,26233193984
