NVIDIA RTX PRO 6000 Blackwell Max-Q Workstation Edition,dna_r10.4.1_e8.2_400bps_fast@v5.2.0,64,3.36887e+07,1223922688
NVIDIA RTX PRO 6000 Blackwell Max-Q Workstation Edition,dna_r10.4.1_e8.2_400bps_fast@v5.2.0,128,5.5977e+07,1374493696
NVIDIA RTX PRO 6000 Blackwell Max-Q Workstation Edition,dna_r10.4.1_e8.2_400bps_fast@v5.2.0,192,8.01064e+07,1522009088
NVIDIA RTX PRO 6000 Blackwell Max-Q Workstation Edition,dna_r10.4.1_e8.2_400bps_fast@v5.2.0,256,9.7948e+07,1671619072
NVIDIA RTX PRO 6000 Blackwell Max-Q Workstation Edition,dna_r10.4.1_e8.2_400bps_fast@v5.2.0,320,1.1744e+08,1819134464
NVIDIA RTX PRO 6000 Blackwell Max-Q Workstation Edition,dna_r10.4.1_e8.2_400bps_fast@v5.2.0,384,1.32869e+08,1966648320
NVIDIA RTX PRO 6000 Blackwell Max-Q Workstation Edition,dna_r10.4.1_e8.2_400bps_fast@v5.2.0,448,1.47809e+08,2114163712
NVIDIA RTX PRO 6000 Blackwell Max-Q Workstation Edition,dna_r10.4.1_e8.2_400bps_fast@v5.2.0,512,1.62759e+08,2263773696
NVIDIA RTX PRO 6000 Blackwell Max-Q Workstation Edition,dna_r10.4.1_e8.2_400bps_fast@v5.2.0,576,1.74413e+08,2410329600
NVIDIA RTX PRO 6000 Blackwell Max-Q Workstation Edition,dna_r10.4.1_e8.2_400bps_fast@v5.2.0,640,1.86725e+08,2559300608
NVIDIA RTX PRO 6000 Blackwell Max-Q Workstation Edition,dna_r10.4.1_e8.2_400bps_fast@v5.2.0,704,1.98304e+08,2699322368
NVIDIA RTX PRO 6000 Blackwell Max-Q Workstation Edition,dna_r10.4.1_e8.2_400bps_fast@v5.2.0,768,1.90285e+08,2848251392
NVIDIA RTX PRO 6000 Blackwell Max-Q Workstation Edition,dna_r10.4.1_e8.2_400bps_fast@v5.2.0,832,2.0028e+08,2995414528
NVIDIA RTX PRO 6000 Blackwell Max-Q Workstation Edition,dna_r10.4.1_e8.2_400bps_fast@v5.2.0,896,2.0762e+08,3153550336
NVIDIA RTX PRO 6000 Blackwell Max-Q Workstation Edition,dna_r10.4.1_e8.2_400bps_fast@v5.2.0,960,2.11918e+08,3301067776
NVIDIA RTX PRO 6000 Blackwell Max-Q Workstation Edition,dna_r10.4.1_e8.2_400bps_fast@v5.2.0,1024,2.18841e+08,3436287488
NVIDIA RTX PRO 6000 Blackwell Max-Q Workstation Edition,dna_r10.4.1_e8.2_400bps_fast@v5.2.0,1088,2.23186e+08,3598606336
NVIDIA RTX PRO 6000 Blackwell Max-Q Workstation Edition,dna_r10.4.1_e8.2_400bps_fast@v5.2.0,1152,2.26638e+08,3743216128
NVIDIA RTX PRO 6000 Blackwell Max-Q Workstation Edition,dna_r10.4.1_e8.2_400bps_fast@v5.2.0,1216,2.31912e+08,3894349312
NVIDIA RTX PRO 6000 Blackwell Max-Q Workstation Edition,dna_r10.4.1_e8.2_400bps_fast@v5.2.0,1280,2.37715e+08,4027048960
NVIDIA RTX PRO 6000 Blackwell Max-Q Workstation Edition,dna_r10.4.1_e8.2_400bps_fast@v5.2.0,1344,2.40187e+08,4187278848
NVIDIA RTX PRO 6000 Blackwell Max-Q Workstation Edition,dna_r10.4.1_e8.2_400bps_fast@v5.2.0,1408,2.44538e+08,4320376832
NVIDIA RTX PRO 6000 Blackwell Max-Q Workstation Edition,dna_r10.4.1_e8.2_400bps_fast@v5.2.0,1472,2.48318e+08,4461605888
NVIDIA RTX PRO 6000 Blackwell Max-Q Workstation Edition,dna_r10.4.1_e8.2_400bps_fast@v5.2.0,1536,2.39123e+08,4616796160
NVIDIA RTX PRO 6000 Blackwell Max-Q Workstation Edition,dna_r10.4.1_e8.2_400bps_fast@v5.2.0,1600,2.42694e+08,4768027648
NVIDIA RTX PRO 6000 Blackwell Max-Q Workstation Edition,dna_r10.4.1_e8.2_400bps_fast@v5.2.0,1664,2.44161e+08,4898924544
NVIDIA RTX PRO 6000 Blackwell Max-Q Workstation Edition,dna_r10.4.1_e8.2_400bps_fast@v5.2.0,1728,2.46596e+08,5047607296
NVIDIA RTX PRO 6000 Blackwell Max-Q Workstation Edition,dna_r10.4.1_e8.2_400bps_fast@v5.2.0,1792,2.48608e+08,5194730496
NVIDIA RTX PRO 6000 Blackwell Max-Q Workstation Edition,dna_r10.4.1_e8.2_400bps_fast@v5.2.0,1856,2.50095e+08,5340644864
NVIDIA RTX PRO 6000 Blackwell Max-Q Workstation Edition,dna_r10.4.1_e8.2_400bps_fast@v5.2.0,1920,2.50994e+08,5490405376
NVIDIA RTX PRO 6000 Blackwell Max-Q Workstation Edition,dna_r10.4.1_e8.2_400bps_fast@v5.2.0,1984,2.55299e+08,5634081792
NVIDIA RTX PRO 6000 Blackwell Max-Q Workstation Edition,dna_r10.4.1_e8.2_400bps_fast@v5.2.0,2048,2.55602e+08,5783474688
NVIDIA RTX PRO 6000 Blackwell Max-Q Workstation Edition,dna_r10.4.1_e8.2_400bps_fast@v5.2.0,2112,2.59154e+08,5930418688
NVIDIA RTX PRO 6000 Blackwell Max-Q Workstation Edition,dna_r10.4.1_e8.2_400bps_fast@v5.2.0,2176,2.58411e+08,6075765248
NVIDIA RTX PRO 6000 Blackwell Max-Q Workstation Edition,dna_r10.4.1_e8.2_400bps_fast@v5.2.0,2240,2.60567e+08,6223465472
NVIDIA RTX PRO 6000 Blackwell Max-Q Workstation Edition,dna_r10.4.1_e8.2_400bps_fast@v5.2.0,2304,2.55127e+08,6369237504
NVIDIA RTX PRO 6000 Blackwell Max-Q Workstation Edition,dna_r10.4.1_e8.2_400bps_fast@v5.2.0,2368,2.57478e+08,6517493248
NVIDIA RTX PRO 6000 Blackwell Max-Q Workstation Edition,dna_r10.4.1_e8.2_400bps_fast@v5.2.0,2432,2.54806e+08,6666394112
NVIDIA RTX PRO 6000 Blackwell Max-Q Workstation Edition,dna_r10.4.1_e8.2_400bps_fast@v5.2.0,2496,2.56411e+08,6809003520
NVIDIA RTX PRO 6000 Blackwell Max-Q Workstation Edition,dna_r10.4.1_e8.2_400bps_fast@v5.2.0,2560,2.57947e+08,6958621184
NVIDIA RTX PRO 6000 Blackwell Max-Q Workstation Edition,dna_r10.4.1_e8.2_400bps_fast@v5.2.0,2624,2.59405e+08,7106491904
NVIDIA RTX PRO 6000 Blackwell Max-Q Workstation Edition,dna_r10.4.1_e8.2_400bps_fast@v5.2.0,2688,2.60098e+08,7251118592
NVIDIA RTX PRO 6000 Blackwell Max-Q Workstation Edition,dna_r10.4.1_e8.2_400bps_fast@v5.2.0,2752,2.66157e+08,7402509824
NVIDIA RTX PRO 6000 Blackwell Max-Q Workstation Edition,dna_r10.4.1_e8.2_400bps_fast@v5.2.0,2816,2.66781e+08,7545119232
NVIDIA RTX PRO 6000 Blackwell Max-Q Workstation Edition,dna_r10.4.1_e8.2_400bps_fast@v5.2.0,2880,2.67018e+08,7694349824
NVIDIA RTX PRO 6000 Blackwell Max-Q Workstation Edition,dna_r10.4.1_e8.2_400bps_fast@v5.2.0,2944,2.67081e+08,7841648640
NVIDIA RTX PRO 6000 Blackwell Max-Q Workstation Edition,dna_r10.4.1_e8.2_400bps_fast@v5.2.0,3008,2.66925e+08,7988336128
NVIDIA RTX PRO 6000 Blackwell Max-Q Workstation Edition,dna_r10.4.1_e8.2_400bps_fast@v5.2.0,3072,2.59236e+08,8133681664
NVIDIA RTX PRO 6000 Blackwell Max-Q Workstation Edition,dna_r10.4.1_e8.2_400bps_fast@v5.2.0,3136,2.65647e+08,8279028224
NVIDIA RTX PRO 6000 Blackwell Max-Q Workstation Edition,dna_r10.4.1_e8.2_400bps_fast@v5.2.0,3200,2.64715e+08,8428404736
NVIDIA RTX PRO 6000 Blackwell Max-Q Workstation Edition,dna_r10.4.1_e8.2_400bps_fast@v5.2.0,3264,2.62927e+08,8577732608
NVIDIA RTX PRO 6000 Blackwell Max-Q Workstation Edition,dna_r10.4.1_e8.2_400bps_fast@v5.2.0,3328,2.68679e+08,8721646080
NVIDIA RTX PRO 6000 Blackwell Max-Q Workstation Edition,dna_r10.4.1_e8.2_400bps_fast@v5.2.0,3392,2.67054e+08,8868802048
NVIDIA RTX PRO 6000 Blackwell Max-Q Workstation Edition,dna_r10.4.1_e8.2_400bps_fast@v5.2.0,3456,2.65308e+08,9012051456
NVIDIA RTX PRO 6000 Blackwell Max-Q Workstation Edition,dna_r10.4.1_e8.2_400bps_fast@v5.2.0,3520,2.63366e+08,9161995264
NVIDIA RTX PRO 6000 Blackwell Max-Q Workstation Edition,dna_r10.4.1_e8.2_400bps_fast@v5.2.0,3584,2.67843e+08,9311787520
NVIDIA RTX PRO 6000 Blackwell Max-Q Workstation Edition,dna_r10.4.1_e8.2_400bps_fast@v5.2.0,3648,2.65473e+08,9457761792
NVIDIA RTX PRO 6000 Blackwell Max-Q Workstation Edition,dna_r10.4.1_e8.2_400bps_fast@v5.2.0,3712,2.70015e+08,9604565504
NVIDIA RTX PRO 6000 Blackwell Max-Q Workstation Edition,dna_r10.4.1_e8.2_400bps_fast@v5.2.0,3776,2.66883e+08,9747187712
NVIDIA RTX PRO 6000 Blackwell Max-Q Workstation Edition,dna_r10.4.1_e8.2_400bps_fast@v5.2.0,3840,2.64135e+08,9897150976
NVIDIA RTX PRO 6000 Blackwell Max-Q Workstation Edition,dna_r10.4.1_e8.2_400bps_fast@v5.2.0,3904,2.60078e+08,10045021696
NVIDIA RTX PRO 6000 Blackwell Max-Q Workstation Edition,dna_r10.4.1_e8.2_400bps_fast@v5.2.0,3968,2.56527e+08,10191599104
NVIDIA RTX PRO 6000 Blackwell Max-Q Workstation Edition,dna_r10.4.1_e8.2_400bps_fast@v5.2.0,4032,2.60924e+08,10338584064
NVIDIA RTX PRO 6000 Blackwell Max-Q Workstation Edition,dna_r10.4.1_e8.2_400bps_fast@v5.2.0,4096,2.65028e+08,10487534080
NVIDIA RTX PRO 6000 Blackwell Max-Q Workstation Edition,dna_r10.4.1_e8.2_400bps_fast@v5.2.0,4160,2.61066e+08,10630570496
NVIDIA RTX PRO 6000 Blackwell Max-Q Workstation Edition,dna_r10.4.1_e8.2_400bps_fast@v5.2.0,4224,2.65011e+08,10780178432
NVIDIA RTX PRO 6000 Blackwell Max-Q Workstation Edition,dna_r10.4.1_e8.2_400bps_fast@v5.2.0,4288,2.60683e+08,10924622336
NVIDIA RTX PRO 6000 Blackwell Max-Q Workstation Edition,dna_r10.4.1_e8.2_400bps_fast@v5.2.0,4352,2.64328e+08,11072065024
NVIDIA RTX PRO 6000 Blackwell Max-Q Workstation Edition,dna_r10.4.1_e8.2_400bps_fast@v5.2.0,4416,2.59659e+08,11223600640
NVIDIA RTX PRO 6000 Blackwell Max-Q Workstation Edition,dna_r10.4.1_e8.2_400bps_fast@v5.2.0,4480,2.63324e+08,11368307200
NVIDIA RTX PRO 6000 Blackwell Max-Q Workstation Edition,dna_r10.4.1_e8.2_400bps_fast@v5.2.0,4544,2.58129e+08,11515110912
NVIDIA RTX PRO 6000 Blackwell Max-Q Workstation Edition,dna_r10.4.1_e8.2_400bps_fast@v5.2.0,4608,2.61448e+08,11659817472
NVIDIA RTX PRO 6000 Blackwell Max-Q Workstation Edition,dna_r10.4.1_e8.2_400bps_fast@v5.2.0,4672,2.64779e+08,11809282560
NVIDIA RTX PRO 6000 Blackwell Max-Q Workstation Edition,dna_r10.4.1_e8.2_400bps_fast@v5.2.0,4736,2.59346e+08,11956726272
NVIDIA RTX PRO 6000 Blackwell Max-Q Workstation Edition,dna_r10.4.1_e8.2_400bps_fast@v5.2.0,4800,2.62699e+08,12102072832
NVIDIA RTX PRO 6000 Blackwell Max-Q Workstation Edition,dna_r10.4.1_e8.2_400bps_fast@v5.2.0,4864,2.6614e+08,12251226624
NVIDIA RTX PRO 6000 Blackwell Max-Q Workstation Edition,dna_r10.4.1_e8.2_400bps_fast@v5.2.0,4928,2.601e+08,12395933184
NVIDIA RTX PRO 6000 Blackwell Max-Q Workstation Edition,dna_r10.4.1_e8.2_400bps_fast@v5.2.0,4992,2.63202e+08,12542736896
NVIDIA RTX PRO 6000 Blackwell Max-Q Workstation Edition,dna_r10.4.1_e8.2_400bps_fast@v5.2.0,5056,2.66383e+08,12691846656
NVIDIA RTX PRO 6000 Blackwell Max-Q Workstation Edition,dna_r10.4.1_e8.2_400bps_fast@v5.2.0,5120,2.59491e+08,12835095040
NVIDIA RTX PRO 6000 Blackwell Max-Q Workstation Edition,dna_r10.4.1_e8.2_400bps_fast@v5.2.0,5184,2.62493e+08,12984635904
NVIDIA RTX PRO 6000 Blackwell Max-Q Workstation Edition,dna_r10.4.1_e8.2_400bps_fast@v5.2.0,5248,2.65426e+08,13134146048
NVIDIA RTX PRO 6000 Blackwell Max-Q Workstation Edition,dna_r10.4.1_e8.2_400bps_fast@v5.2.0,5312,2.58545e+08,13278852608
NVIDIA RTX PRO 6000 Blackwell Max-Q Workstation Edition,dna_r10.4.1_e8.2_400bps_fast@v5.2.0,5376,2.61417e+08,13425656320
NVIDIA RTX PRO 6000 Blackwell Max-Q Workstation Edition,dna_r10.4.1_e8.2_400bps_fast@v5.2.0,5440,2.64345e+08,13570362880
NVIDIA RTX PRO 6000 Blackwell Max-Q Workstation Edition,dna_r10.4.1_e8.2_400bps_fast@v5.2.0,5504,2.56977e+08,13719756288
NVIDIA RTX PRO 6000 Blackwell Max-Q Workstation Edition,dna_r10.4.1_e8.2_400bps_fast@v5.2.0,5568,2.59913e+08,13867200000
NVIDIA RTX PRO 6000 Blackwell Max-Q Workstation Edition,dna_r10.4.1_e8.2_400bps_fast@v5.2.0,5632,2.62579e+08,14012545536
NVIDIA RTX PRO 6000 Blackwell Max-Q Workstation Edition,dna_r10.4.1_e8.2_400bps_fast@v5.2.0,5696,2.65502e+08,14161772032
NVIDIA RTX PRO 6000 Blackwell Max-Q Workstation Edition,dna_r10.4.1_e8.2_400bps_fast@v5.2.0,5760,2.68235e+08,14306478592
NVIDIA RTX PRO 6000 Blackwell Max-Q Workstation Edition,dna_r10.4.1_e8.2_400bps_fast@v5.2.0,5824,2.60096e+08,14453282304
NVIDIA RTX PRO 6000 Blackwell Max-Q Workstation Edition,dna_r10.4.1_e8.2_400bps_fast@v5.2.0,5888,2.62956e+08,14606377472
NVIDIA RTX PRO 6000 Blackwell Max-Q Workstation Edition,dna_r10.4.1_e8.2_400bps_fast@v5.2.0,5952,2.65581e+08,14748986880
NVIDIA RTX PRO 6000 Blackwell Max-Q Workstation Edition,dna_r10.4.1_e8.2_400bps_fast@v5.2.0,6016,2.68895e+08,14899984896
NVIDIA RTX PRO 6000 Blackwell Max-Q Workstation Edition,dna_r10.4.1_e8.2_400bps_fast@v5.2.0,6080,2.59545e+08,15040497152
NVIDIA RTX PRO 6000 Blackwell Max-Q Workstation Edition,dna_r10.4.1_e8.2_400bps_fast@v5.2.0,6144,2.62132e+08,15189398016
NVIDIA RTX PRO 6000 Blackwell Max-Q Workstation Edition,dna_r10.4.1_e8.2_400bps_fast@v5.2.0,6208,2.64495e+08,15336201728
NVIDIA RTX PRO 6000 Blackwell Max-Q Workstation Edition,dna_r10.4.1_e8.2_400bps_fast@v5.2.0,6272,2.67063e+08,15480908288
NVIDIA RTX PRO 6000 Blackwell Max-Q Workstation Edition,dna_r10.4.1_e8.2_400bps_fast@v5.2.0,6336,2.581e+08,15634003456
NVIDIA RTX PRO 6000 Blackwell Max-Q Workstation Edition,dna_r10.4.1_e8.2_400bps_fast@v5.2.0,6400,2.60461e+08,15780807168
NVIDIA RTX PRO 6000 Blackwell Max-Q Workstation Edition,dna_r10.4.1_e8.2_400bps_fast@v5.2.0,6464,2.62655e+08,15925513728
NVIDIA RTX PRO 6000 Blackwell Max-Q Workstation Edition,dna_r10.4.1_e8.2_400bps_fast@v5.2.0,6528,2.65196e+08,16072317440
NVIDIA RTX PRO 6000 Blackwell Max-Q Workstation Edition,dna_r10.4.1_e8.2_400bps_fast@v5.2.0,6592,2.6966e+08,16217024000
NVIDIA RTX PRO 6000 Blackwell Max-Q Workstation Edition,dna_r10.4.1_e8.2_400bps_fast@v5.2.0,6656,2.70077e+08,16365924864
NVIDIA RTX PRO 6000 Blackwell Max-Q Workstation Edition,dna_r10.4.1_e8.2_400bps_fast@v5.2.0,6720,2.60103e+08,16516922880
NVIDIA RTX PRO 6000 Blackwell Max-Q Workstation Edition,dna_r10.4.1_e8.2_400bps_fast@v5.2.0,6784,2.62098e+08,16659532288
NVIDIA RTX PRO 6000 Blackwell Max-Q Workstation Edition,dna_r10.4.1_e8.2_400bps_fast@v5.2.0,6848,2.64178e+08,16808433152
NVIDIA RTX PRO 6000 Blackwell Max-Q Workstation Edition,dna_r10.4.1_e8.2_400bps_fast@v5.2.0,6912,2.6889e+08,16951042560
NVIDIA RTX PRO 6000 Blackwell Max-Q Workstation Edition,dna_r10.4.1_e8.2_400bps_fast@v5.2.0,6976,2.56036e+08,17102040576
NVIDIA RTX PRO 6000 Blackwell Max-Q Workstation Edition,dna_r10.4.1_e8.2_400bps_fast@v5.2.0,7040,2.58161e+08,17246747136
NVIDIA RTX PRO 6000 Blackwell Max-Q Workstation Edition,dna_r10.4.1_e8.2_400bps_fast@v5.2.0,7104,2.59696e+08,17391453696
NVIDIA RTX PRO 6000 Blackwell Max-Q Workstation Edition,dna_r10.4.1_e8.2_400bps_fast@v5.2.0,7168,2.62757e+08,17542451712
NVIDIA RTX PRO 6000 Blackwell Max-Q Workstation Edition,dna_r10.4.1_e8.2_400bps_fast@v5.2.0,7232,2.64951e+08,17687158272
NVIDIA RTX PRO 6000 Blackwell Max-Q Workstation Edition,dna_r10.4.1_e8.2_400bps_fast@v5.2.0,7296,2.6711e+08,17838156288
NVIDIA RTX PRO 6000 Blackwell Max-Q Workstation Edition,dna_r10.4.1_e8.2_400bps_fast@v5.2.0,7360,2.55876e+08,17982862848
NVIDIA RTX PRO 6000 Blackwell Max-Q Workstation Edition,dna_r10.4.1_e8.2_400bps_fast@v5.2.0,7424,2.57732e+08,18127569408
NVIDIA RTX PRO 6000 Blackwell Max-Q Workstation Edition,dna_r10.4.1_e8.2_400bps_fast@v5.2.0,7488,2.59779e+08,18274373120
NVIDIA RTX PRO 6000 Blackwell Max-Q Workstation Edition,dna_r10.4.1_e8.2_400bps_fast@v5.2.0,7552,2.61827e+08,18421176832
NVIDIA RTX PRO 6000 Blackwell Max-Q Workstation Edition,dna_r10.4.1_e8.2_400bps_fast@v5.2.0,7616,2.63715e+08,18572174848
NVIDIA RTX PRO 6000 Blackwell Max-Q Workstation Edition,dna_r10.4.1_e8.2_400bps_fast@v5.2.0,7680,2.65741e+08,18721075712
NVIDIA RTX PRO 6000 Blackwell Max-Q Workstation Edition,dna_r10.4.1_e8.2_400bps_fast@v5.2.0,7744,2.6789e+08,18861587968
NVIDIA RTX PRO 6000 Blackwell Max-Q Workstation Edition,dna_r10.4.1_e8.2_400bps_fast@v5.2.0,7808,2.55778e+08,19010488832
NVIDIA RTX PRO 6000 Blackwell Max-Q Workstation Edition,dna_r10.4.1_e8.2_400bps_fast@v5.2.0,7872,2.57652e+08,19159389696
NVIDIA RTX PRO 6000 Blackwell Max-Q Workstation Edition,dna_r10.4.1_e8.2_400bps_fast@v5.2.0,7936,2.59645e+08,19304096256
NVIDIA RTX PRO 6000 Blackwell Max-Q Workstation Edition,dna_r10.4.1_e8.2_400bps_fast@v5.2.0,8000,2.61129e+08,19455094272
NVIDIA RTX PRO 6000 Blackwell Max-Q Workstation Edition,dna_r10.4.1_e8.2_400bps_fast@v5.2.0,8064,2.61746e+08,19597703680
NVIDIA RTX PRO 6000 Blackwell Max-Q Workstation Edition,dna_r10.4.1_e8.2_400bps_fast@v5.2.0,8128,2.65352e+08,19744507392
NVIDIA RTX PRO 6000 Blackwell Max-Q Workstation Edition,dna_r10.4.1_e8.2_400bps_fast@v5.2.0,8192,2.68933e+08,19895505408
NVIDIA RTX PRO 6000 Blackwell Max-Q Workstation Edition,dna_r10.4.1_e8.2_400bps_fast@v5.2.0,8256,2.68946e+08,20040211968
NVIDIA RTX PRO 6000 Blackwell Max-Q Workstation Edition,dna_r10.4.1_e8.2_400bps_fast@v5.2.0,8320,2.56111e+08,20153461248
NVIDIA RTX PRO 6000 Blackwell Max-Q Workstation Edition,dna_r10.4.1_e8.2_400bps_fast@v5.2.0,8384,2.57597e+08,20262516224
NVIDIA RTX PRO 6000 Blackwell Max-Q Workstation Edition,dna_r10.4.1_e8.2_400bps_fast@v5.2.0,8448,2.59392e+08,20379959808
NVIDIA RTX PRO 6000 Blackwell Max-Q Workstation Edition,dna_r10.4.1_e8.2_400bps_fast@v5.2.0,8512,2.61237e+08,20497403392
NVIDIA RTX PRO 6000 Blackwell Max-Q Workstation Edition,dna_r10.4.1_e8.2_400bps_fast@v5.2.0,8576,2.62963e+08,20606458368
NVIDIA RTX PRO 6000 Blackwell Max-Q Workstation Edition,dna_r10.4.1_e8.2_400bps_fast@v5.2.0,8640,2.64646e+08,20721804800
NVIDIA RTX PRO 6000 Blackwell Max-Q Workstation Edition,dna_r10.4.1_e8.2_400bps_fast@v5.2.0,8704,2.66725e+08,20828762624
NVIDIA RTX PRO 6000 Blackwell Max-Q Workstation Edition,dna_r10.4.1_e8.2_400bps_fast@v5.2.0,8768,2.52576e+08,20944109056
NVIDIA RTX PRO 6000 Blackwell Max-Q Workstation Edition,dna_r10.4.1_e8.2_400bps_fast@v5.2.0,8832,2.54025e+08,21063649792
NVIDIA RTX PRO 6000 Blackwell Max-Q Workstation Edition,dna_r10.4.1_e8.2_400bps_fast@v5.2.0,8896,2.55958e+08,21174801920
NVIDIA RTX PRO 6000 Blackwell Max-Q Workstation Edition,dna_r10.4.1_e8.2_400bps_fast@v5.2.0,8960,2.57783e+08,21288051200
NVIDIA RTX PRO 6000 Blackwell Max-Q Workstation Edition,dna_r10.4.1_e8.2_400bps_fast@v5.2.0,9024,2.59574e+08,21403397632
NVIDIA RTX PRO 6000 Blackwell Max-Q Workstation Edition,dna_r10.4.1_e8.2_400bps_fast@v5.2.0,9088,2.60923e+08,21510355456
NVIDIA RTX PRO 6000 Blackwell Max-Q Workstation Edition,dna_r10.4.1_e8.2_400bps_fast@v5.2.0,9152,2.62572e+08,21627799040
NVIDIA RTX PRO 6000 Blackwell Max-Q Workstation Edition,dna_r10.4.1_e8.2_400bps_fast@v5.2.0,9216,2.64387e+08,21738951168
NVIDIA RTX PRO 6000 Blackwell Max-Q Workstation Edition,dna_r10.4.1_e8.2_400bps_fast@v5.2.0,9280,2.66009e+08,21856394752
NVIDIA RTX PRO 6000 Blackwell Max-Q Workstation Edition,dna_r10.4.1_e8.2_400bps_fast@v5.2.0,9344,2.67618e+08,21971741184
NVIDIA RTX PRO 6000 Blackwell Max-Q Workstation Edition,dna_r10.4.1_e8.2_400bps_fast@v5.2.0,9408,2.69367e+08,22078699008
NVIDIA RTX PRO 6000 Blackwell Max-Q Workstation Edition,dna_r10.4.1_e8.2_400bps_fast@v5.2.0,9472,2.71125e+08,22196142592
NVIDIA RTX PRO 6000 Blackwell Max-Q Workstation Edition,dna_r10.4.1_e8.2_400bps_fast@v5.2.0,9536,2.72985e+08,22305197568
NVIDIA RTX PRO 6000 Blackwell Max-Q Workstation Edition,dna_r10.4.1_e8.2_400bps_fast@v5.2.0,9600,2.74612e+08,22420544000
NVIDIA RTX PRO 6000 Blackwell Max-Q Workstation Edition,dna_r10.4.1_e8.2_400bps_fast@v5.2.0,9664,2.59158e+08,22537987584
NVIDIA RTX PRO 6000 Blackwell Max-Q Workstation Edition,dna_r10.4.1_e8.2_400bps_fast@v5.2.0,9728,2.60819e+08,22647042560
NVIDIA RTX PRO 6000 Blackwell Max-Q Workstation Edition,dna_r10.4.1_e8.2_400bps_fast@v5.2.0,9792,2.6252e+08,22762388992
NVIDIA RTX PRO 6000 Blackwell Max-Q Workstation Edition,dna_r10.4.1_e8.2_400bps_fast@v5.2.0,9856,2.63653e+08,22873541120
NVIDIA RTX PRO 6000 Blackwell Max-Q Workstation Edition,dna_r10.4.1_e8.2_400bps_fast@v5.2.0,9920,2.65197e+08,22986790400
NVIDIA RTX PRO 6000 Blackwell Max-Q Workstation Edition,dna_r10.4.1_e8.2_400bps_fast@v5.2.0,9984,2.66811e+08,23102136832
NVIDIA RTX PRO 6000 Blackwell Max-Q Workstation Edition,dna_r10.4.1_e8.2_400bps_fast@v5.2.0,10048,2.67112e+08,23211191808
NVIDIA RTX PRO 6000 Blackwell Max-Q Workstation Edition,dna_r10.4.1_e8.2_400bps_fast@v5.2.0,10112,2.51681e+08,23330732544
NVIDIA RTX PRO 6000 Blackwell Max-Q Workstation Edition,dna_r10.4.1_e8.2_400bps_fast@v5.2.0,10176,2.6974e+08,23446078976
NVIDIA RTX PRO 6000 Blackwell Max-Q Workstation Edition,dna_r10.4.1_e8.2_400bps_fast@v5.2.0,10240,2.76204e+08,23555133952
NVIDIA RTX PRO 6000 Blackwell Max-Q Workstation Edition,dna_r10.4.1_e8.2_400bps_hac@v5.2.0,64,1.02305e+07,419577856
NVIDIA RTX PRO 6000 Blackwell Max-Q Workstation Edition,dna_r10.4.1_e8.2_400bps_hac@v5.2.0,128,1.87921e+07,814786048
NVIDIA RTX PRO 6000 Blackwell Max-Q Workstation Edition,dna_r10.4.1_e8.2_400bps_hac@v5.2.0,192,2.76995e+07,1208414208
NVIDIA RTX PRO 6000 Blackwell Max-Q Workstation Edition,dna_r10.4.1_e8.2_400bps_hac@v5.2.0,256,3.62839e+07,1598060544
NVIDIA RTX PRO 6000 Blackwell Max-Q Workstation Edition,dna_r10.4.1_e8.2_400bps_hac@v5.2.0,320,4.40692e+07,1991639552
NVIDIA RTX PRO 6000 Blackwell Max-Q Workstation Edition,dna_r10.4.1_e8.2_400bps_hac@v5.2.0,384,5.19083e+07,2384487936
NVIDIA RTX PRO 6000 Blackwell Max-Q Workstation Edition,dna_r10.4.1_e8.2_400bps_hac@v5.2.0,448,5.98754e+07,2776227328
NVIDIA RTX PRO 6000 Blackwell Max-Q Workstation Edition,dna_r10.4.1_e8.2_400bps_hac@v5.2.0,512,6.63658e+07,3169700864
NVIDIA RTX PRO 6000 Blackwell Max-Q Workstation Edition,dna_r10.4.1_e8.2_400bps_hac@v5.2.0,576,6.51685e+07,3562658304
NVIDIA RTX PRO 6000 Blackwell Max-Q Workstation Edition,dna_r10.4.1_e8.2_400bps_hac@v5.2.0,640,6.98457e+07,3955576320
NVIDIA RTX PRO 6000 Blackwell Max-Q Workstation Edition,dna_r10.4.1_e8.2_400bps_hac@v5.2.0,704,7.29688e+07,4337134080
NVIDIA RTX PRO 6000 Blackwell Max-Q Workstation Edition,dna_r10.4.1_e8.2_400bps_hac@v5.2.0,768,7.56874e+07,4739144192
NVIDIA RTX PRO 6000 Blackwell Max-Q Workstation Edition,dna_r10.4.1_e8.2_400bps_hac@v5.2.0,832,7.8757e+07,5113197056
NVIDIA RTX PRO 6000 Blackwell Max-Q Workstation Edition,dna_r10.4.1_e8.2_400bps_hac@v5.2.0,896,8.21305e+07,5528353280
NVIDIA RTX PRO 6000 Blackwell Max-Q Workstation Edition,dna_r10.4.1_e8.2_400bps_hac@v5.2.0,960,8.39537e+07,5899042304
NVIDIA RTX PRO 6000 Blackwell Max-Q Workstation Edition,dna_r10.4.1_e8.2_400bps_hac@v5.2.0,1024,7.23142e+07,6287169536
NVIDIA RTX PRO 6000 Blackwell Max-Q Workstation Edition,dna_r10.4.1_e8.2_400bps_hac@v5.2.0,1088,7.30938e+07,6677062144
NVIDIA RTX PRO 6000 Blackwell Max-Q Workstation Edition,dna_r10.4.1_e8.2_400bps_hac@v5.2.0,1152,7.5729e+07,7090073088
NVIDIA RTX PRO 6000 Blackwell Max-Q Workstation Edition,dna_r10.4.1_e8.2_400bps_hac@v5.2.0,1216,7.74265e+07,7484760576
NVIDIA RTX PRO 6000 Blackwell Max-Q Workstation Edition,dna_r10.4.1_e8.2_400bps_hac@v5.2.0,1280,8.02058e+07,7861855232
NVIDIA RTX PRO 6000 Blackwell Max-Q Workstation Edition,dna_r10.4.1_e8.2_400bps_hac@v5.2.0,1344,8.15683e+07,8253169152
NVIDIA RTX PRO 6000 Blackwell Max-Q Workstation Edition,dna_r10.4.1_e8.2_400bps_hac@v5.2.0,1408,8.26367e+07,8652082176
NVIDIA RTX PRO 6000 Blackwell Max-Q Workstation Edition,dna_r10.4.1_e8.2_400bps_hac@v5.2.0,1472,8.49245e+07,9052197376
NVIDIA RTX PRO 6000 Blackwell Max-Q Workstation Edition,dna_r10.4.1_e8.2_400bps_hac@v5.2.0,1536,8.70295e+07,9431041536
NVIDIA RTX PRO 6000 Blackwell Max-Q Workstation Edition,dna_r10.4.1_e8.2_400bps_hac@v5.2.0,1600,8.5925e+07,9839501824
NVIDIA RTX PRO 6000 Blackwell Max-Q Workstation Edition,dna_r10.4.1_e8.2_400bps_hac@v5.2.0,1664,8.93269e+07,10220722176
NVIDIA RTX PRO 6000 Blackwell Max-Q Workstation Edition,dna_r10.4.1_e8.2_400bps_hac@v5.2.0,1728,9.10157e+07,10609232384
NVIDIA RTX PRO 6000 Blackwell Max-Q Workstation Edition,dna_r10.4.1_e8.2_400bps_hac@v5.2.0,1792,9.08191e+07,11006065664
NVIDIA RTX PRO 6000 Blackwell Max-Q Workstation Edition,dna_r10.4.1_e8.2_400bps_hac@v5.2.0,1856,9.22105e+07,11344986624
NVIDIA RTX PRO 6000 Blackwell Max-Q Workstation Edition,dna_r10.4.1_e8.2_400bps_hac@v5.2.0,1920,9.524e+07,11777702400
NVIDIA RTX PRO 6000 Blackwell Max-Q Workstation Edition,dna_r10.4.1_e8.2_400bps_hac@v5.2.0,1984,9.65082e+07,12166442496
NVIDIA RTX PRO 6000 Blackwell Max-Q Workstation Edition,dna_r10.4.1_e8.2_400bps_hac@v5.2.0,2048,8.72712e+07,12520097792
NVIDIA RTX PRO 6000 Blackwell Max-Q Workstation Edition,dna_r10.4.1_e8.2_400bps_hac@v5.2.0,2112,8.8003e+07,12956412416
NVIDIA RTX PRO 6000 Blackwell Max-Q Workstation Edition,dna_r10.4.1_e8.2_400bps_hac@v5.2.0,2176,8.84716e+07,13360841728
NVIDIA RTX PRO 6000 Blackwell Max-Q Workstation Edition,dna_r10.4.1_e8.2_400bps_hac@v5.2.0,2240,8.88785e+07,13685444096
NVIDIA RTX PRO 6000 Blackwell Max-Q Workstation Edition,dna_r10.4.1_e8.2_400bps_hac@v5.2.0,2304,8.91204e+07,14142082560
NVIDIA RTX PRO 6000 Blackwell Max-Q Workstation Edition,dna_r10.4.1_e8.2_400bps_hac@v5.2.0,2368,9.15655e+07,14522542592
NVIDIA RTX PRO 6000 Blackwell Max-Q Workstation Edition,dna_r10.4.1_e8.2_400bps_hac@v5.2.0,2432,1.01256e+08,14918577152
NVIDIA RTX PRO 6000 Blackwell Max-Q Workstation Edition,dna_r10.4.1_e8.2_400bps_hac@v5.2.0,2496,1.01292e+08,15242624512
NVIDIA RTX PRO 6000 Blackwell Max-Q Workstation Edition,dna_r10.4.1_e8.2_400bps_hac@v5.2.0,2560,1.04126e+08,15693172224
NVIDIA RTX PRO 6000 Blackwell Max-Q Workstation Edition,dna_r10.4.1_e8.2_400bps_hac@v5.2.0,2624,1.01353e+08,16026093056
NVIDIA RTX PRO 6000 Blackwell Max-Q Workstation Edition,dna_r10.4.1_e8.2_400bps_hac@v5.2.0,2688,1.09065e+08,16487421952
NVIDIA RTX PRO 6000 Blackwell Max-Q Workstation Edition,dna_r10.4.1_e8.2_400bps_hac@v5.2.0,2752,1.03519e+08,16808483840
NVIDIA RTX PRO 6000 Blackwell Max-Q Workstation Edition,dna_r10.4.1_e8.2_400bps_hac@v5.2.0,2816,1.11411e+08,17193704448
NVIDIA RTX PRO 6000 Blackwell Max-Q Workstation Edition,dna_r10.4.1_e8.2_400bps_hac@v5.2.0,2880,1.05503e+08,17583574528
NVIDIA RTX PRO 6000 Blackwell Max-Q Workstation Edition,dna_r10.4.1_e8.2_400bps_hac@v5.2.0,2944,1.10694e+08,18044605952
NVIDIA RTX PRO 6000 Blackwell Max-Q Workstation Edition,dna_r10.4.1_e8.2_400bps_hac@v5.2.0,3008,1.07134e+08,18370598400
NVIDIA RTX PRO 6000 Blackwell Max-Q Workstation Edition,dna_r10.4.1_e8.2_400bps_hac@v5.2.0,3072,1.1223e+08,18826277888
NVIDIA RTX PRO 6000 Blackwell Max-Q Workstation Edition,dna_r10.4.1_e8.2_400bps_hac@v5.2.0,3136,1.11512e+08,19255640064
NVIDIA RTX PRO 6000 Blackwell Max-Q Workstation Edition,dna_r10.4.1_e8.2_400bps_hac@v5.2.0,3200,1.13898e+08,19604954112
NVIDIA RTX PRO 6000 Blackwell Max-Q Workstation Edition,dna_r10.4.1_e8.2_400bps_hac@v5.2.0,3264,1.12853e+08,19996122112
NVIDIA RTX PRO 6000 Blackwell Max-Q Workstation Edition,dna_r10.4.1_e8.2_400bps_hac@v5.2.0,3328,1.1504e+08,20315487744
NVIDIA RTX PRO 6000 Blackwell Max-Q Workstation Edition,dna_r10.4.1_e8.2_400bps_hac@v5.2.0,3392,1.14158e+08,20779729920
NVIDIA RTX PRO 6000 Blackwell Max-Q Workstation Edition,dna_r10.4.1_e8.2_400bps_hac@v5.2.0,3456,1.19396e+08,21094870528
NVIDIA RTX PRO 6000 Blackwell Max-Q Workstation Edition,dna_r10.4.1_e8.2_400bps_hac@v5.2.0,3520,1.14688e+08,21562476032
NVIDIA RTX PRO 6000 Blackwell Max-Q Workstation Edition,dna_r10.4.1_e8.2_400bps_hac@v5.2.0,3584,1.20089e+08,21874471936
NVIDIA RTX PRO 6000 Blackwell Max-Q Workstation Edition,dna_r10.4.1_e8.2_400bps_hac@v5.2.0,3648,1.15247e+08,22269656064
NVIDIA RTX PRO 6000 Blackwell Max-Q Workstation Edition,dna_r10.4.1_e8.2_400bps_hac@v5.2.0,3712,1.20768e+08,22736270336
NVIDIA RTX PRO 6000 Blackwell Max-Q Workstation Edition,dna_r10.4.1_e8.2_400bps_hac@v5.2.0,3776,1.19087e+08,23041709056
NVIDIA RTX PRO 6000 Blackwell Max-Q Workstation Edition,dna_r10.4.1_e8.2_400bps_hac@v5.2.0,3840,1.2113e+08,23433180160
NVIDIA RTX PRO 6000 Blackwell Max-Q Workstation Edition,dna_r10.4.1_e8.2_400bps_hac@v5.2.0,3904,1.19255e+08,23906159616
NVIDIA RTX PRO 6000 Blackwell Max-Q Workstation Edition,dna_r10.4.1_e8.2_400bps_hac@v5.2.0,3968,1.25222e+08,24299788288
NVIDIA RTX PRO 6000 Blackwell Max-Q Workstation Edition,dna_r10.4.1_e8.2_400bps_hac@v5.2.0,4032,9.5237e+07,24606430208
NVIDIA RTX PRO 6000 Blackwell Max-Q Workstation Edition,dna_r10.4.1_e8.2_400bps_hac@v5.2.0,4096,9.62561e+07,25095484416
NVIDIA RTX PRO 6000 Blackwell Max-Q Workstation Edition,dna_r10.4.1_e8.2_400bps_hac@v5.2.0,4160,9.42115e+07,25383876608
NVIDIA RTX PRO 6000 Blackwell Max-Q Workstation Edition,dna_r10.4.1_e8.2_400bps_hac@v5.2.0,4224,9.57076e+07,25865226752
NVIDIA RTX PRO 6000 Blackwell Max-Q Workstation Edition,dna_r10.4.1_e8.2_400bps_hac@v5.2.0,4288,9.69565e+07,26164674560
NVIDIA RTX PRO 6000 Blackwell Max-Q Workstation Edition,dna_r10.4.1_e8.2_400bps_hac@v5.2.0,4352,9.82974e+07,26645137408
NVIDIA RTX PRO 6000 Blackwell Max-Q Workstation Edition,dna_r10.4.1_e8.2_400bps_hac@v5.2.0,4416,9.55686e+07,26960444928
NVIDIA RTX PRO 6000 Blackwell Max-Q Workstation Edition,dna_r10.4.1_e8.2_400bps_hac@v5.2.0,4480,9.65386e+07,27437365760
NVIDIA RTX PRO 6000 Blackwell Max-Q Workstation Edition,dna_r10.4.1_e8.2_400bps_hac@v5.2.0,4544,9.82067e+07,27729703424
NVIDIA RTX PRO 6000 Blackwell Max-Q Workstation Edition,dna_r10.4.1_e8.2_400bps_hac@v5.2.0,4608,9.93888e+07,28209899520
NVIDIA RTX PRO 6000 Blackwell Max-Q Workstation Edition,dna_r10.4.1_e8.2_400bps_hac@v5.2.0,4672,1.00859e+08,28502774784
NVIDIA RTX PRO 6000 Blackwell Max-Q Workstation Edition,dna_r10.4.1_e8.2_400bps_hac@v5.2.0,4736,9.77487e+07,29010445312
NVIDIA RTX PRO 6000 Blackwell Max-Q Workstation Edition,dna_r10.4.1_e8.2_400bps_hac@v5.2.0,4800,9.90052e+07,29291273728
NVIDIA RTX PRO 6000 Blackwell Max-Q Workstation Edition,dna_r10.4.1_e8.2_400bps_hac@v5.2.0,4864,1.00189e+08,29832876032
NVIDIA RTX PRO 6000 Blackwell Max-Q Workstation Edition,dna_r10.4.1_e8.2_400bps_hac@v5.2.0,4928,1.01562e+08,30217140224
NVIDIA RTX PRO 6000 Blackwell Max-Q Workstation Edition,dna_r10.4.1_e8.2_400bps_hac@v5.2.0,4992,9.79003e+07,30451640832
NVIDIA RTX PRO 6000 Blackwell Max-Q Workstation Edition,dna_r10.4.1_e8.2_400bps_hac@v5.2.0,5056,9.41904e+07,30964519936
NVIDIA RTX PRO 6000 Blackwell Max-Q Workstation Edition,dna_r10.4.1_e8.2_400bps_hac@v5.2.0,5120,9.5203e+07,31347533824
NVIDIA RTX PRO 6000 Blackwell Max-Q Workstation Edition,dna_r10.4.1_e8.2_400bps_hac@v5.2.0,5184,1.11812e+08,31736878592
NVIDIA RTX PRO 6000 Blackwell Max-Q Workstation Edition,dna_r10.4.1_e8.2_400bps_hac@v5.2.0,5248,1.03132e+08,32018569728
NVIDIA RTX PRO 6000 Blackwell Max-Q Workstation Edition,dna_r10.4.1_e8.2_400bps_hac@v5.2.0,5312,1.14506e+08,32515005440
NVIDIA RTX PRO 6000 Blackwell Max-Q Workstation Edition,dna_r10.4.1_e8.2_400bps_hac@v5.2.0,5376,1.10476e+08,32921920512
NVIDIA RTX PRO 6000 Blackwell Max-Q Workstation Edition,dna_r10.4.1_e8.2_400bps_hac@v5.2.0,5440,1.17168e+08,33305698816
NVIDIA RTX PRO 6000 Blackwell Max-Q Workstation Edition,dna_r10.4.1_e8.2_400bps_hac@v5.2.0,5504,1.07788e+08,33696311296
NVIDIA RTX PRO 6000 Blackwell Max-Q Workstation Edition,dna_r10.4.1_e8.2_400bps_hac@v5.2.0,5568,1.14599e+08,34083532288
NVIDIA RTX PRO 6000 Blackwell Max-Q Workstation Edition,dna_r10.4.1_e8.2_400bps_hac@v5.2.0,5632,1.10106e+08,34350926848
NVIDIA RTX PRO 6000 Blackwell Max-Q Workstation Edition,dna_r10.4.1_e8.2_400bps_hac@v5.2.0,5696,1.17074e+08,34876864000
NVIDIA RTX PRO 6000 Blackwell Max-Q Workstation Edition,dna_r10.4.1_e8.2_400bps_hac@v5.2.0,5760,1.0719e+08,35257800704
NVIDIA RTX PRO 6000 Blackwell Max-Q Workstation Edition,dna_r10.4.1_e8.2_400bps_hac@v5.2.0,5824,1.19575e+08,35526195712
NVIDIA RTX PRO 6000 Blackwell Max-Q Workstation Edition,dna_r10.4.1_e8.2_400bps_hac@v5.2.0,5888,1.14981e+08,36098996224
NVIDIA RTX PRO 6000 Blackwell Max-Q Workstation Edition,dna_r10.4.1_e8.2_400bps_hac@v5.2.0,5952,1.1656e+08,36432120832
NVIDIA RTX PRO 6000 Blackwell Max-Q Workstation Edition,dna_r10.4.1_e8.2_400bps_hac@v5.2.0,6016,1.11742e+08,36833007104
NVIDIA RTX PRO 6000 Blackwell Max-Q Workstation Edition,dna_r10.4.1_e8.2_400bps_hac@v5.2.0,6080,1.06928e+08,37089307136
NVIDIA RTX PRO 6000 Blackwell Max-Q Workstation Edition,dna_r10.4.1_e8.2_400bps_hac@v5.2.0,6144,1.13655e+08,37608837120
NVIDIA RTX PRO 6000 Blackwell Max-Q Workstation Edition,dna_r10.4.1_e8.2_400bps_hac@v5.2.0,6208,1.09208e+08,37863330304
NVIDIA RTX PRO 6000 Blackwell Max-Q Workstation Edition,dna_r10.4.1_e8.2_400bps_hac@v5.2.0,6272,1.16184e+08,38395504640
NVIDIA RTX PRO 6000 Blackwell Max-Q Workstation Edition,dna_r10.4.1_e8.2_400bps_hac@v5.2.0,6336,1.1107e+08,38656335872
NVIDIA RTX PRO 6000 Blackwell Max-Q Workstation Edition,dna_r10.4.1_e8.2_400bps_hac@v5.2.0,6400,1.18547e+08,39221371904
NVIDIA RTX PRO 6000 Blackwell Max-Q Workstation Edition,dna_r10.4.1_e8.2_400bps_hac@v5.2.0,6464,1.07324e+08,39566025728
NVIDIA RTX PRO 6000 Blackwell Max-Q Workstation Edition,dna_r10.4.1_e8.2_400bps_hac@v5.2.0,6528,1.1471e+08,39952224768
NVIDIA RTX PRO 6000 Blackwell Max-Q Workstation Edition,dna_r10.4.1_e8.2_400bps_hac@v5.2.0,6592,1.09456e+08,40342933504
NVIDIA RTX PRO 6000 Blackwell Max-Q Workstation Edition,dna_r10.4.1_e8.2_400bps_hac@v5.2.0,6656,1.16533e+08,40601644544
NVIDIA RTX PRO 6000 Blackwell Max-Q Workstation Edition,dna_r10.4.1_e8.2_400bps_hac@v5.2.0,6720,1.11457e+08,40994102272
NVIDIA RTX PRO 6000 Blackwell Max-Q Workstation Edition,dna_r10.4.1_e8.2_400bps_hac@v5.2.0,6784,1.18883e+08,41519816704
NVIDIA RTX PRO 6000 Blackwell Max-Q Workstation Edition,dna_r10.4.1_e8.2_400bps_hac@v5.2.0,6848,1.13501e+08,41908068864
NVIDIA RTX PRO 6000 Blackwell Max-Q Workstation Edition,dna_r10.4.1_e8.2_400bps_hac@v5.2.0,6912,1.21113e+08,42156662784
NVIDIA RTX PRO 6000 Blackwell Max-Q Workstation Edition,dna_r10.4.1_e8.2_400bps_hac@v5.2.0,6976,1.15483e+08,42551421952
NVIDIA RTX PRO 6000 Blackwell Max-Q Workstation Edition,dna_r10.4.1_e8.2_400bps_hac@v5.2.0,7040,1.16722e+08,43085945856
NVIDIA RTX PRO 6000 Blackwell Max-Q Workstation Edition,dna_r10.4.1_e8.2_400bps_hac@v5.2.0,7104,1.11007e+08,43468961792
NVIDIA RTX PRO 6000 Blackwell Max-Q Workstation Edition,dna_r10.4.1_e8.2_400bps_hac@v5.2.0,7168,1.18357e+08,43863845888
NVIDIA RTX PRO 6000 Blackwell Max-Q Workstation Edition,dna_r10.4.1_e8.2_400bps_hac@v5.2.0,7232,1.1251e+08,44116354048
NVIDIA RTX PRO 6000 Blackwell Max-Q Workstation Edition,dna_r10.4.1_e8.2_400bps_hac@v5.2.0,7296,1.20656e+08,44657090048
NVIDIA RTX PRO 6000 Blackwell Max-Q Workstation Edition,dna_r10.4.1_e8.2_400bps_hac@v5.2.0,7360,1.1466e+08,44892897280
NVIDIA RTX PRO 6000 Blackwell Max-Q Workstation Edition,dna_r10.4.1_e8.2_400bps_hac@v5.2.0,7424,1.22672e+08,45429031424
NVIDIA RTX PRO 6000 Blackwell Max-Q Workstation Edition,dna_r10.4.1_e8.2_400bps_hac@v5.2.0,7488,1.166e+08,45816912384
NVIDIA RTX PRO 6000 Blackwell Max-Q Workstation Edition,dna_r10.4.1_e8.2_400bps_hac@v5.2.0,7552,1.17716e+08,46213830656
NVIDIA RTX PRO 6000 Blackwell Max-Q Workstation Edition,dna_r10.4.1_e8.2_400bps_hac@v5.2.0,7616,1.18499e+08,46607703040
NVIDIA RTX PRO 6000 Blackwell Max-Q Workstation Edition,dna_r10.4.1_e8.2_400bps_hac@v5.2.0,7680,1.26604e+08,46996669440
NVIDIA RTX PRO 6000 Blackwell Max-Q Workstation Edition,dna_r10.4.1_e8.2_400bps_hac@v5.2.0,7744,1.13277e+08,47382108160
NVIDIA RTX PRO 6000 Blackwell Max-Q Workstation Edition,dna_r10.4.1_e8.2_400bps_hac@v5.2.0,7808,1.21438e+08,47612416000
NVIDIA RTX PRO 6000 Blackwell Max-Q Workstation Edition,dna_r10.4.1_e8.2_400bps_hac@v5.2.0,7872,1.15008e+08,48181180416
NVIDIA RTX PRO 6000 Blackwell Max-Q Workstation Edition,dna_r10.4.1_e8.2_400bps_hac@v5.2.0,7936,1.23169e+08,48565312512
NVIDIA RTX PRO 6000 Blackwell Max-Q Workstation Edition,dna_r10.4.1_e8.2_400bps_hac@v5.2.0,8000,1.08971e+08,48958769664
NVIDIA RTX PRO 6000 Blackwell Max-Q Workstation Edition,dna_r10.4.1_e8.2_400bps_hac@v5.2.0,8064,1.02268e+08,49342311936
NVIDIA RTX PRO 6000 Blackwell Max-Q Workstation Edition,dna_r10.4.1_e8.2_400bps_hac@v5.2.0,8128,1.10633e+08,49728075776
NVIDIA RTX PRO 6000 Blackwell Max-Q Workstation Edition,dna_r10.4.1_e8.2_400bps_hac@v5.2.0,8192,1.0251e+08,50133634560
NVIDIA RTX PRO 6000 Blackwell Max-Q Workstation Edition,dna_r10.4.1_e8.2_400bps_hac@v5.2.0,8256,1.12234e+08,50518726656
NVIDIA RTX PRO 6000 Blackwell Max-Q Workstation Edition,dna_r10.4.1_e8.2_400bps_hac@v5.2.0,8320,1.05269e+08,50906139648
NVIDIA RTX PRO 6000 Blackwell Max-Q Workstation Edition,dna_r10.4.1_e8.2_400bps_hac@v5.2.0,8384,1.13851e+08,51315812864
NVIDIA RTX PRO 6000 Blackwell Max-Q Workstation Edition,dna_r10.4.1_e8.2_400bps_hac@v5.2.0,8448,1.06668e+08,51685415936
NVIDIA RTX PRO 6000 Blackwell Max-Q Workstation Edition,dna_r10.4.1_e8.2_400bps_hac@v5.2.0,8512,1.07773e+08,52094948352
NVIDIA RTX PRO 6000 Blackwell Max-Q Workstation Edition,dna_r10.4.1_e8.2_400bps_hac@v5.2.0,8576,1.08347e+08,52476865024
NVIDIA RTX PRO 6000 Blackwell Max-Q Workstation Edition,dna_r10.4.1_e8.2_400bps_hac@v5.2.0,8640,1.09038e+08,52866678784
NVIDIA RTX PRO 6000 Blackwell Max-Q Workstation Edition,dna_r10.4.1_e8.2_400bps_hac@v5.2.0,8704,1.09558e+08,53250452480
NVIDIA RTX PRO 6000 Blackwell Max-Q Workstation Edition,dna_r10.4.1_e8.2_400bps_hac@v5.2.0,8768,1.11491e+08,53638563328
NVIDIA RTX PRO 6000 Blackwell Max-Q Workstation Edition,dna_r10.4.1_e8.2_400bps_hac@v5.2.0,8832,1.11285e+08,54060197888
NVIDIA RTX PRO 6000 Blackwell Max-Q Workstation Edition,dna_r10.4.1_e8.2_400bps_hac@v5.2.0,8896,1.12327e+08,54441858560
NVIDIA RTX PRO 6000 Blackwell Max-Q Workstation Edition,dna_r10.4.1_e8.2_400bps_hac@v5.2.0,8960,1.12664e+08,54829302784
NVIDIA RTX PRO 6000 Blackwell Max-Q Workstation Edition,dna_r10.4.1_e8.2_400bps_hac@v5.2.0,9024,1.1386e+08,55219748864
NVIDIA RTX PRO 6000 Blackwell Max-Q Workstation Edition,dna_r10.4.1_e8.2_400bps_hac@v5.2.0,9088,1.06214e+08,55601176064
NVIDIA RTX PRO 6000 Blackwell Max-Q Workstation Edition,dna_r10.4.1_e8.2_400bps_hac@v5.2.0,9152,1.15269e+08,56002995712
NVIDIA RTX PRO 6000 Blackwell Max-Q Workstation Edition,dna_r10.4.1_e8.2_400bps_hac@v5.2.0,9216,1.06924e+08,56196800512
NVIDIA RTX PRO 6000 Blackwell Max-Q Workstation Edition,dna_r10.4.1_e8.2_400bps_hac@v5.2.0,9280,1.16764e+08,56779852288
NVIDIA RTX PRO 6000 Blackwell Max-Q Workstation Edition,dna_r10.4.1_e8.2_400bps_hac@v5.2.0,9344,1.08906e+08,57165890560
NVIDIA RTX PRO 6000 Blackwell Max-Q Workstation Edition,dna_r10.4.1_e8.2_400bps_hac@v5.2.0,9408,1.18193e+08,57649399808
NVIDIA RTX PRO 6000 Blackwell Max-Q Workstation Edition,dna_r10.4.1_e8.2_400bps_hac@v5.2.0,9472,1.10178e+08,57968961536
NVIDIA RTX PRO 6000 Blackwell Max-Q Workstation Edition,dna_r10.4.1_e8.2_400bps_hac@v5.2.0,9536,1.11207e+08,58348566016
NVIDIA RTX PRO 6000 Blackwell Max-Q Workstation Edition,dna_r10.4.1_e8.2_400bps_hac@v5.2.0,9600,1.1189e+08,58737548800
NVIDIA RTX PRO 6000 Blackwell Max-Q Workstation Edition,dna_r10.4.1_e8.2_400bps_hac@v5.2.0,9664,1.12657e+08,59133349888
NVIDIA RTX PRO 6000 Blackwell Max-Q Workstation Edition,dna_r10.4.1_e8.2_400bps_hac@v5.2.0,9728,1.12743e+08,59516785664
NVIDIA RTX PRO 6000 Blackwell Max-Q Workstation Edition,dna_r10.4.1_e8.2_400bps_hac@v5.2.0,9792,1.1413e+08,59915358720
NVIDIA RTX PRO 6000 Blackwell Max-Q Workstation Edition,dna_r10.4.1_e8.2_400bps_hac@v5.2.0,9856,1.14437e+08,60298813952
NVIDIA RTX PRO 6000 Blackwell Max-Q Workstation Edition,dna_r10.4.1_e8.2_400bps_hac@v5.2.0,9920,1.15458e+08,60690904064
NVIDIA RTX PRO 6000 Blackwell Max-Q Workstation Edition,dna_r10.4.1_e8.2_400bps_hac@v5.2.0,9984,1.15801e+08,61167001088
NVIDIA RTX PRO 6000 Blackwell Max-Q Workstation Edition,dna_r10.4.1_e8.2_400bps_hac@v5.2.0,10048,1.07302e+08,61472613376
NVIDIA RTX PRO 6000 Blackwell Max-Q Workstation Edition,dna_r10.4.1_e8.2_400bps_hac@v5.2.0,10112,1.17151e+08,61880120320
NVIDIA RTX PRO 6000 Blackwell Max-Q Workstation Edition,dna_r10.4.1_e8.2_400bps_hac@v5.2.0,10176,1.08618e+08,62268410880
NVIDIA RTX PRO 6000 Blackwell Max-Q Workstation Edition,dna_r10.4.1_e8.2_400bps_hac@v5.2.0,10240,1.19193e+08,62648047104
NVIDIA RTX PRO 6000 Blackwell Max-Q Workstation Edition,dna_r10.4.1_e8.2_400bps_hac@v6.0.0,64,2.47764e+06,632250368
NVIDIA RTX PRO 6000 Blackwell Max-Q Workstation Edition,dna_r10.4.1_e8.2_400bps_hac@v6.0.0,128,5.02873e+06,1233422336
NVIDIA RTX PRO 6000 Blackwell Max-Q Workstation Edition,dna_r10.4.1_e8.2_400bps_hac@v6.0.0,192,7.31195e+06,1833353728
NVIDIA RTX PRO 6000 Blackwell Max-Q Workstation Edition,dna_r10.4.1_e8.2_400bps_hac@v6.0.0,256,9.7405e+06,2432889856
NVIDIA RTX PRO 6000 Blackwell Max-Q Workstation Edition,dna_r10.4.1_e8.2_400bps_hac@v6.0.0,320,1.23633e+07,3034515456
NVIDIA RTX PRO 6000 Blackwell Max-Q Workstation Edition,dna_r10.4.1_e8.2_400bps_hac@v6.0.0,384,1.45942e+07,3634841600
NVIDIA RTX PRO 6000 Blackwell Max-Q Workstation Edition,dna_r10.4.1_e8.2_400bps_hac@v6.0.0,448,1.702e+07,4234049536
NVIDIA RTX PRO 6000 Blackwell Max-Q Workstation Edition,dna_r10.4.1_e8.2_400bps_hac@v6.0.0,512,1.91367e+07,4834173952
NVIDIA RTX PRO 6000 Blackwell Max-Q Workstation Edition,dna_r10.4.1_e8.2_400bps_hac@v6.0.0,576,2.15188e+07,5437883392
NVIDIA RTX PRO 6000 Blackwell Max-Q Workstation Edition,dna_r10.4.1_e8.2_400bps_hac@v6.0.0,640,2.35132e+07,6036576256
NVIDIA RTX PRO 6000 Blackwell Max-Q Workstation Edition,dna_r10.4.1_e8.2_400bps_hac@v6.0.0,704,2.54426e+07,6635317248
NVIDIA RTX PRO 6000 Blackwell Max-Q Workstation Edition,dna_r10.4.1_e8.2_400bps_hac@v6.0.0,768,2.68129e+07,7233838592
NVIDIA RTX PRO 6000 Blackwell Max-Q Workstation Edition,dna_r10.4.1_e8.2_400bps_hac@v6.0.0,832,2.79641e+07,7814261248
NVIDIA RTX PRO 6000 Blackwell Max-Q Workstation Edition,dna_r10.4.1_e8.2_400bps_hac@v6.0.0,896,2.96534e+07,8435909120
NVIDIA RTX PRO 6000 Blackwell Max-Q Workstation Edition,dna_r10.4.1_e8.2_400bps_hac@v6.0.0,960,3.05727e+07,9037062656
NVIDIA RTX PRO 6000 Blackwell Max-Q Workstation Edition,dna_r10.4.1_e8.2_400bps_hac@v6.0.0,1024,3.13398e+07,9616446976
NVIDIA RTX PRO 6000 Blackwell Max-Q Workstation Edition,dna_r10.4.1_e8.2_400bps_hac@v6.0.0,1088,3.19992e+07,10234906624
NVIDIA RTX PRO 6000 Blackwell Max-Q Workstation Edition,dna_r10.4.1_e8.2_400bps_hac@v6.0.0,1152,3.38284e+07,10838448640
NVIDIA RTX PRO 6000 Blackwell Max-Q Workstation Edition,dna_r10.4.1_e8.2_400bps_hac@v6.0.0,1216,3.41886e+07,11439829504
NVIDIA RTX PRO 6000 Blackwell Max-Q Workstation Edition,dna_r10.4.1_e8.2_400bps_hac@v6.0.0,1280,3.59868e+07,12036125184
NVIDIA RTX PRO 6000 Blackwell Max-Q Workstation Edition,dna_r10.4.1_e8.2_400bps_hac@v6.0.0,1344,4.43417e+07,12639021568
NVIDIA RTX PRO 6000 Blackwell Max-Q Workstation Edition,dna_r10.4.1_e8.2_400bps_hac@v6.0.0,1408,3.95857e+07,13246235648
NVIDIA RTX PRO 6000 Blackwell Max-Q Workstation Edition,dna_r10.4.1_e8.2_400bps_hac@v6.0.0,1472,2.6986e+07,13845829632
NVIDIA RTX PRO 6000 Blackwell Max-Q Workstation Edition,dna_r10.4.1_e8.2_400bps_hac@v6.0.0,1536,4.49377e+07,14436376576
NVIDIA RTX PRO 6000 Blackwell Max-Q Workstation Edition,dna_r10.4.1_e8.2_400bps_hac@v6.0.0,1600,2.92881e+07,15035870720
NVIDIA RTX PRO 6000 Blackwell Max-Q Workstation Edition,dna_r10.4.1_e8.2_400bps_hac@v6.0.0,1664,4.36799e+07,15646761472
NVIDIA RTX PRO 6000 Blackwell Max-Q Workstation Edition,dna_r10.4.1_e8.2_400bps_hac@v6.0.0,1728,4.95384e+07,16208353280
NVIDIA RTX PRO 6000 Blackwell Max-Q Workstation Edition,dna_r10.4.1_e8.2_400bps_hac@v6.0.0,1792,4.58908e+07,16808007168
NVIDIA RTX PRO 6000 Blackwell Max-Q Workstation Edition,dna_r10.4.1_e8.2_400bps_hac@v6.0.0,1856,3.15585e+07,17427654144
NVIDIA RTX PRO 6000 Blackwell Max-Q Workstation Edition,dna_r10.4.1_e8.2_400bps_hac@v6.0.0,1920,5.14938e+07,17962153984
NVIDIA RTX PRO 6000 Blackwell Max-Q Workstation Edition,dna_r10.4.1_e8.2_400bps_hac@v6.0.0,1984,3.15249e+07,18555720704
NVIDIA RTX PRO 6000 Blackwell Max-Q Workstation Edition,dna_r10.4.1_e8.2_400bps_hac@v6.0.0,2048,4.73849e+07,19143953408
NVIDIA RTX PRO 6000 Blackwell Max-Q Workstation Edition,dna_r10.4.1_e8.2_400bps_hac@v6.0.0,2112,3.34695e+07,19740974080
NVIDIA RTX PRO 6000 Blackwell Max-Q Workstation Edition,dna_r10.4.1_e8.2_400bps_hac@v6.0.0,2176,5.03242e+07,20418713600
NVIDIA RTX PRO 6000 Blackwell Max-Q Workstation Edition,dna_r10.4.1_e8.2_400bps_hac@v6.0.0,2240,3.28817e+07,21004240896
NVIDIA RTX PRO 6000 Blackwell Max-Q Workstation Edition,dna_r10.4.1_e8.2_400bps_hac@v6.0.0,2304,5.05011e+07,21535437312
NVIDIA RTX PRO 6000 Blackwell Max-Q Workstation Edition,dna_r10.4.1_e8.2_400bps_hac@v6.0.0,2368,3.46542e+07,22195847680
NVIDIA RTX PRO 6000 Blackwell Max-Q Workstation Edition,dna_r10.4.1_e8.2_400bps_hac@v6.0.0,2432,5.3202e+07,22737564672
NVIDIA RTX PRO 6000 Blackwell Max-Q Workstation Edition,dna_r10.4.1_e8.2_400bps_hac@v6.0.0,2496,3.64067e+07,23331756032
NVIDIA RTX PRO 6000 Blackwell Max-Q Workstation Edition,dna_r10.4.1_e8.2_400bps_hac@v6.0.0,2560,5.29024e+07,23920952320
NVIDIA RTX PRO 6000 Blackwell Max-Q Workstation Edition,dna_r10.4.1_e8.2_400bps_hac@v6.0.0,2624,3.18622e+07,24600960000
NVIDIA RTX PRO 6000 Blackwell Max-Q Workstation Edition,dna_r10.4.1_e8.2_400bps_hac@v6.0.0,2688,6.85518e+07,25196635648
NVIDIA RTX PRO 6000 Blackwell Max-Q Workstation Edition,dna_r10.4.1_e8.2_400bps_hac@v6.0.0,2752,3.02782e+07,25828766208
NVIDIA RTX PRO 6000 Blackwell Max-Q Workstation Edition,dna_r10.4.1_e8.2_400bps_hac@v6.0.0,2816,3.09839e+07,26312222208
NVIDIA RTX PRO 6000 Blackwell Max-Q Workstation Edition,dna_r10.4.1_e8.2_400bps_hac@v6.0.0,2880,6.63342e+07,26908438016
NVIDIA RTX PRO 6000 Blackwell Max-Q Workstation Edition,dna_r10.4.1_e8.2_400bps_hac@v6.0.0,2944,3.22196e+07,27513836544
NVIDIA RTX PRO 6000 Blackwell Max-Q Workstation Edition,dna_r10.4.1_e8.2_400bps_hac@v6.0.0,3008,3.28901e+07,28107914240
NVIDIA RTX PRO 6000 Blackwell Max-Q Workstation Edition,dna_r10.4.1_e8.2_400bps_hac@v6.0.0,3072,7.04548e+07,28697483264
NVIDIA RTX PRO 6000 Blackwell Max-Q Workstation Edition,dna_r10.4.1_e8.2_400bps_hac@v6.0.0,3136,3.41589e+07,29295878144
NVIDIA RTX PRO 6000 Blackwell Max-Q Workstation Edition,dna_r10.4.1_e8.2_400bps_hac@v6.0.0,3200,6.96061e+07,30023550464
NVIDIA RTX PRO 6000 Blackwell Max-Q Workstation Edition,dna_r10.4.1_e8.2_400bps_hac@v6.0.0,3264,7.49724e+07,30586827776
NVIDIA RTX PRO 6000 Blackwell Max-Q Workstation Edition,dna_r10.4.1_e8.2_400bps_hac@v6.0.0,3328,3.2434e+07,31089227264
NVIDIA RTX PRO 6000 Blackwell Max-Q Workstation Edition,dna_r10.4.1_e8.2_400bps_hac@v6.0.0,3392,3.30844e+07,31684242944
NVIDIA RTX PRO 6000 Blackwell Max-Q Workstation Edition,dna_r10.4.1_e8.2_400bps_hac@v6.0.0,3456,7.51477e+07,32385221120
NVIDIA RTX PRO 6000 Blackwell Max-Q Workstation Edition,dna_r10.4.1_e8.2_400bps_hac@v6.0.0,3520,3.42298e+07,32881359872
NVIDIA RTX PRO 6000 Blackwell Max-Q Workstation Edition,dna_r10.4.1_e8.2_400bps_hac@v6.0.0,3584,3.47595e+07,33487420416
NVIDIA RTX PRO 6000 Blackwell Max-Q Workstation Edition,dna_r10.4.1_e8.2_400bps_hac@v6.0.0,3648,7.91204e+07,34213720576
NVIDIA RTX PRO 6000 Blackwell Max-Q Workstation Edition,dna_r10.4.1_e8.2_400bps_hac@v6.0.0,3712,3.59244e+07,34676051456
NVIDIA RTX PRO 6000 Blackwell Max-Q Workstation Edition,dna_r10.4.1_e8.2_400bps_hac@v6.0.0,3776,3.65005e+07,35271020544
NVIDIA RTX PRO 6000 Blackwell Max-Q Workstation Edition,dna_r10.4.1_e8.2_400bps_hac@v6.0.0,3840,7.85805e+07,35986716160
NVIDIA RTX PRO 6000 Blackwell Max-Q Workstation Edition,dna_r10.4.1_e8.2_400bps_hac@v6.0.0,3904,3.29957e+07,36471400448
NVIDIA RTX PRO 6000 Blackwell Max-Q Workstation Edition,dna_r10.4.1_e8.2_400bps_hac@v6.0.0,3968,4.79411e+07,37220440576
NVIDIA RTX PRO 6000 Blackwell Max-Q Workstation Edition,dna_r10.4.1_e8.2_400bps_hac@v6.0.0,4032,8.257e+07,37658785792
NVIDIA RTX PRO 6000 Blackwell Max-Q Workstation Edition,dna_r10.4.1_e8.2_400bps_hac@v6.0.0,4096,7.8713e+07,38261071360
NVIDIA RTX PRO 6000 Blackwell Max-Q Workstation Edition,dna_r10.4.1_e8.2_400bps_hac@v6.0.0,4160,3.05307e+07,38969883648
NVIDIA RTX PRO 6000 Blackwell Max-Q Workstation Edition,dna_r10.4.1_e8.2_400bps_hac@v6.0.0,4224,4.62886e+07,39612177408
NVIDIA RTX PRO 6000 Blackwell Max-Q Workstation Edition,dna_r10.4.1_e8.2_400bps_hac@v6.0.0,4288,3.1407e+07,40162049536
NVIDIA RTX PRO 6000 Blackwell Max-Q Workstation Edition,dna_r10.4.1_e8.2_400bps_hac@v6.0.0,4352,8.36677e+07,40653893120
NVIDIA RTX PRO 6000 Blackwell Max-Q Workstation Edition,dna_r10.4.1_e8.2_400bps_hac@v6.0.0,4416,3.23181e+07,41247651840
NVIDIA RTX PRO 6000 Blackwell Max-Q Workstation Edition,dna_r10.4.1_e8.2_400bps_hac@v6.0.0,4480,8.60686e+07,41963735040
NVIDIA RTX PRO 6000 Blackwell Max-Q Workstation Edition,dna_r10.4.1_e8.2_400bps_hac@v6.0.0,4544,3.31395e+07,42554134528
NVIDIA RTX PRO 6000 Blackwell Max-Q Workstation Edition,dna_r10.4.1_e8.2_400bps_hac@v6.0.0,4608,8.30224e+07,43040312832
NVIDIA RTX PRO 6000 Blackwell Max-Q Workstation Edition,dna_r10.4.1_e8.2_400bps_hac@v6.0.0,4672,3.40157e+07,43636326400
NVIDIA RTX PRO 6000 Blackwell Max-Q Workstation Edition,dna_r10.4.1_e8.2_400bps_hac@v6.0.0,4736,5.13364e+07,44352782848
NVIDIA RTX PRO 6000 Blackwell Max-Q Workstation Edition,dna_r10.4.1_e8.2_400bps_hac@v6.0.0,4800,3.48904e+07,44951406592
NVIDIA RTX PRO 6000 Blackwell Max-Q Workstation Edition,dna_r10.4.1_e8.2_400bps_hac@v6.0.0,4864,8.74577e+07,45562253312
NVIDIA RTX PRO 6000 Blackwell Max-Q Workstation Edition,dna_r10.4.1_e8.2_400bps_hac@v6.0.0,4928,3.55955e+07,46023924736
NVIDIA RTX PRO 6000 Blackwell Max-Q Workstation Edition,dna_r10.4.1_e8.2_400bps_hac@v6.0.0,4992,5.3957e+07,46767692800
NVIDIA RTX PRO 6000 Blackwell Max-Q Workstation Edition,dna_r10.4.1_e8.2_400bps_hac@v6.0.0,5056,3.64975e+07,47211991040
NVIDIA RTX PRO 6000 Blackwell Max-Q Workstation Edition,dna_r10.4.1_e8.2_400bps_hac@v6.0.0,5120,8.58458e+07,47815369216
NVIDIA RTX PRO 6000 Blackwell Max-Q Workstation Edition,dna_r10.4.1_e8.2_400bps_hac@v6.0.0,5184,4.9971e+07,48411495936
NVIDIA RTX PRO 6000 Blackwell Max-Q Workstation Edition,dna_r10.4.1_e8.2_400bps_hac@v6.0.0,5248,3.0585e+07,49142212608
NVIDIA RTX PRO 6000 Blackwell Max-Q Workstation Edition,dna_r10.4.1_e8.2_400bps_hac@v6.0.0,5312,3.10994e+07,49800463872
NVIDIA RTX PRO 6000 Blackwell Max-Q Workstation Edition,dna_r10.4.1_e8.2_400bps_hac@v6.0.0,5376,5.15029e+07,50350135296
NVIDIA RTX PRO 6000 Blackwell Max-Q Workstation Edition,dna_r10.4.1_e8.2_400bps_hac@v6.0.0,5440,5.91933e+07,51001969664
NVIDIA RTX PRO 6000 Blackwell Max-Q Workstation Edition,dna_r10.4.1_e8.2_400bps_hac@v6.0.0,5504,3.08438e+07,51542549504
NVIDIA RTX PRO 6000 Blackwell Max-Q Workstation Edition,dna_r10.4.1_e8.2_400bps_hac@v6.0.0,5568,4.72042e+07,51988738048
NVIDIA RTX PRO 6000 Blackwell Max-Q Workstation Edition,dna_r10.4.1_e8.2_400bps_hac@v6.0.0,5632,3.08558e+07,52590915072
NVIDIA RTX PRO 6000 Blackwell Max-Q Workstation Edition,dna_r10.4.1_e8.2_400bps_hac@v6.0.0,5696,3.10721e+07,53185216000
NVIDIA RTX PRO 6000 Blackwell Max-Q Workstation Edition,dna_r10.4.1_e8.2_400bps_hac@v6.0.0,5760,4.88174e+07,53929939968
NVIDIA RTX PRO 6000 Blackwell Max-Q Workstation Edition,dna_r10.4.1_e8.2_400bps_hac@v6.0.0,5824,3.18859e+07,54529408512
NVIDIA RTX PRO 6000 Blackwell Max-Q Workstation Edition,dna_r10.4.1_e8.2_400bps_hac@v6.0.0,5888,3.18038e+07,55139651072
NVIDIA RTX PRO 6000 Blackwell Max-Q Workstation Edition,dna_r10.4.1_e8.2_400bps_hac@v6.0.0,5952,3.19378e+07,55732807168
NVIDIA RTX PRO 6000 Blackwell Max-Q Workstation Edition,dna_r10.4.1_e8.2_400bps_hac@v6.0.0,6016,3.19397e+07,56330351616
NVIDIA RTX PRO 6000 Blackwell Max-Q Workstation Edition,dna_r10.4.1_e8.2_400bps_hac@v6.0.0,6080,6.54971e+07,56922915840
NVIDIA RTX PRO 6000 Blackwell Max-Q Workstation Edition,dna_r10.4.1_e8.2_400bps_hac@v6.0.0,6144,3.15887e+07,57366036480
NVIDIA RTX PRO 6000 Blackwell Max-Q Workstation Edition,dna_r10.4.1_e8.2_400bps_hac@v6.0.0,6208,3.2936e+07,58123362816
NVIDIA RTX PRO 6000 Blackwell Max-Q Workstation Edition,dna_r10.4.1_e8.2_400bps_hac@v6.0.0,6272,3.23539e+07,58555236864
NVIDIA RTX PRO 6000 Blackwell Max-Q Workstation Edition,dna_r10.4.1_e8.2_400bps_hac@v6.0.0,6336,3.25081e+07,59316273664
NVIDIA RTX PRO 6000 Blackwell Max-Q Workstation Edition,dna_r10.4.1_e8.2_400bps_hac@v6.0.0,6400,6.18054e+07,59928627200
NVIDIA RTX PRO 6000 Blackwell Max-Q Workstation Edition,dna_r10.4.1_e8.2_400bps_hac@v6.0.0,6464,3.10157e+07,60519283200
NVIDIA RTX PRO 6000 Blackwell Max-Q Workstation Edition,dna_r10.4.1_e8.2_400bps_hac@v6.0.0,6528,7.04142e+07,61119326720
NVIDIA RTX PRO 6000 Blackwell Max-Q Workstation Edition,dna_r10.4.1_e8.2_400bps_hac@v6.0.0,6592,3.11828e+07,61712135168
NVIDIA RTX PRO 6000 Blackwell Max-Q Workstation Edition,dna_r10.4.1_e8.2_400bps_hac@v6.0.0,6656,4.79951e+07,62143545344
NVIDIA RTX PRO 6000 Blackwell Max-Q Workstation Edition,dna_r10.4.1_e8.2_400bps_hac@v6.0.0,6720,7.23944e+07,62912087040
NVIDIA RTX PRO 6000 Blackwell Max-Q Workstation Edition,dna_r10.4.1_e8.2_400bps_hac@v6.0.0,6784,4.88739e+07,63504879104
NVIDIA RTX PRO 6000 Blackwell Max-Q Workstation Edition,dna_r10.4.1_e8.2_400bps_hac@v6.0.0,6848,3.148e+07,64108152320
NVIDIA RTX PRO 6000 Blackwell Max-Q Workstation Edition,dna_r10.4.1_e8.2_400bps_hac@v6.0.0,6912,7.4175e+07,64718296576
NVIDIA RTX PRO 6000 Blackwell Max-Q Workstation Edition,dna_r10.4.1_e8.2_400bps_hac@v6.0.0,6976,3.17429e+07,65309527040
NVIDIA RTX PRO 6000 Blackwell Max-Q Workstation Edition,dna_r10.4.1_e8.2_400bps_hac@v6.0.0,7040,5.05963e+07,65721540096
NVIDIA RTX PRO 6000 Blackwell Max-Q Workstation Edition,dna_r10.4.1_e8.2_400bps_hac@v6.0.0,7104,7.60271e+07,66499713024
NVIDIA RTX PRO 6000 Blackwell Max-Q Workstation Edition,dna_r10.4.1_e8.2_400bps_hac@v6.0.0,7168,4.87066e+07,66925004288
NVIDIA RTX PRO 6000 Blackwell Max-Q Workstation Edition,dna_r10.4.1_e8.2_400bps_hac@v6.0.0,7232,3.22866e+07,67712291328
NVIDIA RTX PRO 6000 Blackwell Max-Q Workstation Edition,dna_r10.4.1_e8.2_400bps_hac@v6.0.0,7296,7.02384e+07,68199467008
NVIDIA RTX PRO 6000 Blackwell Max-Q Workstation Edition,dna_r10.4.1_e8.2_400bps_hac@v6.0.0,7360,3.25875e+07,68794459648
NVIDIA RTX PRO 6000 Blackwell Max-Q Workstation Edition,dna_r10.4.1_e8.2_400bps_hac@v6.0.0,7424,5.23468e+07,69396861952
NVIDIA RTX PRO 6000 Blackwell Max-Q Workstation Edition,dna_r10.4.1_e8.2_400bps_hac@v6.0.0,7488,7.19554e+07,69988553216
NVIDIA RTX PRO 6000 Blackwell Max-Q Workstation Edition,dna_r10.4.1_e8.2_400bps_hac@v6.0.0,7552,5.24968e+07,70584197120
NVIDIA RTX PRO 6000 Blackwell Max-Q Workstation Edition,dna_r10.4.1_e8.2_400bps_hac@v6.0.0,7616,3.28577e+07,71373959168
NVIDIA RTX PRO 6000 Blackwell Max-Q Workstation Edition,dna_r10.4.1_e8.2_400bps_hac@v6.0.0,7680,7.34785e+07,71790807552
NVIDIA RTX PRO 6000 Blackwell Max-Q Workstation Edition,dna_r10.4.1_e8.2_400bps_hac@v6.0.0,7744,3.14874e+07,72429012992
NVIDIA RTX PRO 6000 Blackwell Max-Q Workstation Edition,dna_r10.4.1_e8.2_400bps_hac@v6.0.0,7808,3.14624e+07,72979302912
NVIDIA RTX PRO 6000 Blackwell Max-Q Workstation Edition,dna_r10.4.1_e8.2_400bps_hac@v6.0.0,7872,3.17052e+07,73575947264
NVIDIA RTX PRO 6000 Blackwell Max-Q Workstation Edition,dna_r10.4.1_e8.2_400bps_hac@v6.0.0,7936,3.1502e+07,74036699648
NVIDIA RTX PRO 6000 Blackwell Max-Q Workstation Edition,dna_r10.4.1_e8.2_400bps_hac@v6.0.0,8000,3.16536e+07,74705407488
NVIDIA RTX PRO 6000 Blackwell Max-Q Workstation Edition,dna_r10.4.1_e8.2_400bps_hac@v6.0.0,8064,7.72858e+07,75299555328
NVIDIA RTX PRO 6000 Blackwell Max-Q Workstation Edition,dna_r10.4.1_e8.2_400bps_hac@v6.0.0,8128,3.22257e+07,75890339328
NVIDIA RTX PRO 6000 Blackwell Max-Q Workstation Edition,dna_r10.4.1_e8.2_400bps_hac@v6.0.0,8192,3.07697e+07,76417027584
NVIDIA RTX PRO 6000 Blackwell Max-Q Workstation Edition,dna_r10.4.1_e8.2_400bps_hac@v6.0.0,8256,3.19242e+07,77048186368
NVIDIA RTX PRO 6000 Blackwell Max-Q Workstation Edition,dna_r10.4.1_e8.2_400bps_hac@v6.0.0,8320,3.20322e+07,77612433408
NVIDIA RTX PRO 6000 Blackwell Max-Q Workstation Edition,dna_r10.4.1_e8.2_400bps_hac@v6.0.0,8384,3.24461e+07,78285512704
NVIDIA RTX PRO 6000 Blackwell Max-Q Workstation Edition,dna_r10.4.1_e8.2_400bps_hac@v6.0.0,8448,3.23262e+07,78887603712
NVIDIA RTX PRO 6000 Blackwell Max-Q Workstation Edition,dna_r10.4.1_e8.2_400bps_hac@v6.0.0,8512,8.11786e+07,79481615872
NVIDIA RTX PRO 6000 Blackwell Max-Q Workstation Edition,dna_r10.4.1_e8.2_400bps_hac@v6.0.0,8576,3.25747e+07,80078600704
NVIDIA RTX PRO 6000 Blackwell Max-Q Workstation Edition,dna_r10.4.1_e8.2_400bps_hac@v6.0.0,8640,3.22182e+07,80962646016
NVIDIA RTX PRO 6000 Blackwell Max-Q Workstation Edition,dna_r10.4.1_e8.2_400bps_hac@v6.0.0,8704,3.24083e+07,81280184832
NVIDIA RTX PRO 6000 Blackwell Max-Q Workstation Edition,dna_r10.4.1_e8.2_400bps_hac@v6.0.0,8768,3.29211e+07,81875710976
NVIDIA RTX PRO 6000 Blackwell Max-Q Workstation Edition,dna_r10.4.1_e8.2_400bps_hac@v6.0.0,8832,3.26693e+07,82467694592
NVIDIA RTX PRO 6000 Blackwell Max-Q Workstation Edition,dna_r10.4.1_e8.2_400bps_hac@v6.0.0,8896,3.31773e+07,83065250816
NVIDIA RTX PRO 6000 Blackwell Max-Q Workstation Edition,dna_r10.4.1_e8.2_400bps_hac@v6.0.0,8960,8.48917e+07,83667072512
NVIDIA RTX PRO 6000 Blackwell Max-Q Workstation Edition,dna_r10.4.1_e8.2_400bps_hac@v6.0.0,9024,5.16286e+07,84333468160
NVIDIA RTX PRO 6000 Blackwell Max-Q Workstation Edition,dna_r10.4.1_e8.2_400bps_hac@v6.0.0,9088,5.1871e+07,84854242304
NVIDIA RTX PRO 6000 Blackwell Max-Q Workstation Edition,dna_r10.4.1_e8.2_400bps_hac@v6.0.0,9152,3.24449e+07,85447511552
NVIDIA RTX PRO 6000 Blackwell Max-Q Workstation Edition,dna_r10.4.1_e8.2_400bps_hac@v6.0.0,9216,5.13444e+07,86371924992
NVIDIA RTX PRO 6000 Blackwell Max-Q Workstation Edition,dna_r10.4.1_e8.2_400bps_hac@v6.0.0,9280,6.39632e+07,86653620224
NVIDIA RTX PRO 6000 Blackwell Max-Q Workstation Edition,dna_r10.4.1_e8.2_400bps_sup@v5.2.0,32,9.72558e+06,2272734208
NVIDIA RTX PRO 6000 Blackwell Max-Q Workstation Edition,dna_r10.4.1_e8.2_400bps_sup@v5.2.0,64,1.33201e+07,3054645760
NVIDIA RTX PRO 6000 Blackwell Max-Q Workstation Edition,dna_r10.4.1_e8.2_400bps_sup@v5.2.0,96,1.42688e+07,3836426240
NVIDIA RTX PRO 6000 Blackwell Max-Q Workstation Edition,dna_r10.4.1_e8.2_400bps_sup@v5.2.0,128,1.50968e+07,4603264000
NVIDIA RTX PRO 6000 Blackwell Max-Q Workstation Edition,dna_r10.4.1_e8.2_400bps_sup@v5.2.0,160,1.55307e+07,5385568768
NVIDIA RTX PRO 6000 Blackwell Max-Q Workstation Edition,dna_r10.4.1_e8.2_400bps_sup@v5.2.0,192,1.52128e+07,6168397824
NVIDIA RTX PRO 6000 Blackwell Max-Q Workstation Edition,dna_r10.4.1_e8.2_400bps_sup@v5.2.0,224,1.54091e+07,6949916160
NVIDIA RTX PRO 6000 Blackwell Max-Q Workstation Edition,dna_r10.4.1_e8.2_400bps_sup@v5.2.0,256,1.55721e+07,7737202688
NVIDIA RTX PRO 6000 Blackwell Max-Q Workstation Edition,dna_r10.4.1_e8.2_400bps_sup@v5.2.0,288,1.59159e+07,8520751616
NVIDIA RTX PRO 6000 Blackwell Max-Q Workstation Edition,dna_r10.4.1_e8.2_400bps_sup@v5.2.0,320,1.59212e+07,9303909888
NVIDIA RTX PRO 6000 Blackwell Max-Q Workstation Edition,dna_r10.4.1_e8.2_400bps_sup@v5.2.0,352,1.59978e+07,10086606336
NVIDIA RTX PRO 6000 Blackwell Max-Q Workstation Edition,dna_r10.4.1_e8.2_400bps_sup@v5.2.0,384,1.60297e+07,10871139328
NVIDIA RTX PRO 6000 Blackwell Max-Q Workstation Edition,dna_r10.4.1_e8.2_400bps_sup@v5.2.0,416,1.60883e+07,11653378560
NVIDIA RTX PRO 6000 Blackwell Max-Q Workstation Edition,dna_r10.4.1_e8.2_400bps_sup@v5.2.0,448,1.5691e+07,12437452800
NVIDIA RTX PRO 6000 Blackwell Max-Q Workstation Edition,dna_r10.4.1_e8.2_400bps_sup@v5.2.0,480,1.59213e+07,13222051328
NVIDIA RTX PRO 6000 Blackwell Max-Q Workstation Edition,dna_r10.4.1_e8.2_400bps_sup@v5.2.0,512,1.63366e+07,14005079040
NVIDIA RTX PRO 6000 Blackwell Max-Q Workstation Edition,dna_r10.4.1_e8.2_400bps_sup@v5.2.0,544,1.60338e+07,14787578368
NVIDIA RTX PRO 6000 Blackwell Max-Q Workstation Edition,dna_r10.4.1_e8.2_400bps_sup@v5.2.0,576,1.62497e+07,15571655168
NVIDIA RTX PRO 6000 Blackwell Max-Q Workstation Edition,dna_r10.4.1_e8.2_400bps_sup@v5.2.0,608,1.60495e+07,16354484224
NVIDIA RTX PRO 6000 Blackwell Max-Q Workstation Edition,dna_r10.4.1_e8.2_400bps_sup@v5.2.0,640,1.6106e+07,17140327936
NVIDIA RTX PRO 6000 Blackwell Max-Q Workstation Edition,dna_r10.4.1_e8.2_400bps_sup@v5.2.0,672,1.60935e+07,17920470528
NVIDIA RTX PRO 6000 Blackwell Max-Q Workstation Edition,dna_r10.4.1_e8.2_400bps_sup@v5.2.0,704,1.59963e+07,18701661184
NVIDIA RTX PRO 6000 Blackwell Max-Q Workstation Edition,dna_r10.4.1_e8.2_400bps_sup@v5.2.0,736,1.58314e+07,19486226944
NVIDIA RTX PRO 6000 Blackwell Max-Q Workstation Edition,dna_r10.4.1_e8.2_400bps_sup@v5.2.0,768,1.55823e+07,20268236800
NVIDIA RTX PRO 6000 Blackwell Max-Q Workstation Edition,dna_r10.4.1_e8.2_400bps_sup@v5.2.0,800,1.61957e+07,21051197440
NVIDIA RTX PRO 6000 Blackwell Max-Q Workstation Edition,dna_r10.4.1_e8.2_400bps_sup@v5.2.0,832,1.63292e+07,21835206144
NVIDIA RTX PRO 6000 Blackwell Max-Q Workstation Edition,dna_r10.4.1_e8.2_400bps_sup@v5.2.0,864,1.59269e+07,22617314304
NVIDIA RTX PRO 6000 Blackwell Max-Q Workstation Edition,dna_r10.4.1_e8.2_400bps_sup@v5.2.0,896,1.64806e+07,23404272128
NVIDIA RTX PRO 6000 Blackwell Max-Q Workstation Edition,dna_r10.4.1_e8.2_400bps_sup@v5.2.0,928,1.59716e+07,24185659904
NVIDIA RTX PRO 6000 Blackwell Max-Q Workstation Edition,dna_r10.4.1_e8.2_400bps_sup@v5.2.0,960,1.64758e+07,24969144320
NVIDIA RTX PRO 6000 Blackwell Max-Q Workstation Edition,dna_r10.4.1_e8.2_400bps_sup@v5.2.0,992,1.58685e+07,25753415168
NVIDIA RTX PRO 6000 Blackwell Max-Q Workstation Edition,dna_r10.4.1_e8.2_400bps_sup@v5.2.0,1024,1.63368e+07,26523530240
NVIDIA RTX PRO 6000 Blackwell Max-Q Workstation Edition,rna004_130bps_fast@v5.3.0,64,2.85229e+07,1274466304
NVIDIA RTX PRO 6000 Blackwell Max-Q Workstation Edition,rna004_130bps_fast@v5.3.0,128,4.67933e+07,1471454208
NVIDIA RTX PRO 6000 Blackwell Max-Q Workstation Edition,rna004_130bps_fast@v5.3.0,192,6.5758e+07,1671036928
NVIDIA RTX PRO 6000 Blackwell Max-Q Workstation Edition,rna004_130bps_fast@v5.3.0,256,8.33026e+07,1867576832
NVIDIA RTX PRO 6000 Blackwell Max-Q Workstation Edition,rna004_130bps_fast@v5.3.0,320,1.00263e+08,2065638400
NVIDIA RTX PRO 6000 Blackwell Max-Q Workstation Edition,rna004_130bps_fast@v5.3.0,384,1.13318e+08,2264084992
NVIDIA RTX PRO 6000 Blackwell Max-Q Workstation Edition,rna004_130bps_fast@v5.3.0,448,1.27276e+08,2460867072
NVIDIA RTX PRO 6000 Blackwell Max-Q Workstation Edition,rna004_130bps_fast@v5.3.0,512,1.39305e+08,2651582976
NVIDIA RTX PRO 6000 Blackwell Max-Q Workstation Edition,rna004_130bps_fast@v5.3.0,576,1.49213e+08,2856155648
NVIDIA RTX PRO 6000 Blackwell Max-Q Workstation Edition,rna004_130bps_fast@v5.3.0,640,1.59372e+08,3051927552
NVIDIA RTX PRO 6000 Blackwell Max-Q Workstation Edition,rna004_130bps_fast@v5.3.0,704,1.67548e+08,3243972096
NVIDIA RTX PRO 6000 Blackwell Max-Q Workstation Edition,rna004_130bps_fast@v5.3.0,768,1.62831e+08,3442290176
NVIDIA RTX PRO 6000 Blackwell Max-Q Workstation Edition,rna004_130bps_fast@v5.3.0,832,1.69722e+08,3643713024
NVIDIA RTX PRO 6000 Blackwell Max-Q Workstation Edition,rna004_130bps_fast@v5.3.0,896,1.74725e+08,3836353536
NVIDIA RTX PRO 6000 Blackwell Max-Q Workstation Edition,rna004_130bps_fast@v5.3.0,960,1.7953e+08,4032457216
NVIDIA RTX PRO 6000 Blackwell Max-Q Workstation Edition,rna004_130bps_fast@v5.3.0,1024,1.81301e+08,4241588736
NVIDIA RTX PRO 6000 Blackwell Max-Q Workstation Edition,rna004_130bps_fast@v5.3.0,1088,1.86264e+08,4424035840
NVIDIA RTX PRO 6000 Blackwell Max-Q Workstation Edition,rna004_130bps_fast@v5.3.0,1152,1.90096e+08,4632842240
NVIDIA RTX PRO 6000 Blackwell Max-Q Workstation Edition,rna004_130bps_fast@v5.3.0,1216,1.9337e+08,4831094784
NVIDIA RTX PRO 6000 Blackwell Max-Q Workstation Edition,rna004_130bps_fast@v5.3.0,1280,1.9637e+08,5013626368
NVIDIA RTX PRO 6000 Blackwell Max-Q Workstation Edition,rna004_130bps_fast@v5.3.0,1344,2.00235e+08,5225873408
NVIDIA RTX PRO 6000 Blackwell Max-Q Workstation Edition,rna004_130bps_fast@v5.3.0,1408,2.02772e+08,5406587904
NVIDIA RTX PRO 6000 Blackwell Max-Q Workstation Edition,rna004_130bps_fast@v5.3.0,1472,2.06107e+08,5610149888
NVIDIA RTX PRO 6000 Blackwell Max-Q Workstation Edition,rna004_130bps_fast@v5.3.0,1536,1.9967e+08,5803207168
NVIDIA RTX PRO 6000 Blackwell Max-Q Workstation Edition,rna004_130bps_fast@v5.3.0,1600,2.01559e+08,6001726976
NVIDIA RTX PRO 6000 Blackwell Max-Q Workstation Edition,rna004_130bps_fast@v5.3.0,1664,2.01459e+08,6184809472
NVIDIA RTX PRO 6000 Blackwell Max-Q Workstation Edition,rna004_130bps_fast@v5.3.0,1728,2.05735e+08,6383306240
NVIDIA RTX PRO 6000 Blackwell Max-Q Workstation Edition,rna004_130bps_fast@v5.3.0,1792,2.02549e+08,6580974080
NVIDIA RTX PRO 6000 Blackwell Max-Q Workstation Edition,rna004_130bps_fast@v5.3.0,1856,2.06122e+08,6774858752
NVIDIA RTX PRO 6000 Blackwell Max-Q Workstation Edition,rna004_130bps_fast@v5.3.0,1920,2.02086e+08,6971176960
NVIDIA RTX PRO 6000 Blackwell Max-Q Workstation Edition,rna004_130bps_fast@v5.3.0,1984,2.08446e+08,7167653376
NVIDIA RTX PRO 6000 Blackwell Max-Q Workstation Edition,rna004_130bps_fast@v5.3.0,2048,2.10957e+08,7364788736
NVIDIA RTX PRO 6000 Blackwell Max-Q Workstation Edition,rna004_130bps_fast@v5.3.0,2112,2.13354e+08,7560132608
NVIDIA RTX PRO 6000 Blackwell Max-Q Workstation Edition,rna004_130bps_fast@v5.3.0,2176,2.15507e+08,7756450816
NVIDIA RTX PRO 6000 Blackwell Max-Q Workstation Edition,rna004_130bps_fast@v5.3.0,2240,2.16985e+08,7953714688
NVIDIA RTX PRO 6000 Blackwell Max-Q Workstation Edition,rna004_130bps_fast@v5.3.0,2304,2.09806e+08,8149135872
NVIDIA RTX PRO 6000 Blackwell Max-Q Workstation Edition,rna004_130bps_fast@v5.3.0,2368,2.10848e+08,8346350592
NVIDIA RTX PRO 6000 Blackwell Max-Q Workstation Edition,rna004_130bps_fast@v5.3.0,2432,2.11732e+08,8543997952
NVIDIA RTX PRO 6000 Blackwell Max-Q Workstation Edition,rna004_130bps_fast@v5.3.0,2496,2.1231e+08,8739036672
NVIDIA RTX PRO 6000 Blackwell Max-Q Workstation Edition,rna004_130bps_fast@v5.3.0,2560,2.12569e+08,8934842880
NVIDIA RTX PRO 6000 Blackwell Max-Q Workstation Edition,rna004_130bps_fast@v5.3.0,2624,2.12507e+08,9134843904
NVIDIA RTX PRO 6000 Blackwell Max-Q Workstation Edition,rna004_130bps_fast@v5.3.0,2688,2.12608e+08,9328296960
NVIDIA RTX PRO 6000 Blackwell Max-Q Workstation Edition,rna004_130bps_fast@v5.3.0,2752,2.17427e+08,9526986240
NVIDIA RTX PRO 6000 Blackwell Max-Q Workstation Edition,rna004_130bps_fast@v5.3.0,2816,2.16989e+08,9718067712
NVIDIA RTX PRO 6000 Blackwell Max-Q Workstation Edition,rna004_130bps_fast@v5.3.0,2880,2.16211e+08,9918068224
NVIDIA RTX PRO 6000 Blackwell Max-Q Workstation Edition,rna004_130bps_fast@v5.3.0,2944,2.20814e+08,10114369536
NVIDIA RTX PRO 6000 Blackwell Max-Q Workstation Edition,rna004_130bps_fast@v5.3.0,3008,2.1977e+08,10310243840
NVIDIA RTX PRO 6000 Blackwell Max-Q Workstation Edition,rna004_130bps_fast@v5.3.0,3072,2.18094e+08,10508468736
NVIDIA RTX PRO 6000 Blackwell Max-Q Workstation Edition,rna004_130bps_fast@v5.3.0,3136,2.16528e+08,10701409792
NVIDIA RTX PRO 6000 Blackwell Max-Q Workstation Edition,rna004_130bps_fast@v5.3.0,3200,2.14641e+08,10897546240
NVIDIA RTX PRO 6000 Blackwell Max-Q Workstation Edition,rna004_130bps_fast@v5.3.0,3264,2.18679e+08,11095962112
NVIDIA RTX PRO 6000 Blackwell Max-Q Workstation Edition,rna004_130bps_fast@v5.3.0,3328,2.16516e+08,11292815872
NVIDIA RTX PRO 6000 Blackwell Max-Q Workstation Edition,rna004_130bps_fast@v5.3.0,3392,2.13931e+08,11489951232
NVIDIA RTX PRO 6000 Blackwell Max-Q Workstation Edition,rna004_130bps_fast@v5.3.0,3456,2.17684e+08,11683291136
NVIDIA RTX PRO 6000 Blackwell Max-Q Workstation Edition,rna004_130bps_fast@v5.3.0,3520,2.15e+08,11879138816
NVIDIA RTX PRO 6000 Blackwell Max-Q Workstation Edition,rna004_130bps_fast@v5.3.0,3584,2.18738e+08,12080325120
NVIDIA RTX PRO 6000 Blackwell Max-Q Workstation Edition,rna004_130bps_fast@v5.3.0,3648,2.21243e+08,12271937024
NVIDIA RTX PRO 6000 Blackwell Max-Q Workstation Edition,rna004_130bps_fast@v5.3.0,3712,2.19115e+08,12473530880
NVIDIA RTX PRO 6000 Blackwell Max-Q Workstation Edition,rna004_130bps_fast@v5.3.0,3776,2.15376e+08,12670666240
NVIDIA RTX PRO 6000 Blackwell Max-Q Workstation Edition,rna004_130bps_fast@v5.3.0,3840,2.19093e+08,12861510144
NVIDIA RTX PRO 6000 Blackwell Max-Q Workstation Edition,rna004_130bps_fast@v5.3.0,3904,2.14961e+08,13059356160
NVIDIA RTX PRO 6000 Blackwell Max-Q Workstation Edition,rna004_130bps_fast@v5.3.0,3968,2.10459e+08,13255162368
NVIDIA RTX PRO 6000 Blackwell Max-Q Workstation Edition,rna004_130bps_fast@v5.3.0,4032,2.13812e+08,13455013376
NVIDIA RTX PRO 6000 Blackwell Max-Q Workstation Edition,rna004_130bps_fast@v5.3.0,4096,2.16899e+08,13650051584
NVIDIA RTX PRO 6000 Blackwell Max-Q Workstation Edition,rna004_130bps_fast@v5.3.0,4160,2.12282e+08,13845089792
NVIDIA RTX PRO 6000 Blackwell Max-Q Workstation Edition,rna004_130bps_fast@v5.3.0,4224,2.15441e+08,14042581504
NVIDIA RTX PRO 6000 Blackwell Max-Q Workstation Edition,rna004_130bps_fast@v5.3.0,4288,2.10367e+08,14238387712
NVIDIA RTX PRO 6000 Blackwell Max-Q Workstation Edition,rna004_130bps_fast@v5.3.0,4352,2.13468e+08,14434193920
NVIDIA RTX PRO 6000 Blackwell Max-Q Workstation Edition,rna004_130bps_fast@v5.3.0,4416,2.12627e+08,14631534080
NVIDIA RTX PRO 6000 Blackwell Max-Q Workstation Edition,rna004_130bps_fast@v5.3.0,4480,2.19192e+08,14828669440
NVIDIA RTX PRO 6000 Blackwell Max-Q Workstation Edition,rna004_130bps_fast@v5.3.0,4544,2.13632e+08,15023709696
NVIDIA RTX PRO 6000 Blackwell Max-Q Workstation Edition,rna004_130bps_fast@v5.3.0,4608,2.16261e+08,15217418752
NVIDIA RTX PRO 6000 Blackwell Max-Q Workstation Edition,rna004_130bps_fast@v5.3.0,4672,2.10346e+08,15415322112
NVIDIA RTX PRO 6000 Blackwell Max-Q Workstation Edition,rna004_130bps_fast@v5.3.0,4736,2.13184e+08,15617210880
NVIDIA RTX PRO 6000 Blackwell Max-Q Workstation Edition,rna004_130bps_fast@v5.3.0,4800,2.16073e+08,15808054784
NVIDIA RTX PRO 6000 Blackwell Max-Q Workstation Edition,rna004_130bps_fast@v5.3.0,4864,2.09558e+08,16007287296
NVIDIA RTX PRO 6000 Blackwell Max-Q Workstation Edition,rna004_130bps_fast@v5.3.0,4928,2.12045e+08,16202325504
NVIDIA RTX PRO 6000 Blackwell Max-Q Workstation Edition,rna004_130bps_fast@v5.3.0,4992,2.11601e+08,16403655168
NVIDIA RTX PRO 6000 Blackwell Max-Q Workstation Edition,rna004_130bps_fast@v5.3.0,5056,2.17393e+08,16598693376
NVIDIA RTX PRO 6000 Blackwell Max-Q Workstation Edition,rna004_130bps_fast@v5.3.0,5120,2.19446e+08,16789537280
NVIDIA RTX PRO 6000 Blackwell Max-Q Workstation Edition,rna004_130bps_fast@v5.3.0,5184,2.12439e+08,16988769792
NVIDIA RTX PRO 6000 Blackwell Max-Q Workstation Edition,rna004_130bps_fast@v5.3.0,5248,2.14867e+08,17190099456
NVIDIA RTX PRO 6000 Blackwell Max-Q Workstation Edition,rna004_130bps_fast@v5.3.0,5312,2.17141e+08,17383040512
NVIDIA RTX PRO 6000 Blackwell Max-Q Workstation Edition,rna004_130bps_fast@v5.3.0,5376,2.09283e+08,17580175872
NVIDIA RTX PRO 6000 Blackwell Max-Q Workstation Edition,rna004_130bps_fast@v5.3.0,5440,2.11816e+08,17773116928
NVIDIA RTX PRO 6000 Blackwell Max-Q Workstation Edition,rna004_130bps_fast@v5.3.0,5504,2.14235e+08,17970252288
NVIDIA RTX PRO 6000 Blackwell Max-Q Workstation Edition,rna004_130bps_fast@v5.3.0,5568,2.16505e+08,18169484800
NVIDIA RTX PRO 6000 Blackwell Max-Q Workstation Edition,rna004_130bps_fast@v5.3.0,5632,2.18966e+08,18364523008
NVIDIA RTX PRO 6000 Blackwell Max-Q Workstation Edition,rna004_130bps_fast@v5.3.0,5696,2.10619e+08,18559561216
NVIDIA RTX PRO 6000 Blackwell Max-Q Workstation Edition,rna004_130bps_fast@v5.3.0,5760,2.11577e+08,18754599424
NVIDIA RTX PRO 6000 Blackwell Max-Q Workstation Edition,rna004_130bps_fast@v5.3.0,5824,2.14954e+08,18951734784
NVIDIA RTX PRO 6000 Blackwell Max-Q Workstation Edition,rna004_130bps_fast@v5.3.0,5888,2.17295e+08,19150967296
NVIDIA RTX PRO 6000 Blackwell Max-Q Workstation Edition,rna004_130bps_fast@v5.3.0,5952,2.19537e+08,19346005504
NVIDIA RTX PRO 6000 Blackwell Max-Q Workstation Edition,rna004_130bps_fast@v5.3.0,6016,2.21541e+08,19543140864
NVIDIA RTX PRO 6000 Blackwell Max-Q Workstation Edition,rna004_130bps_fast@v5.3.0,6080,2.12423e+08,19738179072
NVIDIA RTX PRO 6000 Blackwell Max-Q Workstation Edition,rna004_130bps_fast@v5.3.0,6144,2.14558e+08,19935314432
NVIDIA RTX PRO 6000 Blackwell Max-Q Workstation Edition,rna004_130bps_fast@v5.3.0,6208,2.16431e+08,20130352640
NVIDIA RTX PRO 6000 Blackwell Max-Q Workstation Edition,rna004_130bps_fast@v5.3.0,6272,2.18715e+08,20325390848
NVIDIA RTX PRO 6000 Blackwell Max-Q Workstation Edition,rna004_130bps_fast@v5.3.0,6336,2.20258e+08,20526720512
NVIDIA RTX PRO 6000 Blackwell Max-Q Workstation Edition,rna004_130bps_fast@v5.3.0,6400,2.11135e+08,20721758720
NVIDIA RTX PRO 6000 Blackwell Max-Q Workstation Edition,rna004_130bps_fast@v5.3.0,6464,2.1313e+08,20916796928
NVIDIA RTX PRO 6000 Blackwell Max-Q Workstation Edition,rna004_130bps_fast@v5.3.0,6528,2.15803e+08,21111835136
NVIDIA RTX PRO 6000 Blackwell Max-Q Workstation Edition,rna004_130bps_fast@v5.3.0,6592,2.17001e+08,21308970496
NVIDIA RTX PRO 6000 Blackwell Max-Q Workstation Edition,rna004_130bps_fast@v5.3.0,6656,2.18894e+08,21508203008
NVIDIA RTX PRO 6000 Blackwell Max-Q Workstation Edition,rna004_130bps_fast@v5.3.0,6720,2.21046e+08,21705338368
NVIDIA RTX PRO 6000 Blackwell Max-Q Workstation Edition,rna004_130bps_fast@v5.3.0,6784,2.10294e+08,21898279424
NVIDIA RTX PRO 6000 Blackwell Max-Q Workstation Edition,rna004_130bps_fast@v5.3.0,6848,2.11726e+08,22097511936
NVIDIA RTX PRO 6000 Blackwell Max-Q Workstation Edition,rna004_130bps_fast@v5.3.0,6912,2.13863e+08,22288355840
NVIDIA RTX PRO 6000 Blackwell Max-Q Workstation Edition,rna004_130bps_fast@v5.3.0,6976,2.15585e+08,22485491200
NVIDIA RTX PRO 6000 Blackwell Max-Q Workstation Edition,rna004_130bps_fast@v5.3.0,7040,2.17337e+08,22686820864
NVIDIA RTX PRO 6000 Blackwell Max-Q Workstation Edition,rna004_130bps_fast@v5.3.0,7104,2.19354e+08,22879761920
NVIDIA RTX PRO 6000 Blackwell Max-Q Workstation Edition,rna004_130bps_fast@v5.3.0,7168,2.08012e+08,23078994432
NVIDIA RTX PRO 6000 Blackwell Max-Q Workstation Edition,rna004_130bps_fast@v5.3.0,7232,2.09971e+08,23269838336
NVIDIA RTX PRO 6000 Blackwell Max-Q Workstation Edition,rna004_130bps_fast@v5.3.0,7296,2.1152e+08,23466973696
NVIDIA RTX PRO 6000 Blackwell Max-Q Workstation Edition,rna004_130bps_fast@v5.3.0,7360,2.1338e+08,23670400512
NVIDIA RTX PRO 6000 Blackwell Max-Q Workstation Edition,rna004_130bps_fast@v5.3.0,7424,2.14897e+08,23863341568
NVIDIA RTX PRO 6000 Blackwell Max-Q Workstation Edition,rna004_130bps_fast@v5.3.0,7488,2.16646e+08,24060476928
NVIDIA RTX PRO 6000 Blackwell Max-Q Workstation Edition,rna004_130bps_fast@v5.3.0,7552,2.18128e+08,24257612288
NVIDIA RTX PRO 6000 Blackwell Max-Q Workstation Edition,rna004_130bps_fast@v5.3.0,7616,2.19801e+08,24450553344
NVIDIA RTX PRO 6000 Blackwell Max-Q Workstation Edition,rna004_130bps_fast@v5.3.0,7680,2.07755e+08,24647688704
NVIDIA RTX PRO 6000 Blackwell Max-Q Workstation Edition,rna004_130bps_fast@v5.3.0,7744,2.08297e+08,24844824064
NVIDIA RTX PRO 6000 Blackwell Max-Q Workstation Edition,rna004_130bps_fast@v5.3.0,7808,2.1073e+08,25039862272
NVIDIA RTX PRO 6000 Blackwell Max-Q Workstation Edition,rna004_130bps_fast@v5.3.0,7872,2.12454e+08,25241191936
NVIDIA RTX PRO 6000 Blackwell Max-Q Workstation Edition,rna004_130bps_fast@v5.3.0,7936,2.13744e+08,25432035840
NVIDIA RTX PRO 6000 Blackwell Max-Q Workstation Edition,rna004_130bps_fast@v5.3.0,8000,2.15382e+08,25629171200
NVIDIA RTX PRO 6000 Blackwell Max-Q Workstation Edition,rna004_130bps_fast@v5.3.0,8064,2.16886e+08,25826306560
NVIDIA RTX PRO 6000 Blackwell Max-Q Workstation Edition,rna004_130bps_fast@v5.3.0,8128,2.18624e+08,26025539072
NVIDIA RTX PRO 6000 Blackwell Max-Q Workstation Edition,rna004_130bps_fast@v5.3.0,8192,2.0535e+08,26220577280
NVIDIA RTX PRO 6000 Blackwell Max-Q Workstation Edition,rna004_130bps_fast@v5.3.0,8256,2.06864e+08,26413518336
NVIDIA RTX PRO 6000 Blackwell Max-Q Workstation Edition,rna004_130bps_fast@v5.3.0,8320,2.08182e+08,26577099264
NVIDIA RTX PRO 6000 Blackwell Max-Q Workstation Edition,rna004_130bps_fast@v5.3.0,8384,2.09586e+08,26736485888
NVIDIA RTX PRO 6000 Blackwell Max-Q Workstation Edition,rna004_130bps_fast@v5.3.0,8448,2.11034e+08,26906358272
NVIDIA RTX PRO 6000 Blackwell Max-Q Workstation Edition,rna004_130bps_fast@v5.3.0,8512,2.12725e+08,27067842048
NVIDIA RTX PRO 6000 Blackwell Max-Q Workstation Edition,rna004_130bps_fast@v5.3.0,8576,2.14029e+08,27229325824
NVIDIA RTX PRO 6000 Blackwell Max-Q Workstation Edition,rna004_130bps_fast@v5.3.0,8640,2.15379e+08,27390809600
NVIDIA RTX PRO 6000 Blackwell Max-Q Workstation Edition,rna004_130bps_fast@v5.3.0,8704,2.16799e+08,27556487680
NVIDIA RTX PRO 6000 Blackwell Max-Q Workstation Edition,rna004_130bps_fast@v5.3.0,8768,2.18349e+08,27720068608
NVIDIA RTX PRO 6000 Blackwell Max-Q Workstation Edition,rna004_130bps_fast@v5.3.0,8832,2.19596e+08,27881552384
NVIDIA RTX PRO 6000 Blackwell Max-Q Workstation Edition,rna004_130bps_fast@v5.3.0,8896,2.05343e+08,28040939008
NVIDIA RTX PRO 6000 Blackwell Max-Q Workstation Edition,rna004_130bps_fast@v5.3.0,8960,2.06646e+08,28206617088
NVIDIA RTX PRO 6000 Blackwell Max-Q Workstation Edition,rna004_130bps_fast@v5.3.0,9024,2.0803e+08,28370198016
NVIDIA RTX PRO 6000 Blackwell Max-Q Workstation Edition,rna004_130bps_fast@v5.3.0,9088,2.08723e+08,28533778944
NVIDIA RTX PRO 6000 Blackwell Max-Q Workstation Edition,rna004_130bps_fast@v5.3.0,9152,2.10523e+08,28697359872
NVIDIA RTX PRO 6000 Blackwell Max-Q Workstation Edition,rna004_130bps_fast@v5.3.0,9216,2.11906e+08,28856746496
NVIDIA RTX PRO 6000 Blackwell Max-Q Workstation Edition,rna004_130bps_fast@v5.3.0,9280,2.13775e+08,29022424576
NVIDIA RTX PRO 6000 Blackwell Max-Q Workstation Edition,rna004_130bps_fast@v5.3.0,9344,2.14738e+08,29183908352
NVIDIA RTX PRO 6000 Blackwell Max-Q Workstation Edition,rna004_130bps_fast@v5.3.0,9408,2.16031e+08,29343294976
NVIDIA RTX PRO 6000 Blackwell Max-Q Workstation Edition,rna004_130bps_fast@v5.3.0,9472,2.17293e+08,29513167360
NVIDIA RTX PRO 6000 Blackwell Max-Q Workstation Edition,rna004_130bps_fast@v5.3.0,9536,2.18773e+08,29670456832
NVIDIA RTX PRO 6000 Blackwell Max-Q Workstation Edition,rna004_130bps_fast@v5.3.0,9600,2.19866e+08,29834037760
NVIDIA RTX PRO 6000 Blackwell Max-Q Workstation Edition,rna004_130bps_fast@v5.3.0,9664,2.04213e+08,29997618688
NVIDIA RTX PRO 6000 Blackwell Max-Q Workstation Edition,rna004_130bps_fast@v5.3.0,9728,2.05286e+08,30159102464
NVIDIA RTX PRO 6000 Blackwell Max-Q Workstation Edition,rna004_130bps_fast@v5.3.0,9792,2.06555e+08,30324780544
NVIDIA RTX PRO 6000 Blackwell Max-Q Workstation Edition,rna004_130bps_fast@v5.3.0,9856,2.07854e+08,30486264320
NVIDIA RTX PRO 6000 Blackwell Max-Q Workstation Edition,rna004_130bps_fast@v5.3.0,9920,2.09024e+08,30647748096
NVIDIA RTX PRO 6000 Blackwell Max-Q Workstation Edition,rna004_130bps_fast@v5.3.0,9984,2.10147e+08,30815523328
NVIDIA RTX PRO 6000 Blackwell Max-Q Workstation Edition,rna004_130bps_fast@v5.3.0,10048,2.10484e+08,30972812800
NVIDIA RTX PRO 6000 Blackwell Max-Q Workstation Edition,rna004_130bps_fast@v5.3.0,10112,2.12637e+08,31134296576
NVIDIA RTX PRO 6000 Blackwell Max-Q Workstation Edition,rna004_130bps_fast@v5.3.0,10176,2.16375e+08,31304168960
NVIDIA RTX PRO 6000 Blackwell Max-Q Workstation Edition,rna004_130bps_fast@v5.3.0,10240,2.17402e+08,31463555584
NVIDIA RTX PRO 6000 Blackwell Max-Q Workstation Edition,rna004_130bps_hac@v5.3.0,64,1.08743e+07,492668928
NVIDIA RTX PRO 6000 Blackwell Max-Q Workstation Edition,rna004_130bps_hac@v5.3.0,128,2.00794e+07,962831872
NVIDIA RTX PRO 6000 Blackwell Max-Q Workstation Edition,rna004_130bps_hac@v5.3.0,192,2.90576e+07,1433188864
NVIDIA RTX PRO 6000 Blackwell Max-Q Workstation Edition,rna004_130bps_hac@v5.3.0,256,3.76683e+07,1904542208
NVIDIA RTX PRO 6000 Blackwell Max-Q Workstation Edition,rna004_130bps_hac@v5.3.0,320,4.60032e+07,2374900736
NVIDIA RTX PRO 6000 Blackwell Max-Q Workstation Edition,rna004_130bps_hac@v5.3.0,384,5.42279e+07,2846692352
NVIDIA RTX PRO 6000 Blackwell Max-Q Workstation Edition,rna004_130bps_hac@v5.3.0,448,6.16885e+07,3316852224
NVIDIA RTX PRO 6000 Blackwell Max-Q Workstation Edition,rna004_130bps_hac@v5.3.0,512,6.89292e+07,3786197504
NVIDIA RTX PRO 6000 Blackwell Max-Q Workstation Edition,rna004_130bps_hac@v5.3.0,576,6.80669e+07,4244123136
NVIDIA RTX PRO 6000 Blackwell Max-Q Workstation Edition,rna004_130bps_hac@v5.3.0,640,7.24158e+07,4728350208
NVIDIA RTX PRO 6000 Blackwell Max-Q Workstation Edition,rna004_130bps_hac@v5.3.0,704,7.49018e+07,5195145216
NVIDIA RTX PRO 6000 Blackwell Max-Q Workstation Edition,rna004_130bps_hac@v5.3.0,768,7.884e+07,5668384768
NVIDIA RTX PRO 6000 Blackwell Max-Q Workstation Edition,rna004_130bps_hac@v5.3.0,832,8.21008e+07,6138892800
NVIDIA RTX PRO 6000 Blackwell Max-Q Workstation Edition,rna004_130bps_hac@v5.3.0,896,8.42438e+07,6612666368
NVIDIA RTX PRO 6000 Blackwell Max-Q Workstation Edition,rna004_130bps_hac@v5.3.0,960,8.61102e+07,7076379648
NVIDIA RTX PRO 6000 Blackwell Max-Q Workstation Edition,rna004_130bps_hac@v5.3.0,1024,7.63977e+07,7549073920
NVIDIA RTX PRO 6000 Blackwell Max-Q Workstation Edition,rna004_130bps_hac@v5.3.0,1088,7.74259e+07,7987888640
NVIDIA RTX PRO 6000 Blackwell Max-Q Workstation Edition,rna004_130bps_hac@v5.3.0,1152,7.89033e+07,8441866752
NVIDIA RTX PRO 6000 Blackwell Max-Q Workstation Edition,rna004_130bps_hac@v5.3.0,1216,8.10818e+07,8908147200
NVIDIA RTX PRO 6000 Blackwell Max-Q Workstation Edition,rna004_130bps_hac@v5.3.0,1280,8.2782e+07,9409408512
NVIDIA RTX PRO 6000 Blackwell Max-Q Workstation Edition,rna004_130bps_hac@v5.3.0,1344,8.42462e+07,9852268032
NVIDIA RTX PRO 6000 Blackwell Max-Q Workstation Edition,rna004_130bps_hac@v5.3.0,1408,8.6848e+07,10360846848
NVIDIA RTX PRO 6000 Blackwell Max-Q Workstation Edition,rna004_130bps_hac@v5.3.0,1472,8.78703e+07,10785449984
NVIDIA RTX PRO 6000 Blackwell Max-Q Workstation Edition,rna004_130bps_hac@v5.3.0,1536,9.00787e+07,11286246400
NVIDIA RTX PRO 6000 Blackwell Max-Q Workstation Edition,rna004_130bps_hac@v5.3.0,1600,9.06975e+07,11716718080
NVIDIA RTX PRO 6000 Blackwell Max-Q Workstation Edition,rna004_130bps_hac@v5.3.0,1664,9.10092e+07,12220567552
NVIDIA RTX PRO 6000 Blackwell Max-Q Workstation Edition,rna004_130bps_hac@v5.3.0,1728,9.27721e+07,12698428416
NVIDIA RTX PRO 6000 Blackwell Max-Q Workstation Edition,rna004_130bps_hac@v5.3.0,1792,9.43476e+07,13120816640
NVIDIA RTX PRO 6000 Blackwell Max-Q Workstation Edition,rna004_130bps_hac@v5.3.0,1856,9.58757e+07,13631947776
NVIDIA RTX PRO 6000 Blackwell Max-Q Workstation Edition,rna004_130bps_hac@v5.3.0,1920,9.72627e+07,14118881792
NVIDIA RTX PRO 6000 Blackwell Max-Q Workstation Edition,rna004_130bps_hac@v5.3.0,1984,9.8036e+07,14596134400
NVIDIA RTX PRO 6000 Blackwell Max-Q Workstation Edition,rna004_130bps_hac@v5.3.0,2048,9.1047e+07,14989571072
NVIDIA RTX PRO 6000 Blackwell Max-Q Workstation Edition,rna004_130bps_hac@v5.3.0,2112,9.01395e+07,15456395776
NVIDIA RTX PRO 6000 Blackwell Max-Q Workstation Edition,rna004_130bps_hac@v5.3.0,2176,9.06059e+07,15919170048
NVIDIA RTX PRO 6000 Blackwell Max-Q Workstation Edition,rna004_130bps_hac@v5.3.0,2240,9.30448e+07,16412183552
NVIDIA RTX PRO 6000 Blackwell Max-Q Workstation Edition,rna004_130bps_hac@v5.3.0,2304,9.3418e+07,16857693696
NVIDIA RTX PRO 6000 Blackwell Max-Q Workstation Edition,rna004_130bps_hac@v5.3.0,2368,9.3912e+07,17380461568
NVIDIA RTX PRO 6000 Blackwell Max-Q Workstation Edition,rna004_130bps_hac@v5.3.0,2432,1.03607e+08,17792130048
NVIDIA RTX PRO 6000 Blackwell Max-Q Workstation Edition,rna004_130bps_hac@v5.3.0,2496,1.01299e+08,18324523520
NVIDIA RTX PRO 6000 Blackwell Max-Q Workstation Edition,rna004_130bps_hac@v5.3.0,2560,1.06287e+08,18729587712
NVIDIA RTX PRO 6000 Blackwell Max-Q Workstation Edition,rna004_130bps_hac@v5.3.0,2624,1.03954e+08,19197151744
NVIDIA RTX PRO 6000 Blackwell Max-Q Workstation Edition,rna004_130bps_hac@v5.3.0,2688,1.09125e+08,19724242944
NVIDIA RTX PRO 6000 Blackwell Max-Q Workstation Edition,rna004_130bps_hac@v5.3.0,2752,1.06282e+08,20200502784
NVIDIA RTX PRO 6000 Blackwell Max-Q Workstation Edition,rna004_130bps_hac@v5.3.0,2816,1.11448e+08,20660584448
NVIDIA RTX PRO 6000 Blackwell Max-Q Workstation Edition,rna004_130bps_hac@v5.3.0,2880,1.08293e+08,21136227328
NVIDIA RTX PRO 6000 Blackwell Max-Q Workstation Edition,rna004_130bps_hac@v5.3.0,2944,1.13585e+08,21533242880
NVIDIA RTX PRO 6000 Blackwell Max-Q Workstation Edition,rna004_130bps_hac@v5.3.0,3008,1.1009e+08,22105071616
NVIDIA RTX PRO 6000 Blackwell Max-Q Workstation Edition,rna004_130bps_hac@v5.3.0,3072,1.15162e+08,22469406720
NVIDIA RTX PRO 6000 Blackwell Max-Q Workstation Edition,rna004_130bps_hac@v5.3.0,3136,1.1095e+08,22930415616
NVIDIA RTX PRO 6000 Blackwell Max-Q Workstation Edition,rna004_130bps_hac@v5.3.0,3200,1.16956e+08,23494231040
NVIDIA RTX PRO 6000 Blackwell Max-Q Workstation Edition,rna004_130bps_hac@v5.3.0,3264,1.12537e+08,23945791488
NVIDIA RTX PRO 6000 Blackwell Max-Q Workstation Edition,rna004_130bps_hac@v5.3.0,3328,1.18242e+08,24416114176
NVIDIA RTX PRO 6000 Blackwell Max-Q Workstation Edition,rna004_130bps_hac@v5.3.0,3392,1.13885e+08,24864669184
NVIDIA RTX PRO 6000 Blackwell Max-Q Workstation Edition,rna004_130bps_hac@v5.3.0,3456,1.19358e+08,25333112832
NVIDIA RTX PRO 6000 Blackwell Max-Q Workstation Edition,rna004_130bps_hac@v5.3.0,3520,1.18057e+08,25845100032
NVIDIA RTX PRO 6000 Blackwell Max-Q Workstation Edition,rna004_130bps_hac@v5.3.0,3584,1.2004e+08,26297709568
NVIDIA RTX PRO 6000 Blackwell Max-Q Workstation Edition,rna004_130bps_hac@v5.3.0,3648,1.18615e+08,26825046016
NVIDIA RTX PRO 6000 Blackwell Max-Q Workstation Edition,rna004_130bps_hac@v5.3.0,3712,1.20823e+08,27238651392
NVIDIA RTX PRO 6000 Blackwell Max-Q Workstation Edition,rna004_130bps_hac@v5.3.0,3776,1.19033e+08,27705936896
NVIDIA RTX PRO 6000 Blackwell Max-Q Workstation Edition,rna004_130bps_hac@v5.3.0,3840,1.1887e+08,28169473536
NVIDIA RTX PRO 6000 Blackwell Max-Q Workstation Edition,rna004_130bps_hac@v5.3.0,3904,1.19277e+08,28634792960
NVIDIA RTX PRO 6000 Blackwell Max-Q Workstation Edition,rna004_130bps_hac@v5.3.0,3968,1.24907e+08,29115290624
NVIDIA RTX PRO 6000 Blackwell Max-Q Workstation Edition,rna004_130bps_hac@v5.3.0,4032,9.91354e+07,29583504896
NVIDIA RTX PRO 6000 Blackwell Max-Q Workstation Edition,rna004_130bps_hac@v5.3.0,4096,9.63355e+07,30046598144
NVIDIA RTX PRO 6000 Blackwell Max-Q Workstation Edition,rna004_130bps_hac@v5.3.0,4160,9.76837e+07,30409293824
NVIDIA RTX PRO 6000 Blackwell Max-Q Workstation Edition,rna004_130bps_hac@v5.3.0,4224,9.96048e+07,30989643264
NVIDIA RTX PRO 6000 Blackwell Max-Q Workstation Edition,rna004_130bps_hac@v5.3.0,4288,1.01102e+08,31357351936
NVIDIA RTX PRO 6000 Blackwell Max-Q Workstation Edition,rna004_130bps_hac@v5.3.0,4352,9.83969e+07,31815939584
NVIDIA RTX PRO 6000 Blackwell Max-Q Workstation Edition,rna004_130bps_hac@v5.3.0,4416,9.9833e+07,32283790848
NVIDIA RTX PRO 6000 Blackwell Max-Q Workstation Edition,rna004_130bps_hac@v5.3.0,4480,9.99943e+07,32761765888
NVIDIA RTX PRO 6000 Blackwell Max-Q Workstation Edition,rna004_130bps_hac@v5.3.0,4544,1.02378e+08,33226215424
NVIDIA RTX PRO 6000 Blackwell Max-Q Workstation Edition,rna004_130bps_hac@v5.3.0,4608,9.94628e+07,33792001536
NVIDIA RTX PRO 6000 Blackwell Max-Q Workstation Edition,rna004_130bps_hac@v5.3.0,4672,1.0093e+08,34311655424
NVIDIA RTX PRO 6000 Blackwell Max-Q Workstation Edition,rna004_130bps_hac@v5.3.0,4736,1.02246e+08,34741238784
NVIDIA RTX PRO 6000 Blackwell Max-Q Workstation Edition,rna004_130bps_hac@v5.3.0,4800,1.03599e+08,35200135680
NVIDIA RTX PRO 6000 Blackwell Max-Q Workstation Edition,rna004_130bps_hac@v5.3.0,4864,1.04424e+08,35725292032
NVIDIA RTX PRO 6000 Blackwell Max-Q Workstation Edition,rna004_130bps_hac@v5.3.0,4928,1.01652e+08,36147207168
NVIDIA RTX PRO 6000 Blackwell Max-Q Workstation Edition,rna004_130bps_hac@v5.3.0,4992,9.80191e+07,36619634176
NVIDIA RTX PRO 6000 Blackwell Max-Q Workstation Edition,rna004_130bps_hac@v5.3.0,5056,9.95327e+07,37087752704
NVIDIA RTX PRO 6000 Blackwell Max-Q Workstation Edition,rna004_130bps_hac@v5.3.0,5120,9.89521e+07,37427580928
NVIDIA RTX PRO 6000 Blackwell Max-Q Workstation Edition,rna004_130bps_hac@v5.3.0,5184,1.1184e+08,38023085568
NVIDIA RTX PRO 6000 Blackwell Max-Q Workstation Edition,rna004_130bps_hac@v5.3.0,5248,1.07488e+08,38496731136
NVIDIA RTX PRO 6000 Blackwell Max-Q Workstation Edition,rna004_130bps_hac@v5.3.0,5312,1.14525e+08,38957816320
NVIDIA RTX PRO 6000 Blackwell Max-Q Workstation Edition,rna004_130bps_hac@v5.3.0,5376,1.10306e+08,39422717440
NVIDIA RTX PRO 6000 Blackwell Max-Q Workstation Edition,rna004_130bps_hac@v5.3.0,5440,1.17054e+08,39883550208
NVIDIA RTX PRO 6000 Blackwell Max-Q Workstation Edition,rna004_130bps_hac@v5.3.0,5504,1.07734e+08,40431825408
NVIDIA RTX PRO 6000 Blackwell Max-Q Workstation Edition,rna004_130bps_hac@v5.3.0,5568,1.14504e+08,40848598528
NVIDIA RTX PRO 6000 Blackwell Max-Q Workstation Edition,rna004_130bps_hac@v5.3.0,5632,1.15324e+08,41297269248
NVIDIA RTX PRO 6000 Blackwell Max-Q Workstation Edition,rna004_130bps_hac@v5.3.0,5696,1.17061e+08,41634100736
NVIDIA RTX PRO 6000 Blackwell Max-Q Workstation Edition,rna004_130bps_hac@v5.3.0,5760,1.12652e+08,42234155008
NVIDIA RTX PRO 6000 Blackwell Max-Q Workstation Edition,rna004_130bps_hac@v5.3.0,5824,1.19498e+08,42705732096
NVIDIA RTX PRO 6000 Blackwell Max-Q Workstation Edition,rna004_130bps_hac@v5.3.0,5888,1.15001e+08,43172926464
NVIDIA RTX PRO 6000 Blackwell Max-Q Workstation Edition,rna004_130bps_hac@v5.3.0,5952,1.21793e+08,43638957056
NVIDIA RTX PRO 6000 Blackwell Max-Q Workstation Edition,rna004_130bps_hac@v5.3.0,6016,1.10805e+08,44106342400
NVIDIA RTX PRO 6000 Blackwell Max-Q Workstation Edition,rna004_130bps_hac@v5.3.0,6080,1.07127e+08,44584658432
NVIDIA RTX PRO 6000 Blackwell Max-Q Workstation Edition,rna004_130bps_hac@v5.3.0,6144,1.13571e+08,45049896448
NVIDIA RTX PRO 6000 Blackwell Max-Q Workstation Edition,rna004_130bps_hac@v5.3.0,6208,1.09238e+08,45513885184
NVIDIA RTX PRO 6000 Blackwell Max-Q Workstation Edition,rna004_130bps_hac@v5.3.0,6272,1.15883e+08,45829949952
NVIDIA RTX PRO 6000 Blackwell Max-Q Workstation Edition,rna004_130bps_hac@v5.3.0,6336,1.11321e+08,46313477632
NVIDIA RTX PRO 6000 Blackwell Max-Q Workstation Edition,rna004_130bps_hac@v5.3.0,6400,1.18343e+08,46777964032
NVIDIA RTX PRO 6000 Blackwell Max-Q Workstation Edition,rna004_130bps_hac@v5.3.0,6464,1.13205e+08,47238047744
NVIDIA RTX PRO 6000 Blackwell Max-Q Workstation Edition,rna004_130bps_hac@v5.3.0,6528,1.14654e+08,47854479360
NVIDIA RTX PRO 6000 Blackwell Max-Q Workstation Edition,rna004_130bps_hac@v5.3.0,6592,1.09454e+08,48335432704
NVIDIA RTX PRO 6000 Blackwell Max-Q Workstation Edition,rna004_130bps_hac@v5.3.0,6656,1.16596e+08,48651025920
NVIDIA RTX PRO 6000 Blackwell Max-Q Workstation Edition,rna004_130bps_hac@v5.3.0,6720,1.11461e+08,49270192640
NVIDIA RTX PRO 6000 Blackwell Max-Q Workstation Edition,rna004_130bps_hac@v5.3.0,6784,1.18935e+08,49575603200
NVIDIA RTX PRO 6000 Blackwell Max-Q Workstation Edition,rna004_130bps_hac@v5.3.0,6848,1.1352e+08,50208741376
NVIDIA RTX PRO 6000 Blackwell Max-Q Workstation Edition,rna004_130bps_hac@v5.3.0,6912,1.2102e+08,50746688000
NVIDIA RTX PRO 6000 Blackwell Max-Q Workstation Edition,rna004_130bps_hac@v5.3.0,6976,1.15529e+08,51138201088
NVIDIA RTX PRO 6000 Blackwell Max-Q Workstation Edition,rna004_130bps_hac@v5.3.0,7040,1.16657e+08,51605638656
NVIDIA RTX PRO 6000 Blackwell Max-Q Workstation Edition,rna004_130bps_hac@v5.3.0,7104,1.17517e+08,52086649344
NVIDIA RTX PRO 6000 Blackwell Max-Q Workstation Edition,rna004_130bps_hac@v5.3.0,7168,1.1824e+08,52554476544
NVIDIA RTX PRO 6000 Blackwell Max-Q Workstation Edition,rna004_130bps_hac@v5.3.0,7232,1.12872e+08,53014068224
NVIDIA RTX PRO 6000 Blackwell Max-Q Workstation Edition,rna004_130bps_hac@v5.3.0,7296,1.20604e+08,53477730304
NVIDIA RTX PRO 6000 Blackwell Max-Q Workstation Edition,rna004_130bps_hac@v5.3.0,7360,1.14807e+08,53975663104
NVIDIA RTX PRO 6000 Blackwell Max-Q Workstation Edition,rna004_130bps_hac@v5.3.0,7424,1.22598e+08,54434928640
NVIDIA RTX PRO 6000 Blackwell Max-Q Workstation Edition,rna004_130bps_hac@v5.3.0,7488,1.16658e+08,54898650624
NVIDIA RTX PRO 6000 Blackwell Max-Q Workstation Edition,rna004_130bps_hac@v5.3.0,7552,1.17866e+08,55366367744
NVIDIA RTX PRO 6000 Blackwell Max-Q Workstation Edition,rna004_130bps_hac@v5.3.0,7616,1.18461e+08,55838575616
NVIDIA RTX PRO 6000 Blackwell Max-Q Workstation Edition,rna004_130bps_hac@v5.3.0,7680,1.26302e+08,56303512064
NVIDIA RTX PRO 6000 Blackwell Max-Q Workstation Edition,rna004_130bps_hac@v5.3.0,7744,1.20202e+08,56825533440
NVIDIA RTX PRO 6000 Blackwell Max-Q Workstation Edition,rna004_130bps_hac@v5.3.0,7808,1.21393e+08,57233601024
NVIDIA RTX PRO 6000 Blackwell Max-Q Workstation Edition,rna004_130bps_hac@v5.3.0,7872,1.14999e+08,57722043904
NVIDIA RTX PRO 6000 Blackwell Max-Q Workstation Edition,rna004_130bps_hac@v5.3.0,7936,1.22594e+08,58183747072
NVIDIA RTX PRO 6000 Blackwell Max-Q Workstation Edition,rna004_130bps_hac@v5.3.0,8000,1.08984e+08,58649543168
NVIDIA RTX PRO 6000 Blackwell Max-Q Workstation Edition,rna004_130bps_hac@v5.3.0,8064,1.0941e+08,59113726976
NVIDIA RTX PRO 6000 Blackwell Max-Q Workstation Edition,rna004_130bps_hac@v5.3.0,8128,1.10641e+08,59589967872
NVIDIA RTX PRO 6000 Blackwell Max-Q Workstation Edition,rna004_130bps_hac@v5.3.0,8192,1.09329e+08,60083313152
NVIDIA RTX PRO 6000 Blackwell Max-Q Workstation Edition,rna004_130bps_hac@v5.3.0,8256,1.12236e+08,60519114752
NVIDIA RTX PRO 6000 Blackwell Max-Q Workstation Edition,rna004_130bps_hac@v5.3.0,8320,1.05302e+08,60980542976
NVIDIA RTX PRO 6000 Blackwell Max-Q Workstation Edition,rna004_130bps_hac@v5.3.0,8384,1.14445e+08,61469604352
NVIDIA RTX PRO 6000 Blackwell Max-Q Workstation Edition,rna004_130bps_hac@v5.3.0,8448,1.06626e+08,61938126848
NVIDIA RTX PRO 6000 Blackwell Max-Q Workstation Edition,rna004_130bps_hac@v5.3.0,8512,1.15009e+08,62403408384
NVIDIA RTX PRO 6000 Blackwell Max-Q Workstation Edition,rna004_130bps_hac@v5.3.0,8576,1.08252e+08,62861059584
NVIDIA RTX PRO 6000 Blackwell Max-Q Workstation Edition,rna004_130bps_hac@v5.3.0,8640,1.0859e+08,63341072384
NVIDIA RTX PRO 6000 Blackwell Max-Q Workstation Edition,rna004_130bps_hac@v5.3.0,8704,1.09438e+08,63607203328
NVIDIA RTX PRO 6000 Blackwell Max-Q Workstation Edition,rna004_130bps_hac@v5.3.0,8768,1.10834e+08,64369515520
NVIDIA RTX PRO 6000 Blackwell Max-Q Workstation Edition,rna004_130bps_hac@v5.3.0,8832,1.11313e+08,64737067520
NVIDIA RTX PRO 6000 Blackwell Max-Q Workstation Edition,rna004_130bps_hac@v5.3.0,8896,1.12246e+08,65309262848
NVIDIA RTX PRO 6000 Blackwell Max-Q Workstation Edition,rna004_130bps_hac@v5.3.0,8960,1.12674e+08,65686439936
NVIDIA RTX PRO 6000 Blackwell Max-Q Workstation Edition,rna004_130bps_hac@v5.3.0,9024,1.13835e+08,66154341888
NVIDIA RTX PRO 6000 Blackwell Max-Q Workstation Edition,rna004_130bps_hac@v5.3.0,9088,1.14325e+08,66616798208
NVIDIA RTX PRO 6000 Blackwell Max-Q Workstation Edition,rna004_130bps_hac@v5.3.0,9152,1.14644e+08,67080240128
NVIDIA RTX PRO 6000 Blackwell Max-Q Workstation Edition,rna004_130bps_hac@v5.3.0,9216,1.15186e+08,67375352320
NVIDIA RTX PRO 6000 Blackwell Max-Q Workstation Edition,rna004_130bps_hac@v5.3.0,9280,1.17199e+08,67889717248
NVIDIA RTX PRO 6000 Blackwell Max-Q Workstation Edition,rna004_130bps_hac@v5.3.0,9344,1.08933e+08,68588985856
NVIDIA RTX PRO 6000 Blackwell Max-Q Workstation Edition,rna004_130bps_hac@v5.3.0,9408,1.18431e+08,68699728896
NVIDIA RTX PRO 6000 Blackwell Max-Q Workstation Edition,rna004_130bps_hac@v5.3.0,9472,1.0963e+08,69306510336
NVIDIA RTX PRO 6000 Blackwell Max-Q Workstation Edition,rna004_130bps_hac@v5.3.0,9536,1.19831e+08,69765426176
NVIDIA RTX PRO 6000 Blackwell Max-Q Workstation Edition,rna004_130bps_hac@v5.3.0,9600,1.11099e+08,70226941440
NVIDIA RTX PRO 6000 Blackwell Max-Q Workstation Edition,rna004_130bps_hac@v5.3.0,9664,1.12663e+08,70744948736
NVIDIA RTX PRO 6000 Blackwell Max-Q Workstation Edition,rna004_130bps_hac@v5.3.0,9728,1.12729e+08,71166647296
NVIDIA RTX PRO 6000 Blackwell Max-Q Workstation Edition,rna004_130bps_hac@v5.3.0,9792,1.14048e+08,71514193408
NVIDIA RTX PRO 6000 Blackwell Max-Q Workstation Edition,rna004_130bps_hac@v5.3.0,9856,1.14503e+08,71977678336
NVIDIA RTX PRO 6000 Blackwell Max-Q Workstation Edition,rna004_130bps_hac@v5.3.0,9920,1.15442e+08,72441163264
NVIDIA RTX PRO 6000 Blackwell Max-Q Workstation Edition,rna004_130bps_hac@v5.3.0,9984,1.15657e+08,73100024832
NVIDIA RTX PRO 6000 Blackwell Max-Q Workstation Edition,rna004_130bps_hac@v5.3.0,10048,1.07453e+08,73519222272
NVIDIA RTX PRO 6000 Blackwell Max-Q Workstation Edition,rna004_130bps_hac@v5.3.0,10112,1.16486e+08,74230501888
NVIDIA RTX PRO 6000 Blackwell Max-Q Workstation Edition,rna004_130bps_hac@v5.3.0,10176,1.0773e+08,74440636928
NVIDIA RTX PRO 6000 Blackwell Max-Q Workstation Edition,rna004_130bps_hac@v5.3.0,10240,1.19136e+08,74912271872
NVIDIA RTX PRO 6000 Blackwell Max-Q Workstation Edition,rna004_130bps_sup@v5.3.0,32,9.72367e+06,2495392768
NVIDIA RTX PRO 6000 Blackwell Max-Q Workstation Edition,rna004_130bps_sup@v5.3.0,64,1.3142e+07,3669832192
NVIDIA RTX PRO 6000 Blackwell Max-Q Workstation Edition,rna004_130bps_sup@v5.3.0,96,1.42367e+07,4844795392
NVIDIA RTX PRO 6000 Blackwell Max-Q Workstation Edition,rna004_130bps_sup@v5.3.0,128,1.49755e+07,6036536320
NVIDIA RTX PRO 6000 Blackwell Max-Q Workstation Edition,rna004_130bps_sup@v5.3.0,160,1.5475e+07,7226311168
NVIDIA RTX PRO 6000 Blackwell Max-Q Workstation Edition,rna004_130bps_sup@v5.3.0,192,1.51823e+07,8420083712
NVIDIA RTX PRO 6000 Blackwell Max-Q Workstation Edition,rna004_130bps_sup@v5.3.0,224,1.54717e+07,9611235840
NVIDIA RTX PRO 6000 Blackwell Max-Q Workstation Edition,rna004_130bps_sup@v5.3.0,256,1.57348e+07,10804024320
NVIDIA RTX PRO 6000 Blackwell Max-Q Workstation Edition,rna004_130bps_sup@v5.3.0,288,1.56527e+07,11995929088
NVIDIA RTX PRO 6000 Blackwell Max-Q Workstation Edition,rna004_130bps_sup@v5.3.0,320,1.56301e+07,13188489216
NVIDIA RTX PRO 6000 Blackwell Max-Q Workstation Edition,rna004_130bps_sup@v5.3.0,352,1.61958e+07,14377577472
NVIDIA RTX PRO 6000 Blackwell Max-Q Workstation Edition,rna004_130bps_sup@v5.3.0,384,1.58996e+07,15569547776
NVIDIA RTX PRO 6000 Blackwell Max-Q Workstation Edition,rna004_130bps_sup@v5.3.0,416,1.60674e+07,16761287168
NVIDIA RTX PRO 6000 Blackwell Max-Q Workstation Edition,rna004_130bps_sup@v5.3.0,448,1.56857e+07,17951916032
NVIDIA RTX PRO 6000 Blackwell Max-Q Workstation Edition,rna004_130bps_sup@v5.3.0,480,1.63269e+07,19143689728
NVIDIA RTX PRO 6000 Blackwell Max-Q Workstation Edition,rna004_130bps_sup@v5.3.0,512,1.55767e+07,20336905216
NVIDIA RTX PRO 6000 Blackwell Max-Q Workstation Edition,rna004_130bps_sup@v5.3.0,544,1.64954e+07,21530055680
NVIDIA RTX PRO 6000 Blackwell Max-Q Workstation Edition,rna004_130bps_sup@v5.3.0,576,1.5872e+07,22720190976
NVIDIA RTX PRO 6000 Blackwell Max-Q Workstation Edition,rna004_130bps_sup@v5.3.0,608,1.61683e+07,23914258432
NVIDIA RTX PRO 6000 Blackwell Max-Q Workstation Edition,rna004_130bps_sup@v5.3.0,640,1.64582e+07,25105311232
NVIDIA RTX PRO 6000 Blackwell Max-Q Workstation Edition,rna004_130bps_sup@v5.3.0,672,1.60777e+07,26297082368
NVIDIA RTX PRO 6000 Blackwell Max-Q Workstation Edition,rna004_130bps_sup@v5.3.0,704,1.55874e+07,27485713408
NVIDIA RTX PRO 6000 Blackwell Max-Q Workstation Edition,rna004_130bps_sup@v5.3.0,736,1.56242e+07,28677224960
NVIDIA RTX PRO 6000 Blackwell Max-Q Workstation Edition,rna004_130bps_sup@v5.3.0,768,1.62369e+07,29872668672
NVIDIA RTX PRO 6000 Blackwell Max-Q Workstation Edition,rna004_130bps_sup@v5.3.0,800,1.6868e+07,31064770560
NVIDIA RTX PRO 6000 Blackwell Max-Q Workstation Edition,rna004_130bps_sup@v5.3.0,832,1.61033e+07,32253726208
NVIDIA RTX PRO 6000 Blackwell Max-Q Workstation Edition,rna004_fast@v6.0.0,64,3.48399e+07,1240761344
NVIDIA RTX PRO 6000 Blackwell Max-Q Workstation Edition,rna004_fast@v6.0.0,128,5.76244e+07,1408109568
NVIDIA RTX PRO 6000 Blackwell Max-Q Workstation Edition,rna004_fast@v6.0.0,192,8.27835e+07,1572402176
NVIDIA RTX PRO 6000 Blackwell Max-Q Workstation Edition,rna004_fast@v6.0.0,256,1.01144e+08,1738789376
NVIDIA RTX PRO 6000 Blackwell Max-Q Workstation Edition,rna004_fast@v6.0.0,320,1.20638e+08,1903081984
NVIDIA RTX PRO 6000 Blackwell Max-Q Workstation Edition,rna004_fast@v6.0.0,384,1.36237e+08,2069470208
NVIDIA RTX PRO 6000 Blackwell Max-Q Workstation Edition,rna004_fast@v6.0.0,448,1.52252e+08,2234510848
NVIDIA RTX PRO 6000 Blackwell Max-Q Workstation Edition,rna004_fast@v6.0.0,512,1.6733e+08,2400150016
NVIDIA RTX PRO 6000 Blackwell Max-Q Workstation Edition,rna004_fast@v6.0.0,576,1.78999e+08,2563483136
NVIDIA RTX PRO 6000 Blackwell Max-Q Workstation Edition,rna004_fast@v6.0.0,640,1.91165e+08,2729231360
NVIDIA RTX PRO 6000 Blackwell Max-Q Workstation Edition,rna004_fast@v6.0.0,704,2.01112e+08,2888127488
NVIDIA RTX PRO 6000 Blackwell Max-Q Workstation Edition,rna004_fast@v6.0.0,768,1.9335e+08,3059591680
NVIDIA RTX PRO 6000 Blackwell Max-Q Workstation Edition,rna004_fast@v6.0.0,832,2.01156e+08,3224011776
NVIDIA RTX PRO 6000 Blackwell Max-Q Workstation Edition,rna004_fast@v6.0.0,896,2.06435e+08,3391875584
NVIDIA RTX PRO 6000 Blackwell Max-Q Workstation Edition,rna004_fast@v6.0.0,960,2.11915e+08,3546585600
NVIDIA RTX PRO 6000 Blackwell Max-Q Workstation Edition,rna004_fast@v6.0.0,1024,2.1682e+08,3711075840
NVIDIA RTX PRO 6000 Blackwell Max-Q Workstation Edition,rna004_fast@v6.0.0,1088,2.21693e+08,3877596160
NVIDIA RTX PRO 6000 Blackwell Max-Q Workstation Edition,rna004_fast@v6.0.0,1152,2.24378e+08,4049461760
NVIDIA RTX PRO 6000 Blackwell Max-Q Workstation Edition,rna004_fast@v6.0.0,1216,2.29529e+08,4217372160
NVIDIA RTX PRO 6000 Blackwell Max-Q Workstation Edition,rna004_fast@v6.0.0,1280,2.31402e+08,4378936320
NVIDIA RTX PRO 6000 Blackwell Max-Q Workstation Edition,rna004_fast@v6.0.0,1344,2.34851e+08,4545953280
NVIDIA RTX PRO 6000 Blackwell Max-Q Workstation Edition,rna004_fast@v6.0.0,1408,2.37641e+08,4714027008
NVIDIA RTX PRO 6000 Blackwell Max-Q Workstation Edition,rna004_fast@v6.0.0,1472,2.43866e+08,4868549120
NVIDIA RTX PRO 6000 Blackwell Max-Q Workstation Edition,rna004_fast@v6.0.0,1536,2.34148e+08,5014286848
NVIDIA RTX PRO 6000 Blackwell Max-Q Workstation Edition,rna004_fast@v6.0.0,1600,2.37989e+08,5181031936
NVIDIA RTX PRO 6000 Blackwell Max-Q Workstation Edition,rna004_fast@v6.0.0,1664,2.3763e+08,5341485056
NVIDIA RTX PRO 6000 Blackwell Max-Q Workstation Edition,rna004_fast@v6.0.0,1728,2.39871e+08,5509042176
NVIDIA RTX PRO 6000 Blackwell Max-Q Workstation Edition,rna004_fast@v6.0.0,1792,2.41582e+08,5672942592
NVIDIA RTX PRO 6000 Blackwell Max-Q Workstation Edition,rna004_fast@v6.0.0,1856,2.42815e+08,5835634176
NVIDIA RTX PRO 6000 Blackwell Max-Q Workstation Edition,rna004_fast@v6.0.0,1920,2.47311e+08,6002171904
NVIDIA RTX PRO 6000 Blackwell Max-Q Workstation Edition,rna004_fast@v6.0.0,1984,2.47569e+08,6162625536
NVIDIA RTX PRO 6000 Blackwell Max-Q Workstation Edition,rna004_fast@v6.0.0,2048,2.51533e+08,6330892800
NVIDIA RTX PRO 6000 Blackwell Max-Q Workstation Edition,rna004_fast@v6.0.0,2112,2.50888e+08,6494614016
NVIDIA RTX PRO 6000 Blackwell Max-Q Workstation Edition,rna004_fast@v6.0.0,2176,2.54076e+08,6656737792
NVIDIA RTX PRO 6000 Blackwell Max-Q Workstation Edition,rna004_fast@v6.0.0,2240,2.57026e+08,6821215232
NVIDIA RTX PRO 6000 Blackwell Max-Q Workstation Edition,rna004_fast@v6.0.0,2304,2.46151e+08,6981667328
NVIDIA RTX PRO 6000 Blackwell Max-Q Workstation Edition,rna004_fast@v6.0.0,2368,2.48186e+08,7148797440
NVIDIA RTX PRO 6000 Blackwell Max-Q Workstation Edition,rna004_fast@v6.0.0,2432,2.50024e+08,7314475520
NVIDIA RTX PRO 6000 Blackwell Max-Q Workstation Edition,rna004_fast@v6.0.0,2496,2.51672e+08,7473862144
NVIDIA RTX PRO 6000 Blackwell Max-Q Workstation Edition,rna004_fast@v6.0.0,2560,2.52949e+08,7640257024
NVIDIA RTX PRO 6000 Blackwell Max-Q Workstation Edition,rna004_fast@v6.0.0,2624,2.54028e+08,7804904960
NVIDIA RTX PRO 6000 Blackwell Max-Q Workstation Edition,rna004_fast@v6.0.0,2688,2.54721e+08,7968406016
NVIDIA RTX PRO 6000 Blackwell Max-Q Workstation Edition,rna004_fast@v6.0.0,2752,2.60776e+08,8136574464
NVIDIA RTX PRO 6000 Blackwell Max-Q Workstation Edition,rna004_fast@v6.0.0,2816,2.5587e+08,8295961088
NVIDIA RTX PRO 6000 Blackwell Max-Q Workstation Edition,rna004_fast@v6.0.0,2880,2.55815e+08,8461968896
NVIDIA RTX PRO 6000 Blackwell Max-Q Workstation Edition,rna004_fast@v6.0.0,2944,2.61236e+08,8626044928
NVIDIA RTX PRO 6000 Blackwell Max-Q Workstation Edition,rna004_fast@v6.0.0,3008,2.56858e+08,8789509632
NVIDIA RTX PRO 6000 Blackwell Max-Q Workstation Edition,rna004_fast@v6.0.0,3072,2.54499e+08,8953729536
NVIDIA RTX PRO 6000 Blackwell Max-Q Workstation Edition,rna004_fast@v6.0.0,3136,2.55686e+08,9115853312
NVIDIA RTX PRO 6000 Blackwell Max-Q Workstation Edition,rna004_fast@v6.0.0,3200,2.58489e+08,9282007040
NVIDIA RTX PRO 6000 Blackwell Max-Q Workstation Edition,rna004_fast@v6.0.0,3264,2.57324e+08,9448112128
NVIDIA RTX PRO 6000 Blackwell Max-Q Workstation Edition,rna004_fast@v6.0.0,3328,2.55777e+08,9608802816
NVIDIA RTX PRO 6000 Blackwell Max-Q Workstation Edition,rna004_fast@v6.0.0,3392,2.53871e+08,9772736000
NVIDIA RTX PRO 6000 Blackwell Max-Q Workstation Edition,rna004_fast@v6.0.0,3456,2.58504e+08,9932762624
NVIDIA RTX PRO 6000 Blackwell Max-Q Workstation Edition,rna004_fast@v6.0.0,3520,2.56424e+08,10099483648
NVIDIA RTX PRO 6000 Blackwell Max-Q Workstation Edition,rna004_fast@v6.0.0,3584,2.60922e+08,10266053120
NVIDIA RTX PRO 6000 Blackwell Max-Q Workstation Edition,rna004_fast@v6.0.0,3648,2.58374e+08,10428804608
NVIDIA RTX PRO 6000 Blackwell Max-Q Workstation Edition,rna004_fast@v6.0.0,3712,2.62648e+08,10594482688
NVIDIA RTX PRO 6000 Blackwell Max-Q Workstation Edition,rna004_fast@v6.0.0,3776,2.52555e+08,10753882112
NVIDIA RTX PRO 6000 Blackwell Max-Q Workstation Edition,rna004_fast@v6.0.0,3840,2.54254e+08,10920622592
NVIDIA RTX PRO 6000 Blackwell Max-Q Workstation Edition,rna004_fast@v6.0.0,3904,2.53286e+08,11085270528
NVIDIA RTX PRO 6000 Blackwell Max-Q Workstation Edition,rna004_fast@v6.0.0,3968,2.49369e+08,11248625152
NVIDIA RTX PRO 6000 Blackwell Max-Q Workstation Edition,rna004_fast@v6.0.0,4032,2.5318e+08,11414484480
NVIDIA RTX PRO 6000 Blackwell Max-Q Workstation Edition,rna004_fast@v6.0.0,4096,2.5707e+08,11580211712
NVIDIA RTX PRO 6000 Blackwell Max-Q Workstation Edition,rna004_fast@v6.0.0,4160,2.49971e+08,11740025344
NVIDIA RTX PRO 6000 Blackwell Max-Q Workstation Edition,rna004_fast@v6.0.0,4224,2.56768e+08,11906410496
NVIDIA RTX PRO 6000 Blackwell Max-Q Workstation Edition,rna004_fast@v6.0.0,4288,2.52341e+08,12067631616
NVIDIA RTX PRO 6000 Blackwell Max-Q Workstation Edition,rna004_fast@v6.0.0,4352,2.55887e+08,12233948672
NVIDIA RTX PRO 6000 Blackwell Max-Q Workstation Edition,rna004_fast@v6.0.0,4416,2.59485e+08,12402261504
NVIDIA RTX PRO 6000 Blackwell Max-Q Workstation Edition,rna004_fast@v6.0.0,4480,2.54439e+08,12563745280
NVIDIA RTX PRO 6000 Blackwell Max-Q Workstation Edition,rna004_fast@v6.0.0,4544,2.57902e+08,12725229056
NVIDIA RTX PRO 6000 Blackwell Max-Q Workstation Edition,rna004_fast@v6.0.0,4608,2.52625e+08,12886712832
NVIDIA RTX PRO 6000 Blackwell Max-Q Workstation Edition,rna004_fast@v6.0.0,4672,2.5598e+08,13052955136
NVIDIA RTX PRO 6000 Blackwell Max-Q Workstation Edition,rna004_fast@v6.0.0,4736,2.50253e+08,13219273216
NVIDIA RTX PRO 6000 Blackwell Max-Q Workstation Edition,rna004_fast@v6.0.0,4800,2.53481e+08,13381396992
NVIDIA RTX PRO 6000 Blackwell Max-Q Workstation Edition,rna004_fast@v6.0.0,4864,2.56582e+08,13547328000
NVIDIA RTX PRO 6000 Blackwell Max-Q Workstation Edition,rna004_fast@v6.0.0,4928,2.50678e+08,13708811776
NVIDIA RTX PRO 6000 Blackwell Max-Q Workstation Edition,rna004_fast@v6.0.0,4992,2.53749e+08,13872392704
NVIDIA RTX PRO 6000 Blackwell Max-Q Workstation Edition,rna004_fast@v6.0.0,5056,2.56812e+08,14040376832
NVIDIA RTX PRO 6000 Blackwell Max-Q Workstation Edition,rna004_fast@v6.0.0,5120,2.58615e+08,14200402432
NVIDIA RTX PRO 6000 Blackwell Max-Q Workstation Edition,rna004_fast@v6.0.0,5184,2.52719e+08,14366720512
NVIDIA RTX PRO 6000 Blackwell Max-Q Workstation Edition,rna004_fast@v6.0.0,5248,2.55767e+08,14533007872
NVIDIA RTX PRO 6000 Blackwell Max-Q Workstation Edition,rna004_fast@v6.0.0,5312,2.58244e+08,14694491648
NVIDIA RTX PRO 6000 Blackwell Max-Q Workstation Edition,rna004_fast@v6.0.0,5376,2.46114e+08,14860169728
NVIDIA RTX PRO 6000 Blackwell Max-Q Workstation Edition,rna004_fast@v6.0.0,5440,2.5376e+08,15021653504
NVIDIA RTX PRO 6000 Blackwell Max-Q Workstation Edition,rna004_fast@v6.0.0,5504,2.5658e+08,15187824128
NVIDIA RTX PRO 6000 Blackwell Max-Q Workstation Edition,rna004_fast@v6.0.0,5568,2.59602e+08,15352045056
NVIDIA RTX PRO 6000 Blackwell Max-Q Workstation Edition,rna004_fast@v6.0.0,5632,2.50944e+08,15514167808
NVIDIA RTX PRO 6000 Blackwell Max-Q Workstation Edition,rna004_fast@v6.0.0,5696,2.50656e+08,15680171520
NVIDIA RTX PRO 6000 Blackwell Max-Q Workstation Edition,rna004_fast@v6.0.0,5760,2.573e+08,15841655296
NVIDIA RTX PRO 6000 Blackwell Max-Q Workstation Edition,rna004_fast@v6.0.0,5824,2.60093e+08,16005236224
NVIDIA RTX PRO 6000 Blackwell Max-Q Workstation Edition,rna004_fast@v6.0.0,5888,2.51725e+08,16175108608
NVIDIA RTX PRO 6000 Blackwell Max-Q Workstation Edition,rna004_fast@v6.0.0,5952,2.54347e+08,16334495232
NVIDIA RTX PRO 6000 Blackwell Max-Q Workstation Edition,rna004_fast@v6.0.0,6016,2.56905e+08,16502270464
NVIDIA RTX PRO 6000 Blackwell Max-Q Workstation Edition,rna004_fast@v6.0.0,6080,2.59227e+08,16661657088
NVIDIA RTX PRO 6000 Blackwell Max-Q Workstation Edition,rna004_fast@v6.0.0,6144,2.50419e+08,16827335168
NVIDIA RTX PRO 6000 Blackwell Max-Q Workstation Edition,rna004_fast@v6.0.0,6208,2.52876e+08,16990916096
NVIDIA RTX PRO 6000 Blackwell Max-Q Workstation Edition,rna004_fast@v6.0.0,6272,2.5527e+08,17152399872
NVIDIA RTX PRO 6000 Blackwell Max-Q Workstation Edition,rna004_fast@v6.0.0,6336,2.56977e+08,17322272256
NVIDIA RTX PRO 6000 Blackwell Max-Q Workstation Edition,rna004_fast@v6.0.0,6400,2.58635e+08,17487950336
NVIDIA RTX PRO 6000 Blackwell Max-Q Workstation Edition,rna004_fast@v6.0.0,6464,2.61788e+08,17649434112
NVIDIA RTX PRO 6000 Blackwell Max-Q Workstation Edition,rna004_fast@v6.0.0,6528,2.53005e+08,17813015040
NVIDIA RTX PRO 6000 Blackwell Max-Q Workstation Edition,rna004_fast@v6.0.0,6592,2.55185e+08,17974498816
NVIDIA RTX PRO 6000 Blackwell Max-Q Workstation Edition,rna004_fast@v6.0.0,6656,2.57788e+08,18140176896
NVIDIA RTX PRO 6000 Blackwell Max-Q Workstation Edition,rna004_fast@v6.0.0,6720,2.59715e+08,18310049280
NVIDIA RTX PRO 6000 Blackwell Max-Q Workstation Edition,rna004_fast@v6.0.0,6784,2.49311e+08,18467338752
NVIDIA RTX PRO 6000 Blackwell Max-Q Workstation Edition,rna004_fast@v6.0.0,6848,2.51512e+08,18633016832
NVIDIA RTX PRO 6000 Blackwell Max-Q Workstation Edition,rna004_fast@v6.0.0,6912,2.52274e+08,18792403456
NVIDIA RTX PRO 6000 Blackwell Max-Q Workstation Edition,rna004_fast@v6.0.0,6976,2.55023e+08,18960178688
NVIDIA RTX PRO 6000 Blackwell Max-Q Workstation Edition,rna004_fast@v6.0.0,7040,2.5755e+08,19123759616
NVIDIA RTX PRO 6000 Blackwell Max-Q Workstation Edition,rna004_fast@v6.0.0,7104,2.59385e+08,19285243392
NVIDIA RTX PRO 6000 Blackwell Max-Q Workstation Edition,rna004_fast@v6.0.0,7168,2.49445e+08,19453018624
NVIDIA RTX PRO 6000 Blackwell Max-Q Workstation Edition,rna004_fast@v6.0.0,7232,2.51562e+08,19614502400
NVIDIA RTX PRO 6000 Blackwell Max-Q Workstation Edition,rna004_fast@v6.0.0,7296,2.53433e+08,19782277632
NVIDIA RTX PRO 6000 Blackwell Max-Q Workstation Edition,rna004_fast@v6.0.0,7360,2.55549e+08,19945858560
NVIDIA RTX PRO 6000 Blackwell Max-Q Workstation Edition,rna004_fast@v6.0.0,7424,2.56556e+08,20107342336
NVIDIA RTX PRO 6000 Blackwell Max-Q Workstation Edition,rna004_fast@v6.0.0,7488,2.59902e+08,20270923264
NVIDIA RTX PRO 6000 Blackwell Max-Q Workstation Edition,rna004_fast@v6.0.0,7552,2.4702e+08,20434504192
NVIDIA RTX PRO 6000 Blackwell Max-Q Workstation Edition,rna004_fast@v6.0.0,7616,2.49264e+08,20602279424
NVIDIA RTX PRO 6000 Blackwell Max-Q Workstation Edition,rna004_fast@v6.0.0,7680,2.51963e+08,20767957504
NVIDIA RTX PRO 6000 Blackwell Max-Q Workstation Edition,rna004_fast@v6.0.0,7744,2.5361e+08,20927344128
NVIDIA RTX PRO 6000 Blackwell Max-Q Workstation Edition,rna004_fast@v6.0.0,7808,2.55358e+08,21093022208
NVIDIA RTX PRO 6000 Blackwell Max-Q Workstation Edition,rna004_fast@v6.0.0,7872,2.57403e+08,21258700288
NVIDIA RTX PRO 6000 Blackwell Max-Q Workstation Edition,rna004_fast@v6.0.0,7936,2.59053e+08,21418086912
NVIDIA RTX PRO 6000 Blackwell Max-Q Workstation Edition,rna004_fast@v6.0.0,8000,2.46615e+08,21585862144
NVIDIA RTX PRO 6000 Blackwell Max-Q Workstation Edition,rna004_fast@v6.0.0,8064,2.47906e+08,21747345920
NVIDIA RTX PRO 6000 Blackwell Max-Q Workstation Edition,rna004_fast@v6.0.0,8128,2.49822e+08,21910926848
NVIDIA RTX PRO 6000 Blackwell Max-Q Workstation Edition,rna004_fast@v6.0.0,8192,2.52107e+08,22078702080
NVIDIA RTX PRO 6000 Blackwell Max-Q Workstation Edition,rna004_fast@v6.0.0,8256,2.53743e+08,22240185856
NVIDIA RTX PRO 6000 Blackwell Max-Q Workstation Edition,rna004_fast@v6.0.0,8320,2.55427e+08,22370212352
NVIDIA RTX PRO 6000 Blackwell Max-Q Workstation Edition,rna004_fast@v6.0.0,8384,2.57017e+08,22498141696
NVIDIA RTX PRO 6000 Blackwell Max-Q Workstation Edition,rna004_fast@v6.0.0,8448,2.55375e+08,22632362496
NVIDIA RTX PRO 6000 Blackwell Max-Q Workstation Edition,rna004_fast@v6.0.0,8512,2.4464e+08,22766583296
NVIDIA RTX PRO 6000 Blackwell Max-Q Workstation Edition,rna004_fast@v6.0.0,8576,2.46259e+08,22892415488
NVIDIA RTX PRO 6000 Blackwell Max-Q Workstation Edition,rna004_fast@v6.0.0,8640,2.47238e+08,23024539136
NVIDIA RTX PRO 6000 Blackwell Max-Q Workstation Edition,rna004_fast@v6.0.0,8704,2.50416e+08,23150371328
NVIDIA RTX PRO 6000 Blackwell Max-Q Workstation Edition,rna004_fast@v6.0.0,8768,2.52193e+08,23282494976
NVIDIA RTX PRO 6000 Blackwell Max-Q Workstation Edition,rna004_fast@v6.0.0,8832,2.53807e+08,23418812928
NVIDIA RTX PRO 6000 Blackwell Max-Q Workstation Edition,rna004_fast@v6.0.0,8896,2.55477e+08,23546742272
NVIDIA RTX PRO 6000 Blackwell Max-Q Workstation Edition,rna004_fast@v6.0.0,8960,2.57283e+08,23676768768
NVIDIA RTX PRO 6000 Blackwell Max-Q Workstation Edition,rna004_fast@v6.0.0,9024,2.55846e+08,23808892416
NVIDIA RTX PRO 6000 Blackwell Max-Q Workstation Edition,rna004_fast@v6.0.0,9088,2.43661e+08,23932627456
NVIDIA RTX PRO 6000 Blackwell Max-Q Workstation Edition,rna004_fast@v6.0.0,9152,2.45906e+08,24066848256
NVIDIA RTX PRO 6000 Blackwell Max-Q Workstation Edition,rna004_fast@v6.0.0,9216,2.47368e+08,24194777600
NVIDIA RTX PRO 6000 Blackwell Max-Q Workstation Edition,rna004_fast@v6.0.0,9280,2.48695e+08,24328998400
NVIDIA RTX PRO 6000 Blackwell Max-Q Workstation Edition,rna004_fast@v6.0.0,9344,2.50467e+08,24461122048
NVIDIA RTX PRO 6000 Blackwell Max-Q Workstation Edition,rna004_fast@v6.0.0,9408,2.5189e+08,24586954240
NVIDIA RTX PRO 6000 Blackwell Max-Q Workstation Edition,rna004_fast@v6.0.0,9472,2.53312e+08,24721175040
NVIDIA RTX PRO 6000 Blackwell Max-Q Workstation Edition,rna004_fast@v6.0.0,9536,2.55087e+08,24847007232
NVIDIA RTX PRO 6000 Blackwell Max-Q Workstation Edition,rna004_fast@v6.0.0,9600,2.56372e+08,24979130880
NVIDIA RTX PRO 6000 Blackwell Max-Q Workstation Edition,rna004_fast@v6.0.0,9664,2.58273e+08,25113351680
NVIDIA RTX PRO 6000 Blackwell Max-Q Workstation Edition,rna004_fast@v6.0.0,9728,2.59771e+08,25241281024
NVIDIA RTX PRO 6000 Blackwell Max-Q Workstation Edition,rna004_fast@v6.0.0,9792,2.61421e+08,25373404672
NVIDIA RTX PRO 6000 Blackwell Max-Q Workstation Edition,rna004_fast@v6.0.0,9856,2.62768e+08,25501334016
NVIDIA RTX PRO 6000 Blackwell Max-Q Workstation Edition,rna004_fast@v6.0.0,9920,2.46875e+08,25631360512
NVIDIA RTX PRO 6000 Blackwell Max-Q Workstation Edition,rna004_fast@v6.0.0,9984,2.48331e+08,25763484160
NVIDIA RTX PRO 6000 Blackwell Max-Q Workstation Edition,rna004_fast@v6.0.0,10048,2.47765e+08,25891413504
NVIDIA RTX PRO 6000 Blackwell Max-Q Workstation Edition,rna004_fast@v6.0.0,10112,2.5108e+08,26027731456
NVIDIA RTX PRO 6000 Blackwell Max-Q Workstation Edition,rna004_fast@v6.0.0,10176,2.4358e+08,26157757952
NVIDIA RTX PRO 6000 Blackwell Max-Q Workstation Edition,rna004_fast@v6.0.0,10240,2.52575e+08,26283590144
NVIDIA RTX PRO 6000 Blackwell Max-Q Workstation Edition,rna004_hac@v6.0.0,64,2.49427e+06,518840832
NVIDIA RTX PRO 6000 Blackwell Max-Q Workstation Edition,rna004_hac@v6.0.0,128,4.98615e+06,1004042752
NVIDIA RTX PRO 6000 Blackwell Max-Q Workstation Edition,rna004_hac@v6.0.0,192,7.38326e+06,1499818496
NVIDIA RTX PRO 6000 Blackwell Max-Q Workstation Edition,rna004_hac@v6.0.0,256,9.71422e+06,1985742336
NVIDIA RTX PRO 6000 Blackwell Max-Q Workstation Edition,rna004_hac@v6.0.0,320,1.19824e+07,2476658688
NVIDIA RTX PRO 6000 Blackwell Max-Q Workstation Edition,rna004_hac@v6.0.0,384,1.40915e+07,2963892736
NVIDIA RTX PRO 6000 Blackwell Max-Q Workstation Edition,rna004_hac@v6.0.0,448,1.65111e+07,3452112384
NVIDIA RTX PRO 6000 Blackwell Max-Q Workstation Edition,rna004_hac@v6.0.0,512,1.88932e+07,3941004288
NVIDIA RTX PRO 6000 Blackwell Max-Q Workstation Edition,rna004_hac@v6.0.0,576,2.1252e+07,4421196288
NVIDIA RTX PRO 6000 Blackwell Max-Q Workstation Edition,rna004_hac@v6.0.0,640,2.29732e+07,4909580800
NVIDIA RTX PRO 6000 Blackwell Max-Q Workstation Edition,rna004_hac@v6.0.0,704,2.52574e+07,5399529472
NVIDIA RTX PRO 6000 Blackwell Max-Q Workstation Edition,rna004_hac@v6.0.0,768,2.64181e+07,5877281792
NVIDIA RTX PRO 6000 Blackwell Max-Q Workstation Edition,rna004_hac@v6.0.0,832,2.77927e+07,6382430208
NVIDIA RTX PRO 6000 Blackwell Max-Q Workstation Edition,rna004_hac@v6.0.0,896,2.85955e+07,6874491392
NVIDIA RTX PRO 6000 Blackwell Max-Q Workstation Edition,rna004_hac@v6.0.0,960,2.96865e+07,7340788736
NVIDIA RTX PRO 6000 Blackwell Max-Q Workstation Edition,rna004_hac@v6.0.0,1024,3.1614e+07,7849400320
NVIDIA RTX PRO 6000 Blackwell Max-Q Workstation Edition,rna004_hac@v6.0.0,1088,3.12959e+07,8332524032
NVIDIA RTX PRO 6000 Blackwell Max-Q Workstation Edition,rna004_hac@v6.0.0,1152,3.27327e+07,8798303744
NVIDIA RTX PRO 6000 Blackwell Max-Q Workstation Edition,rna004_hac@v6.0.0,1216,3.39294e+07,9271672832
NVIDIA RTX PRO 6000 Blackwell Max-Q Workstation Edition,rna004_hac@v6.0.0,1280,3.43623e+07,9783811584
NVIDIA RTX PRO 6000 Blackwell Max-Q Workstation Edition,rna004_hac@v6.0.0,1344,4.28245e+07,10282482176
NVIDIA RTX PRO 6000 Blackwell Max-Q Workstation Edition,rna004_hac@v6.0.0,1408,3.92392e+07,10770415616
NVIDIA RTX PRO 6000 Blackwell Max-Q Workstation Edition,rna004_hac@v6.0.0,1472,2.63856e+07,11262460928
NVIDIA RTX PRO 6000 Blackwell Max-Q Workstation Edition,rna004_hac@v6.0.0,1536,4.43303e+07,11734631936
NVIDIA RTX PRO 6000 Blackwell Max-Q Workstation Edition,rna004_hac@v6.0.0,1600,2.86432e+07,12235813888
NVIDIA RTX PRO 6000 Blackwell Max-Q Workstation Edition,rna004_hac@v6.0.0,1664,4.30291e+07,12670262784
NVIDIA RTX PRO 6000 Blackwell Max-Q Workstation Edition,rna004_hac@v6.0.0,1728,4.81105e+07,13200297984
NVIDIA RTX PRO 6000 Blackwell Max-Q Workstation Edition,rna004_hac@v6.0.0,1792,4.45242e+07,13705620480
NVIDIA RTX PRO 6000 Blackwell Max-Q Workstation Edition,rna004_hac@v6.0.0,1856,2.9606e+07,14186358784
NVIDIA RTX PRO 6000 Blackwell Max-Q Workstation Edition,rna004_hac@v6.0.0,1920,4.96181e+07,14674878464
NVIDIA RTX PRO 6000 Blackwell Max-Q Workstation Edition,rna004_hac@v6.0.0,1984,3.15745e+07,15098153472
NVIDIA RTX PRO 6000 Blackwell Max-Q Workstation Edition,rna004_hac@v6.0.0,2048,4.67445e+07,15635398656
NVIDIA RTX PRO 6000 Blackwell Max-Q Workstation Edition,rna004_hac@v6.0.0,2112,3.15689e+07,16123051520
NVIDIA RTX PRO 6000 Blackwell Max-Q Workstation Edition,rna004_hac@v6.0.0,2176,4.75657e+07,16624018432
NVIDIA RTX PRO 6000 Blackwell Max-Q Workstation Edition,rna004_hac@v6.0.0,2240,3.32576e+07,17043517440
NVIDIA RTX PRO 6000 Blackwell Max-Q Workstation Edition,rna004_hac@v6.0.0,2304,4.80802e+07,17525492224
NVIDIA RTX PRO 6000 Blackwell Max-Q Workstation Edition,rna004_hac@v6.0.0,2368,3.30282e+07,18095492608
NVIDIA RTX PRO 6000 Blackwell Max-Q Workstation Edition,rna004_hac@v6.0.0,2432,5.06883e+07,18561078272
NVIDIA RTX PRO 6000 Blackwell Max-Q Workstation Edition,rna004_hac@v6.0.0,2496,3.47292e+07,18987046912
NVIDIA RTX PRO 6000 Blackwell Max-Q Workstation Edition,rna004_hac@v6.0.0,2560,5.07594e+07,19472235520
NVIDIA RTX PRO 6000 Blackwell Max-Q Workstation Edition,rna004_hac@v6.0.0,2624,3.11553e+07,20040817152
NVIDIA RTX PRO 6000 Blackwell Max-Q Workstation Edition,rna004_hac@v6.0.0,2688,6.6575e+07,20448954368
NVIDIA RTX PRO 6000 Blackwell Max-Q Workstation Edition,rna004_hac@v6.0.0,2752,3.01341e+07,20977675264
NVIDIA RTX PRO 6000 Blackwell Max-Q Workstation Edition,rna004_hac@v6.0.0,2816,3.07687e+07,21415929344
NVIDIA RTX PRO 6000 Blackwell Max-Q Workstation Edition,rna004_hac@v6.0.0,2880,6.2746e+07,21900130816
NVIDIA RTX PRO 6000 Blackwell Max-Q Workstation Edition,rna004_hac@v6.0.0,2944,3.20607e+07,22390425088
NVIDIA RTX PRO 6000 Blackwell Max-Q Workstation Edition,rna004_hac@v6.0.0,3008,3.26657e+07,22879812096
NVIDIA RTX PRO 6000 Blackwell Max-Q Workstation Edition,rna004_hac@v6.0.0,3072,6.97751e+07,23429333504
NVIDIA RTX PRO 6000 Blackwell Max-Q Workstation Edition,rna004_hac@v6.0.0,3136,3.12321e+07,23936936960
NVIDIA RTX PRO 6000 Blackwell Max-Q Workstation Edition,rna004_hac@v6.0.0,3200,6.6451e+07,24399755264
NVIDIA RTX PRO 6000 Blackwell Max-Q Workstation Edition,rna004_hac@v6.0.0,3264,7.10209e+07,24889082368
NVIDIA RTX PRO 6000 Blackwell Max-Q Workstation Edition,rna004_hac@v6.0.0,3328,3.30224e+07,25375352832
NVIDIA RTX PRO 6000 Blackwell Max-Q Workstation Edition,rna004_hac@v6.0.0,3392,3.36406e+07,25865615360
NVIDIA RTX PRO 6000 Blackwell Max-Q Workstation Edition,rna004_hac@v6.0.0,3456,7.09704e+07,26349557248
NVIDIA RTX PRO 6000 Blackwell Max-Q Workstation Edition,rna004_hac@v6.0.0,3520,3.46857e+07,26761783808
NVIDIA RTX PRO 6000 Blackwell Max-Q Workstation Edition,rna004_hac@v6.0.0,3584,3.53708e+07,27248578048
NVIDIA RTX PRO 6000 Blackwell Max-Q Workstation Edition,rna004_hac@v6.0.0,3648,7.55455e+07,27736428032
NVIDIA RTX PRO 6000 Blackwell Max-Q Workstation Edition,rna004_hac@v6.0.0,3712,3.31442e+07,28221068288
NVIDIA RTX PRO 6000 Blackwell Max-Q Workstation Edition,rna004_hac@v6.0.0,3776,3.37773e+07,28697887232
NVIDIA RTX PRO 6000 Blackwell Max-Q Workstation Edition,rna004_hac@v6.0.0,3840,7.56923e+07,29188423168
NVIDIA RTX PRO 6000 Blackwell Max-Q Workstation Edition,rna004_hac@v6.0.0,3904,3.10408e+07,29757411328
NVIDIA RTX PRO 6000 Blackwell Max-Q Workstation Edition,rna004_hac@v6.0.0,3968,4.69583e+07,30247929856
NVIDIA RTX PRO 6000 Blackwell Max-Q Workstation Edition,rna004_hac@v6.0.0,4032,7.93438e+07,30648849920
NVIDIA RTX PRO 6000 Blackwell Max-Q Workstation Edition,rna004_hac@v6.0.0,4096,7.64215e+07,31135630336
NVIDIA RTX PRO 6000 Blackwell Max-Q Workstation Edition,rna004_hac@v6.0.0,4160,3.28322e+07,31707198464
NVIDIA RTX PRO 6000 Blackwell Max-Q Workstation Edition,rna004_hac@v6.0.0,4224,4.59626e+07,32195510784
NVIDIA RTX PRO 6000 Blackwell Max-Q Workstation Edition,rna004_hac@v6.0.0,4288,3.37478e+07,32723433472
NVIDIA RTX PRO 6000 Blackwell Max-Q Workstation Edition,rna004_hac@v6.0.0,4352,7.70995e+07,33167962112
NVIDIA RTX PRO 6000 Blackwell Max-Q Workstation Edition,rna004_hac@v6.0.0,4416,3.08532e+07,33673225728
NVIDIA RTX PRO 6000 Blackwell Max-Q Workstation Edition,rna004_hac@v6.0.0,4480,7.93963e+07,34150843392
NVIDIA RTX PRO 6000 Blackwell Max-Q Workstation Edition,rna004_hac@v6.0.0,4544,3.16395e+07,34541819904
NVIDIA RTX PRO 6000 Blackwell Max-Q Workstation Edition,rna004_hac@v6.0.0,4608,8.05623e+07,35116585984
NVIDIA RTX PRO 6000 Blackwell Max-Q Workstation Edition,rna004_hac@v6.0.0,4672,3.22554e+07,35603339776
NVIDIA RTX PRO 6000 Blackwell Max-Q Workstation Edition,rna004_hac@v6.0.0,4736,4.68445e+07,36108195328
NVIDIA RTX PRO 6000 Blackwell Max-Q Workstation Edition,rna004_hac@v6.0.0,4800,3.32959e+07,36484899840
NVIDIA RTX PRO 6000 Blackwell Max-Q Workstation Edition,rna004_hac@v6.0.0,4864,7.97478e+07,37076774400
NVIDIA RTX PRO 6000 Blackwell Max-Q Workstation Edition,rna004_hac@v6.0.0,4928,3.40795e+07,37450519552
NVIDIA RTX PRO 6000 Blackwell Max-Q Workstation Edition,rna004_hac@v6.0.0,4992,4.92344e+07,38040018944
NVIDIA RTX PRO 6000 Blackwell Max-Q Workstation Edition,rna004_hac@v6.0.0,5056,3.4879e+07,38434824704
NVIDIA RTX PRO 6000 Blackwell Max-Q Workstation Edition,rna004_hac@v6.0.0,5120,8.50108e+07,38911554048
NVIDIA RTX PRO 6000 Blackwell Max-Q Workstation Edition,rna004_hac@v6.0.0,5184,4.61106e+07,39505114624
NVIDIA RTX PRO 6000 Blackwell Max-Q Workstation Edition,rna004_hac@v6.0.0,5248,3.11067e+07,40044101632
NVIDIA RTX PRO 6000 Blackwell Max-Q Workstation Edition,rna004_hac@v6.0.0,5312,3.16049e+07,40476102144
NVIDIA RTX PRO 6000 Blackwell Max-Q Workstation Edition,rna004_hac@v6.0.0,5376,4.75455e+07,40862888448
NVIDIA RTX PRO 6000 Blackwell Max-Q Workstation Edition,rna004_hac@v6.0.0,5440,5.88835e+07,41458252288
NVIDIA RTX PRO 6000 Blackwell Max-Q Workstation Edition,rna004_hac@v6.0.0,5504,3.26052e+07,41946016768
NVIDIA RTX PRO 6000 Blackwell Max-Q Workstation Edition,rna004_hac@v6.0.0,5568,4.93012e+07,42428707328
NVIDIA RTX PRO 6000 Blackwell Max-Q Workstation Edition,rna004_hac@v6.0.0,5632,3.29796e+07,42907221504
NVIDIA RTX PRO 6000 Blackwell Max-Q Workstation Edition,rna004_hac@v6.0.0,5696,3.36516e+07,43291451392
NVIDIA RTX PRO 6000 Blackwell Max-Q Workstation Edition,rna004_hac@v6.0.0,5760,5.07865e+07,43769776640
NVIDIA RTX PRO 6000 Blackwell Max-Q Workstation Edition,rna004_hac@v6.0.0,5824,3.43309e+07,44253333504
NVIDIA RTX PRO 6000 Blackwell Max-Q Workstation Edition,rna004_hac@v6.0.0,5888,3.46277e+07,44742379008
NVIDIA RTX PRO 6000 Blackwell Max-Q Workstation Edition,rna004_hac@v6.0.0,5952,3.50502e+07,45223740416
NVIDIA RTX PRO 6000 Blackwell Max-Q Workstation Edition,rna004_hac@v6.0.0,6016,3.53314e+07,45905354240
NVIDIA RTX PRO 6000 Blackwell Max-Q Workstation Edition,rna004_hac@v6.0.0,6080,5.95782e+07,46200224256
NVIDIA RTX PRO 6000 Blackwell Max-Q Workstation Edition,rna004_hac@v6.0.0,6144,3.06649e+07,46813875712
NVIDIA RTX PRO 6000 Blackwell Max-Q Workstation Edition,rna004_hac@v6.0.0,6208,3.10224e+07,47166973440
NVIDIA RTX PRO 6000 Blackwell Max-Q Workstation Edition,rna004_hac@v6.0.0,6272,3.14115e+07,47775223296
NVIDIA RTX PRO 6000 Blackwell Max-Q Workstation Edition,rna004_hac@v6.0.0,6336,3.16987e+07,48150555648
NVIDIA RTX PRO 6000 Blackwell Max-Q Workstation Edition,rna004_hac@v6.0.0,6400,6.26705e+07,48766435840
NVIDIA RTX PRO 6000 Blackwell Max-Q Workstation Edition,rna004_hac@v6.0.0,6464,3.04883e+07,49246034432
NVIDIA RTX PRO 6000 Blackwell Max-Q Workstation Edition,rna004_hac@v6.0.0,6528,7.01357e+07,49733582336
NVIDIA RTX PRO 6000 Blackwell Max-Q Workstation Edition,rna004_hac@v6.0.0,6592,2.96973e+07,50221499904
NVIDIA RTX PRO 6000 Blackwell Max-Q Workstation Edition,rna004_hac@v6.0.0,6656,4.58468e+07,50776910848
NVIDIA RTX PRO 6000 Blackwell Max-Q Workstation Edition,rna004_hac@v6.0.0,6720,6.54089e+07,51204985856
NVIDIA RTX PRO 6000 Blackwell Max-Q Workstation Edition,rna004_hac@v6.0.0,6784,4.67767e+07,51543586816
NVIDIA RTX PRO 6000 Blackwell Max-Q Workstation Edition,rna004_hac@v6.0.0,6848,3.08781e+07,52167730688
NVIDIA RTX PRO 6000 Blackwell Max-Q Workstation Edition,rna004_hac@v6.0.0,6912,6.77632e+07,52656985600
NVIDIA RTX PRO 6000 Blackwell Max-Q Workstation Edition,rna004_hac@v6.0.0,6976,3.12288e+07,53149110784
NVIDIA RTX PRO 6000 Blackwell Max-Q Workstation Edition,rna004_hac@v6.0.0,7040,4.83265e+07,53489813504
NVIDIA RTX PRO 6000 Blackwell Max-Q Workstation Edition,rna004_hac@v6.0.0,7104,6.95563e+07,54112523264
NVIDIA RTX PRO 6000 Blackwell Max-Q Workstation Edition,rna004_hac@v6.0.0,7168,4.89601e+07,54603451392
NVIDIA RTX PRO 6000 Blackwell Max-Q Workstation Edition,rna004_hac@v6.0.0,7232,3.13671e+07,55106007040
NVIDIA RTX PRO 6000 Blackwell Max-Q Workstation Edition,rna004_hac@v6.0.0,7296,7.09729e+07,55435658752
NVIDIA RTX PRO 6000 Blackwell Max-Q Workstation Edition,rna004_hac@v6.0.0,7360,3.18489e+07,55920192512
NVIDIA RTX PRO 6000 Blackwell Max-Q Workstation Edition,rna004_hac@v6.0.0,7424,5.06838e+07,56552892928
NVIDIA RTX PRO 6000 Blackwell Max-Q Workstation Edition,rna004_hac@v6.0.0,7488,7.29794e+07,56882648576
NVIDIA RTX PRO 6000 Blackwell Max-Q Workstation Edition,rna004_hac@v6.0.0,7552,5.15287e+07,57373672448
NVIDIA RTX PRO 6000 Blackwell Max-Q Workstation Edition,rna004_hac@v6.0.0,7616,3.21129e+07,58021093888
NVIDIA RTX PRO 6000 Blackwell Max-Q Workstation Edition,rna004_hac@v6.0.0,7680,7.45756e+07,58577801728
NVIDIA RTX PRO 6000 Blackwell Max-Q Workstation Edition,rna004_hac@v6.0.0,7744,3.08058e+07,58984450048
NVIDIA RTX PRO 6000 Blackwell Max-Q Workstation Edition,rna004_hac@v6.0.0,7808,3.08091e+07,59472405504
NVIDIA RTX PRO 6000 Blackwell Max-Q Workstation Edition,rna004_hac@v6.0.0,7872,3.09517e+07,59811191296
NVIDIA RTX PRO 6000 Blackwell Max-Q Workstation Edition,rna004_hac@v6.0.0,7936,3.09958e+07,60528983040
NVIDIA RTX PRO 6000 Blackwell Max-Q Workstation Edition,rna004_hac@v6.0.0,8000,3.42837e+07,60944482304
NVIDIA RTX PRO 6000 Blackwell Max-Q Workstation Edition,rna004_hac@v6.0.0,8064,7.84135e+07,61257752064
NVIDIA RTX PRO 6000 Blackwell Max-Q Workstation Edition,rna004_hac@v6.0.0,8128,3.14613e+07,61907046400
NVIDIA RTX PRO 6000 Blackwell Max-Q Workstation Edition,rna004_hac@v6.0.0,8192,3.01989e+07,62407168512
NVIDIA RTX PRO 6000 Blackwell Max-Q Workstation Edition,rna004_hac@v6.0.0,8256,3.15467e+07,62888521728
NVIDIA RTX PRO 6000 Blackwell Max-Q Workstation Edition,rna004_hac@v6.0.0,8320,3.15596e+07,63372283392
NVIDIA RTX PRO 6000 Blackwell Max-Q Workstation Edition,rna004_hac@v6.0.0,8384,3.17026e+07,63853817344
NVIDIA RTX PRO 6000 Blackwell Max-Q Workstation Edition,rna004_hac@v6.0.0,8448,3.15733e+07,64342742016
NVIDIA RTX PRO 6000 Blackwell Max-Q Workstation Edition,rna004_hac@v6.0.0,8512,7.46777e+07,64848023040
NVIDIA RTX PRO 6000 Blackwell Max-Q Workstation Edition,rna004_hac@v6.0.0,8576,3.19153e+07,65326488576
NVIDIA RTX PRO 6000 Blackwell Max-Q Workstation Edition,rna004_hac@v6.0.0,8640,3.23275e+07,65633358848
NVIDIA RTX PRO 6000 Blackwell Max-Q Workstation Edition,rna004_hac@v6.0.0,8704,3.17777e+07,66111289344
NVIDIA RTX PRO 6000 Blackwell Max-Q Workstation Edition,rna004_hac@v6.0.0,8768,3.21971e+07,66773424640
NVIDIA RTX PRO 6000 Blackwell Max-Q Workstation Edition,rna004_hac@v6.0.0,8832,3.22006e+07,67292922880
NVIDIA RTX PRO 6000 Blackwell Max-Q Workstation Edition,rna004_hac@v6.0.0,8896,3.23149e+07,67699512832
NVIDIA RTX PRO 6000 Blackwell Max-Q Workstation Edition,rna004_hac@v6.0.0,8960,7.87088e+07,68146041344
NVIDIA RTX PRO 6000 Blackwell Max-Q Workstation Edition,rna004_hac@v6.0.0,9024,4.29949e+07,68503547392
NVIDIA RTX PRO 6000 Blackwell Max-Q Workstation Edition,rna004_hac@v6.0.0,9088,4.92068e+07,68981712384
NVIDIA RTX PRO 6000 Blackwell Max-Q Workstation Edition,rna004_hac@v6.0.0,9152,3.11906e+07,69798575616
NVIDIA RTX PRO 6000 Blackwell Max-Q Workstation Edition,rna004_hac@v6.0.0,9216,4.90758e+07,70084085248
NVIDIA RTX PRO 6000 Blackwell Max-Q Workstation Edition,rna004_hac@v6.0.0,9280,6.32266e+07,70573777408
NVIDIA RTX PRO 6000 Blackwell Max-Q Workstation Edition,rna004_hac@v6.0.0,9344,4.9794e+07,71252209152
NVIDIA RTX PRO 6000 Blackwell Max-Q Workstation Edition,rna004_hac@v6.0.0,9408,4.9787e+07,71546775552
NVIDIA RTX PRO 6000 Blackwell Max-Q Workstation Edition,rna004_hac@v6.0.0,9472,8.24643e+07,72108297216
NVIDIA RTX PRO 6000 Blackwell Max-Q Workstation Edition,rna004_hac@v6.0.0,9536,3.10089e+07,72523777024
NVIDIA RTX PRO 6000 Blackwell Max-Q Workstation Edition,rna004_hac@v6.0.0,9600,6.51467e+07,73006156288
NVIDIA RTX PRO 6000 Blackwell Max-Q Workstation Edition,rna004_hac@v6.0.0,9664,3.20947e+07,73496267264
NVIDIA RTX PRO 6000 Blackwell Max-Q Workstation Edition,rna004_hac@v6.0.0,9728,7.48955e+07,73838861824
NVIDIA RTX PRO 6000 Blackwell Max-Q Workstation Edition,rna004_hac@v6.0.0,9792,3.22319e+07,74407183360
NVIDIA RTX PRO 6000 Blackwell Max-Q Workstation Edition,rna004_hac@v6.0.0,9856,4.45422e+07,74887321600
NVIDIA RTX PRO 6000 Blackwell Max-Q Workstation Edition,rna004_hac@v6.0.0,9920,3.23836e+07,75300620288
NVIDIA RTX PRO 6000 Blackwell Max-Q Workstation Edition,rna004_hac@v6.0.0,9984,7.79851e+07,75853995520
NVIDIA RTX PRO 6000 Blackwell Max-Q Workstation Edition,rna004_hac@v6.0.0,10048,3.28071e+07,76340509184
NVIDIA RTX PRO 6000 Blackwell Max-Q Workstation Edition,rna004_hac@v6.0.0,10112,5.24365e+07,76764477440
NVIDIA RTX PRO 6000 Blackwell Max-Q Workstation Edition,rna004_hac@v6.0.0,10176,3.35912e+07,77326459392
NVIDIA RTX PRO 6000 Blackwell Max-Q Workstation Edition,rna004_hac@v6.0.0,10240,7.9178e+07,77802440704
NVIDIA RTX PRO 6000 Blackwell Max-Q Workstation Edition,rna004_sup@v6.0.0,32,8.92839e+06,2576172032
NVIDIA RTX PRO 6000 Blackwell Max-Q Workstation Edition,rna004_sup@v6.0.0,64,1.16706e+07,3750611456
NVIDIA RTX PRO 6000 Blackwell Max-Q Workstation Edition,rna004_sup@v6.0.0,96,1.247e+07,4925574656
NVIDIA RTX PRO 6000 Blackwell Max-Q Workstation Edition,rna004_sup@v6.0.0,128,1.3088e+07,6117315584
NVIDIA RTX PRO 6000 Blackwell Max-Q Workstation Edition,rna004_sup@v6.0.0,160,1.34079e+07,7307090432
NVIDIA RTX PRO 6000 Blackwell Max-Q Workstation Edition,rna004_sup@v6.0.0,192,1.32553e+07,8495226880
NVIDIA RTX PRO 6000 Blackwell Max-Q Workstation Edition,rna004_sup@v6.0.0,224,1.34088e+07,9692015104
NVIDIA RTX PRO 6000 Blackwell Max-Q Workstation Edition,rna004_sup@v6.0.0,256,1.34422e+07,10878249984
NVIDIA RTX PRO 6000 Blackwell Max-Q Workstation Edition,rna004_sup@v6.0.0,288,1.35287e+07,12076708352
NVIDIA RTX PRO 6000 Blackwell Max-Q Workstation Edition,rna004_sup@v6.0.0,320,1.35608e+07,13269268480
NVIDIA RTX PRO 6000 Blackwell Max-Q Workstation Edition,rna004_sup@v6.0.0,352,1.36182e+07,14458356736
NVIDIA RTX PRO 6000 Blackwell Max-Q Workstation Edition,rna004_sup@v6.0.0,384,1.3772e+07,15649409536
NVIDIA RTX PRO 6000 Blackwell Max-Q Workstation Edition,rna004_sup@v6.0.0,416,1.3773e+07,16841705984
NVIDIA RTX PRO 6000 Blackwell Max-Q Workstation Edition,rna004_sup@v6.0.0,448,1.36156e+07,18032629760
NVIDIA RTX PRO 6000 Blackwell Max-Q Workstation Edition,rna004_sup@v6.0.0,480,1.32727e+07,19224468992
NVIDIA RTX PRO 6000 Blackwell Max-Q Workstation Edition,rna004_sup@v6.0.0,512,1.32279e+07,20417684480
NVIDIA RTX PRO 6000 Blackwell Max-Q Workstation Edition,rna004_sup@v6.0.0,544,1.40027e+07,21611717120
NVIDIA RTX PRO 6000 Blackwell Max-Q Workstation Edition,rna004_sup@v6.0.0,576,1.32792e+07,22801164288
NVIDIA RTX PRO 6000 Blackwell Max-Q Workstation Edition,rna004_sup@v6.0.0,608,1.39615e+07,23995037696
NVIDIA RTX PRO 6000 Blackwell Max-Q Workstation Edition,rna004_sup@v6.0.0,640,1.30151e+07,25186090496
NVIDIA RTX PRO 6000 Blackwell Max-Q Workstation Edition,rna004_sup@v6.0.0,672,1.36149e+07,26377537024
NVIDIA RTX PRO 6000 Blackwell Max-Q Workstation Edition,rna004_sup@v6.0.0,704,1.30273e+07,27566492672
NVIDIA RTX PRO 6000 Blackwell Max-Q Workstation Edition,rna004_sup@v6.0.0,736,1.35684e+07,28758004224
NVIDIA RTX PRO 6000 Blackwell Max-Q Workstation Edition,rna004_sup@v6.0.0,768,1.40882e+07,29953447936
NVIDIA RTX PRO 6000 Blackwell Max-Q Workstation Edition,rna004_sup@v6.0.0,800,1.33114e+07,31145549824
NVIDIA RTX PRO 6000 Blackwell Max-Q Workstation Edition,rna004_sup@v6.0.0,832,1.38075e+07,32334505472
